/muneeb-mbytes/axi4_avip,muneeb-mbytes/axi4_avip: Development of AXI4 Accelerated VIP,16,14
/muneeb-mbytes/axi4_avip/blob/production/src/hvl_top/master/axi4_master_tx.sv,axi4_avip/src/hvl_top/master/axi4_master_tx.sv at production · muneeb-mbytes/...,14,1
/muneeb-mbytes/axi4_avip/tree/production/doc,axi4_avip/doc at production · muneeb-mbytes/axi4_avip · GitHub,12,3
/muneeb-mbytes/axi4_avip/tree/production/src,axi4_avip/src at production · muneeb-mbytes/axi4_avip · GitHub,11,5
/muneeb-mbytes/axi4_avip/blob/production/src/hdl_top/master_agent_bfm/axi4_master_driver_bfm.sv,axi4_avip/src/hdl_top/master_agent_bfm/axi4_master_driver_bfm.sv at productio...,10,2
/muneeb-mbytes/axi4_avip/blob/production/src/hdl_top/master_agent_bfm/axi4_master_monitor_bfm.sv,axi4_avip/src/hdl_top/master_agent_bfm/axi4_master_monitor_bfm.sv at producti...,10,1
/muneeb-mbytes/axi4_avip/blob/production/src/hvl_top/master/axi4_master_agent_config.sv,axi4_avip/src/hvl_top/master/axi4_master_agent_config.sv at production · mune...,10,1
/muneeb-mbytes/axi4_avip/blob/production/src/hvl_top/slave/axi4_slave_driver_proxy.sv,axi4_avip/src/hvl_top/slave/axi4_slave_driver_proxy.sv at production · muneeb...,10,1
/muneeb-mbytes/axi4_avip/tree/production/src/hdl_top/master_agent_bfm,axi4_avip/src/hdl_top/master_agent_bfm at production · muneeb-mbytes/axi4_avip,8,3
/muneeb-mbytes/axi4_avip/blob/production/src/hvl_top/slave/axi4_slave_agent.sv,axi4_avip/src/hvl_top/slave/axi4_slave_agent.sv at production · muneeb-mbytes...,8,1
/muneeb-mbytes/axi4_avip,muneeb-mbytes/axi4_avip: Development of AXI4 Accelerated VIP,16,14
/muneeb-mbytes/axi4_avip/blob/production/src/hvl_top/master/axi4_master_tx.sv,axi4_avip/src/hvl_top/master/axi4_master_tx.sv at production · muneeb-mbytes/...,14,1
/muneeb-mbytes/axi4_avip/tree/production/doc,axi4_avip/doc at production · muneeb-mbytes/axi4_avip · GitHub,12,3
/muneeb-mbytes/axi4_avip/tree/production/src,axi4_avip/src at production · muneeb-mbytes/axi4_avip · GitHub,11,5
/muneeb-mbytes/axi4_avip/blob/production/src/hdl_top/master_agent_bfm/axi4_master_driver_bfm.sv,axi4_avip/src/hdl_top/master_agent_bfm/axi4_master_driver_bfm.sv at productio...,10,2
/muneeb-mbytes/axi4_avip/blob/production/src/hdl_top/master_agent_bfm/axi4_master_monitor_bfm.sv,axi4_avip/src/hdl_top/master_agent_bfm/axi4_master_monitor_bfm.sv at producti...,10,1
/muneeb-mbytes/axi4_avip/blob/production/src/hvl_top/master/axi4_master_agent_config.sv,axi4_avip/src/hvl_top/master/axi4_master_agent_config.sv at production · mune...,10,1
/muneeb-mbytes/axi4_avip/blob/production/src/hvl_top/slave/axi4_slave_driver_proxy.sv,axi4_avip/src/hvl_top/slave/axi4_slave_driver_proxy.sv at production · muneeb...,10,1
/muneeb-mbytes/axi4_avip/tree/production/src/hdl_top/master_agent_bfm,axi4_avip/src/hdl_top/master_agent_bfm at production · muneeb-mbytes/axi4_avip,8,3
/muneeb-mbytes/axi4_avip/blob/production/src/hvl_top/slave/axi4_slave_agent.sv,axi4_avip/src/hvl_top/slave/axi4_slave_agent.sv at production · muneeb-mbytes...,8,1
/muneeb-mbytes/axi4_avip,muneeb-mbytes/axi4_avip: Development of AXI4 Accelerated VIP,16,14
/muneeb-mbytes/axi4_avip/blob/production/src/hvl_top/master/axi4_master_tx.sv,axi4_avip/src/hvl_top/master/axi4_master_tx.sv at production · muneeb-mbytes/...,14,1
/muneeb-mbytes/axi4_avip/tree/production/doc,axi4_avip/doc at production · muneeb-mbytes/axi4_avip · GitHub,12,3
/muneeb-mbytes/axi4_avip/tree/production/src,axi4_avip/src at production · muneeb-mbytes/axi4_avip · GitHub,11,5
/muneeb-mbytes/axi4_avip/blob/production/src/hdl_top/master_agent_bfm/axi4_master_driver_bfm.sv,axi4_avip/src/hdl_top/master_agent_bfm/axi4_master_driver_bfm.sv at productio...,10,2
/muneeb-mbytes/axi4_avip/blob/production/src/hdl_top/master_agent_bfm/axi4_master_monitor_bfm.sv,axi4_avip/src/hdl_top/master_agent_bfm/axi4_master_monitor_bfm.sv at producti...,10,1
/muneeb-mbytes/axi4_avip/blob/production/src/hvl_top/master/axi4_master_agent_config.sv,axi4_avip/src/hvl_top/master/axi4_master_agent_config.sv at production · mune...,10,1
/muneeb-mbytes/axi4_avip/blob/production/src/hvl_top/slave/axi4_slave_driver_proxy.sv,axi4_avip/src/hvl_top/slave/axi4_slave_driver_proxy.sv at production · muneeb...,10,1
/muneeb-mbytes/axi4_avip/tree/production/src/hdl_top/master_agent_bfm,axi4_avip/src/hdl_top/master_agent_bfm at production · muneeb-mbytes/axi4_avip,8,3
/muneeb-mbytes/axi4_avip/blob/production/src/hvl_top/slave/axi4_slave_agent.sv,axi4_avip/src/hvl_top/slave/axi4_slave_agent.sv at production · muneeb-mbytes...,8,1
/muneeb-mbytes/axi4_avip,muneeb-mbytes/axi4_avip: Development of AXI4 Accelerated VIP,16,14
/muneeb-mbytes/axi4_avip/blob/production/src/hvl_top/master/axi4_master_tx.sv,axi4_avip/src/hvl_top/master/axi4_master_tx.sv at production · muneeb-mbytes/...,14,1
/muneeb-mbytes/axi4_avip/tree/production/doc,axi4_avip/doc at production · muneeb-mbytes/axi4_avip · GitHub,12,3
/muneeb-mbytes/axi4_avip/tree/production/src,axi4_avip/src at production · muneeb-mbytes/axi4_avip · GitHub,11,5
/muneeb-mbytes/axi4_avip/blob/production/src/hdl_top/master_agent_bfm/axi4_master_driver_bfm.sv,axi4_avip/src/hdl_top/master_agent_bfm/axi4_master_driver_bfm.sv at productio...,10,2
/muneeb-mbytes/axi4_avip/blob/production/src/hdl_top/master_agent_bfm/axi4_master_monitor_bfm.sv,axi4_avip/src/hdl_top/master_agent_bfm/axi4_master_monitor_bfm.sv at producti...,10,1
/muneeb-mbytes/axi4_avip/blob/production/src/hvl_top/master/axi4_master_agent_config.sv,axi4_avip/src/hvl_top/master/axi4_master_agent_config.sv at production · mune...,10,1
/muneeb-mbytes/axi4_avip/blob/production/src/hvl_top/slave/axi4_slave_driver_proxy.sv,axi4_avip/src/hvl_top/slave/axi4_slave_driver_proxy.sv at production · muneeb...,10,1
/muneeb-mbytes/axi4_avip/tree/production/src/hdl_top/master_agent_bfm,axi4_avip/src/hdl_top/master_agent_bfm at production · muneeb-mbytes/axi4_avip,8,3
/muneeb-mbytes/axi4_avip/blob/production/src/hvl_top/slave/axi4_slave_agent.sv,axi4_avip/src/hvl_top/slave/axi4_slave_agent.sv at production · muneeb-mbytes...,8,1
/muneeb-mbytes/axi4_avip,muneeb-mbytes/axi4_avip: Development of AXI4 Accelerated VIP,16,14
/muneeb-mbytes/axi4_avip/blob/production/src/hvl_top/master/axi4_master_tx.sv,axi4_avip/src/hvl_top/master/axi4_master_tx.sv at production · muneeb-mbytes/...,14,1
/muneeb-mbytes/axi4_avip/tree/production/doc,axi4_avip/doc at production · muneeb-mbytes/axi4_avip · GitHub,12,3
/muneeb-mbytes/axi4_avip/tree/production/src,axi4_avip/src at production · muneeb-mbytes/axi4_avip · GitHub,11,5
/muneeb-mbytes/axi4_avip/blob/production/src/hdl_top/master_agent_bfm/axi4_master_driver_bfm.sv,axi4_avip/src/hdl_top/master_agent_bfm/axi4_master_driver_bfm.sv at productio...,10,2
/muneeb-mbytes/axi4_avip/blob/production/src/hdl_top/master_agent_bfm/axi4_master_monitor_bfm.sv,axi4_avip/src/hdl_top/master_agent_bfm/axi4_master_monitor_bfm.sv at producti...,10,1
/muneeb-mbytes/axi4_avip/blob/production/src/hvl_top/master/axi4_master_agent_config.sv,axi4_avip/src/hvl_top/master/axi4_master_agent_config.sv at production · mune...,10,1
/muneeb-mbytes/axi4_avip/blob/production/src/hvl_top/slave/axi4_slave_driver_proxy.sv,axi4_avip/src/hvl_top/slave/axi4_slave_driver_proxy.sv at production · muneeb...,10,1
/muneeb-mbytes/axi4_avip/tree/production/src/hdl_top/master_agent_bfm,axi4_avip/src/hdl_top/master_agent_bfm at production · muneeb-mbytes/axi4_avip,8,3
/muneeb-mbytes/axi4_avip/blob/production/src/hvl_top/slave/axi4_slave_agent.sv,axi4_avip/src/hvl_top/slave/axi4_slave_agent.sv at production · muneeb-mbytes...,8,1
/muneeb-mbytes/axi4_avip,muneeb-mbytes/axi4_avip: Development of AXI4 Accelerated VIP,16,14
/muneeb-mbytes/axi4_avip/blob/production/src/hvl_top/master/axi4_master_tx.sv,axi4_avip/src/hvl_top/master/axi4_master_tx.sv at production · muneeb-mbytes/...,14,1
/muneeb-mbytes/axi4_avip/tree/production/doc,axi4_avip/doc at production · muneeb-mbytes/axi4_avip · GitHub,12,3
/muneeb-mbytes/axi4_avip/tree/production/src,axi4_avip/src at production · muneeb-mbytes/axi4_avip · GitHub,11,5
/muneeb-mbytes/axi4_avip/blob/production/src/hdl_top/master_agent_bfm/axi4_master_driver_bfm.sv,axi4_avip/src/hdl_top/master_agent_bfm/axi4_master_driver_bfm.sv at productio...,10,2
/muneeb-mbytes/axi4_avip/blob/production/src/hdl_top/master_agent_bfm/axi4_master_monitor_bfm.sv,axi4_avip/src/hdl_top/master_agent_bfm/axi4_master_monitor_bfm.sv at producti...,10,1
/muneeb-mbytes/axi4_avip/blob/production/src/hvl_top/master/axi4_master_agent_config.sv,axi4_avip/src/hvl_top/master/axi4_master_agent_config.sv at production · mune...,10,1
/muneeb-mbytes/axi4_avip/blob/production/src/hvl_top/slave/axi4_slave_driver_proxy.sv,axi4_avip/src/hvl_top/slave/axi4_slave_driver_proxy.sv at production · muneeb...,10,1
/muneeb-mbytes/axi4_avip/tree/production/src/hdl_top/master_agent_bfm,axi4_avip/src/hdl_top/master_agent_bfm at production · muneeb-mbytes/axi4_avip,8,3
/muneeb-mbytes/axi4_avip/blob/production/src/hvl_top/slave/axi4_slave_agent.sv,axi4_avip/src/hvl_top/slave/axi4_slave_agent.sv at production · muneeb-mbytes...,8,1
/muneeb-mbytes/axi4_avip,muneeb-mbytes/axi4_avip: Development of AXI4 Accelerated VIP,16,14
/muneeb-mbytes/axi4_avip/blob/production/src/hvl_top/master/axi4_master_tx.sv,axi4_avip/src/hvl_top/master/axi4_master_tx.sv at production · muneeb-mbytes/...,14,1
/muneeb-mbytes/axi4_avip/tree/production/doc,axi4_avip/doc at production · muneeb-mbytes/axi4_avip · GitHub,12,3
/muneeb-mbytes/axi4_avip/tree/production/src,axi4_avip/src at production · muneeb-mbytes/axi4_avip · GitHub,11,5
/muneeb-mbytes/axi4_avip/blob/production/src/hdl_top/master_agent_bfm/axi4_master_driver_bfm.sv,axi4_avip/src/hdl_top/master_agent_bfm/axi4_master_driver_bfm.sv at productio...,10,2
/muneeb-mbytes/axi4_avip/blob/production/src/hdl_top/master_agent_bfm/axi4_master_monitor_bfm.sv,axi4_avip/src/hdl_top/master_agent_bfm/axi4_master_monitor_bfm.sv at producti...,10,1
/muneeb-mbytes/axi4_avip/blob/production/src/hvl_top/master/axi4_master_agent_config.sv,axi4_avip/src/hvl_top/master/axi4_master_agent_config.sv at production · mune...,10,1
/muneeb-mbytes/axi4_avip/blob/production/src/hvl_top/slave/axi4_slave_driver_proxy.sv,axi4_avip/src/hvl_top/slave/axi4_slave_driver_proxy.sv at production · muneeb...,10,1
/muneeb-mbytes/axi4_avip/tree/production/src/hdl_top/master_agent_bfm,axi4_avip/src/hdl_top/master_agent_bfm at production · muneeb-mbytes/axi4_avip,8,3
/muneeb-mbytes/axi4_avip/blob/production/src/hvl_top/slave/axi4_slave_agent.sv,axi4_avip/src/hvl_top/slave/axi4_slave_agent.sv at production · muneeb-mbytes...,8,1
/muneeb-mbytes/axi4_avip,muneeb-mbytes/axi4_avip: Development of AXI4 Accelerated VIP,16,14
/muneeb-mbytes/axi4_avip/blob/production/src/hvl_top/master/axi4_master_tx.sv,axi4_avip/src/hvl_top/master/axi4_master_tx.sv at production · muneeb-mbytes/...,14,1
/muneeb-mbytes/axi4_avip/tree/production/doc,axi4_avip/doc at production · muneeb-mbytes/axi4_avip · GitHub,12,3
/muneeb-mbytes/axi4_avip/tree/production/src,axi4_avip/src at production · muneeb-mbytes/axi4_avip · GitHub,11,5
/muneeb-mbytes/axi4_avip/blob/production/src/hdl_top/master_agent_bfm/axi4_master_driver_bfm.sv,axi4_avip/src/hdl_top/master_agent_bfm/axi4_master_driver_bfm.sv at productio...,10,2
/muneeb-mbytes/axi4_avip/blob/production/src/hdl_top/master_agent_bfm/axi4_master_monitor_bfm.sv,axi4_avip/src/hdl_top/master_agent_bfm/axi4_master_monitor_bfm.sv at producti...,10,1
/muneeb-mbytes/axi4_avip/blob/production/src/hvl_top/master/axi4_master_agent_config.sv,axi4_avip/src/hvl_top/master/axi4_master_agent_config.sv at production · mune...,10,1
/muneeb-mbytes/axi4_avip/blob/production/src/hvl_top/slave/axi4_slave_driver_proxy.sv,axi4_avip/src/hvl_top/slave/axi4_slave_driver_proxy.sv at production · muneeb...,10,1
/muneeb-mbytes/axi4_avip/tree/production/src/hdl_top/master_agent_bfm,axi4_avip/src/hdl_top/master_agent_bfm at production · muneeb-mbytes/axi4_avip,8,3
/muneeb-mbytes/axi4_avip/blob/production/src/hvl_top/slave/axi4_slave_agent.sv,axi4_avip/src/hvl_top/slave/axi4_slave_agent.sv at production · muneeb-mbytes...,8,1
/muneeb-mbytes/axi4_avip,muneeb-mbytes/axi4_avip: Development of AXI4 Accelerated VIP,16,14
/muneeb-mbytes/axi4_avip/blob/production/src/hvl_top/master/axi4_master_tx.sv,axi4_avip/src/hvl_top/master/axi4_master_tx.sv at production · muneeb-mbytes/...,14,1
/muneeb-mbytes/axi4_avip/tree/production/doc,axi4_avip/doc at production · muneeb-mbytes/axi4_avip · GitHub,12,3
/muneeb-mbytes/axi4_avip/tree/production/src,axi4_avip/src at production · muneeb-mbytes/axi4_avip · GitHub,11,5
/muneeb-mbytes/axi4_avip/blob/production/src/hdl_top/master_agent_bfm/axi4_master_driver_bfm.sv,axi4_avip/src/hdl_top/master_agent_bfm/axi4_master_driver_bfm.sv at productio...,10,2
/muneeb-mbytes/axi4_avip/blob/production/src/hdl_top/master_agent_bfm/axi4_master_monitor_bfm.sv,axi4_avip/src/hdl_top/master_agent_bfm/axi4_master_monitor_bfm.sv at producti...,10,1
/muneeb-mbytes/axi4_avip/blob/production/src/hvl_top/master/axi4_master_agent_config.sv,axi4_avip/src/hvl_top/master/axi4_master_agent_config.sv at production · mune...,10,1
/muneeb-mbytes/axi4_avip/blob/production/src/hvl_top/slave/axi4_slave_driver_proxy.sv,axi4_avip/src/hvl_top/slave/axi4_slave_driver_proxy.sv at production · muneeb...,10,1
/muneeb-mbytes/axi4_avip/tree/production/src/hdl_top/master_agent_bfm,axi4_avip/src/hdl_top/master_agent_bfm at production · muneeb-mbytes/axi4_avip,8,3
/muneeb-mbytes/axi4_avip/blob/production/src/hvl_top/slave/axi4_slave_agent.sv,axi4_avip/src/hvl_top/slave/axi4_slave_agent.sv at production · muneeb-mbytes...,8,1
/muneeb-mbytes/axi4_avip,muneeb-mbytes/axi4_avip: Development of AXI4 Accelerated VIP,16,14
/muneeb-mbytes/axi4_avip/blob/production/src/hvl_top/master/axi4_master_tx.sv,axi4_avip/src/hvl_top/master/axi4_master_tx.sv at production · muneeb-mbytes/...,14,1
/muneeb-mbytes/axi4_avip/tree/production/doc,axi4_avip/doc at production · muneeb-mbytes/axi4_avip · GitHub,12,3
/muneeb-mbytes/axi4_avip/tree/production/src,axi4_avip/src at production · muneeb-mbytes/axi4_avip · GitHub,11,5
/muneeb-mbytes/axi4_avip/blob/production/src/hdl_top/master_agent_bfm/axi4_master_driver_bfm.sv,axi4_avip/src/hdl_top/master_agent_bfm/axi4_master_driver_bfm.sv at productio...,10,2
/muneeb-mbytes/axi4_avip/blob/production/src/hdl_top/master_agent_bfm/axi4_master_monitor_bfm.sv,axi4_avip/src/hdl_top/master_agent_bfm/axi4_master_monitor_bfm.sv at producti...,10,1
/muneeb-mbytes/axi4_avip/blob/production/src/hvl_top/master/axi4_master_agent_config.sv,axi4_avip/src/hvl_top/master/axi4_master_agent_config.sv at production · mune...,10,1
/muneeb-mbytes/axi4_avip/blob/production/src/hvl_top/slave/axi4_slave_driver_proxy.sv,axi4_avip/src/hvl_top/slave/axi4_slave_driver_proxy.sv at production · muneeb...,10,1
/muneeb-mbytes/axi4_avip/tree/production/src/hdl_top/master_agent_bfm,axi4_avip/src/hdl_top/master_agent_bfm at production · muneeb-mbytes/axi4_avip,8,3
/muneeb-mbytes/axi4_avip/blob/production/src/hvl_top/slave/axi4_slave_agent.sv,axi4_avip/src/hvl_top/slave/axi4_slave_agent.sv at production · muneeb-mbytes...,8,1
