/muneeb-mbytes/collector,muneeb-mbytes/collector: Testing project,6,4
/muneeb-mbytes/collector/pull/6,fixed empty file issue by axyrai · Pull Request #6 · muneeb-mbytes/collector,3,1
/muneeb-mbytes/collector/pulls,Pull requests · muneeb-mbytes/collector,2,1
/muneeb-mbytes/collector/tree/production/csvOutput,collector/csvOutput at production · muneeb-mbytes/collector,2,1
/muneeb-mbytes/collector/tree/production/scripts,collector/scripts at production · muneeb-mbytes/collector,2,1
/muneeb-mbytes/collector/issues,Issues · muneeb-mbytes/collector,1,1
/muneeb-mbytes/collector/issues/5,"Add clones, popular path and referrals · Issue #5 · muneeb-mbytes/collector",1,1
/muneeb-mbytes/collector/projects,Projects · collector,1,1
/muneeb-mbytes/collector/pull/6/commits,fixed empty file issue by axyrai · Pull Request #6 · muneeb-mbytes/collector,1,1
/muneeb-mbytes/collector/pull/6/files,fixed empty file issue by axyrai · Pull Request #6 · muneeb-mbytes/collector,1,1
/muneeb-mbytes/collector,muneeb-mbytes/collector: Testing project,6,4
/muneeb-mbytes/collector/pull/6,fixed empty file issue by axyrai · Pull Request #6 · muneeb-mbytes/collector,3,1
/muneeb-mbytes/collector/pulls,Pull requests · muneeb-mbytes/collector,2,1
/muneeb-mbytes/collector/tree/production/csvOutput,collector/csvOutput at production · muneeb-mbytes/collector,2,1
/muneeb-mbytes/collector/tree/production/scripts,collector/scripts at production · muneeb-mbytes/collector,2,1
/muneeb-mbytes/collector/issues,Issues · muneeb-mbytes/collector,1,1
/muneeb-mbytes/collector/issues/5,"Add clones, popular path and referrals · Issue #5 · muneeb-mbytes/collector",1,1
/muneeb-mbytes/collector/projects,Projects · collector,1,1
/muneeb-mbytes/collector/pull/6/commits,fixed empty file issue by axyrai · Pull Request #6 · muneeb-mbytes/collector,1,1
/muneeb-mbytes/collector/pull/6/files,fixed empty file issue by axyrai · Pull Request #6 · muneeb-mbytes/collector,1,1
/muneeb-mbytes/collector,muneeb-mbytes/collector: Testing project,6,4
/muneeb-mbytes/collector/pull/6,fixed empty file issue by axyrai · Pull Request #6 · muneeb-mbytes/collector,3,1
/muneeb-mbytes/collector/pulls,Pull requests · muneeb-mbytes/collector,2,1
/muneeb-mbytes/collector/tree/production/csvOutput,collector/csvOutput at production · muneeb-mbytes/collector,2,1
/muneeb-mbytes/collector/tree/production/scripts,collector/scripts at production · muneeb-mbytes/collector,2,1
/muneeb-mbytes/collector/issues,Issues · muneeb-mbytes/collector,1,1
/muneeb-mbytes/collector/issues/5,"Add clones, popular path and referrals · Issue #5 · muneeb-mbytes/collector",1,1
/muneeb-mbytes/collector/projects,Projects · collector,1,1
/muneeb-mbytes/collector/pull/6/commits,fixed empty file issue by axyrai · Pull Request #6 · muneeb-mbytes/collector,1,1
/muneeb-mbytes/collector/pull/6/files,fixed empty file issue by axyrai · Pull Request #6 · muneeb-mbytes/collector,1,1
/muneeb-mbytes/collector,muneeb-mbytes/collector: Testing project,6,4
/muneeb-mbytes/collector/pull/6,fixed empty file issue by axyrai · Pull Request #6 · muneeb-mbytes/collector,3,1
/muneeb-mbytes/collector/pulls,Pull requests · muneeb-mbytes/collector,2,1
/muneeb-mbytes/collector/tree/production/csvOutput,collector/csvOutput at production · muneeb-mbytes/collector,2,1
/muneeb-mbytes/collector/tree/production/scripts,collector/scripts at production · muneeb-mbytes/collector,2,1
/muneeb-mbytes/collector/issues,Issues · muneeb-mbytes/collector,1,1
/muneeb-mbytes/collector/issues/5,"Add clones, popular path and referrals · Issue #5 · muneeb-mbytes/collector",1,1
/muneeb-mbytes/collector/projects,Projects · collector,1,1
/muneeb-mbytes/collector/pull/6/commits,fixed empty file issue by axyrai · Pull Request #6 · muneeb-mbytes/collector,1,1
/muneeb-mbytes/collector/pull/6/files,fixed empty file issue by axyrai · Pull Request #6 · muneeb-mbytes/collector,1,1
/muneeb-mbytes/collector,muneeb-mbytes/collector: Testing project,6,4
/muneeb-mbytes/collector/pull/6,fixed empty file issue by axyrai · Pull Request #6 · muneeb-mbytes/collector,3,1
/muneeb-mbytes/collector/pulls,Pull requests · muneeb-mbytes/collector,2,1
/muneeb-mbytes/collector/tree/production/csvOutput,collector/csvOutput at production · muneeb-mbytes/collector,2,1
/muneeb-mbytes/collector/tree/production/scripts,collector/scripts at production · muneeb-mbytes/collector,2,1
/muneeb-mbytes/collector/issues,Issues · muneeb-mbytes/collector,1,1
/muneeb-mbytes/collector/issues/5,"Add clones, popular path and referrals · Issue #5 · muneeb-mbytes/collector",1,1
/muneeb-mbytes/collector/projects,Projects · collector,1,1
/muneeb-mbytes/collector/pull/6/commits,fixed empty file issue by axyrai · Pull Request #6 · muneeb-mbytes/collector,1,1
/muneeb-mbytes/collector/pull/6/files,fixed empty file issue by axyrai · Pull Request #6 · muneeb-mbytes/collector,1,1
/muneeb-mbytes/collector,muneeb-mbytes/collector: Testing project,6,4
/muneeb-mbytes/collector/pull/6,fixed empty file issue by axyrai · Pull Request #6 · muneeb-mbytes/collector,3,1
/muneeb-mbytes/collector/pulls,Pull requests · muneeb-mbytes/collector,2,1
/muneeb-mbytes/collector/tree/production/csvOutput,collector/csvOutput at production · muneeb-mbytes/collector,2,1
/muneeb-mbytes/collector/tree/production/scripts,collector/scripts at production · muneeb-mbytes/collector,2,1
/muneeb-mbytes/collector/issues,Issues · muneeb-mbytes/collector,1,1
/muneeb-mbytes/collector/issues/5,"Add clones, popular path and referrals · Issue #5 · muneeb-mbytes/collector",1,1
/muneeb-mbytes/collector/projects,Projects · collector,1,1
/muneeb-mbytes/collector/pull/6/commits,fixed empty file issue by axyrai · Pull Request #6 · muneeb-mbytes/collector,1,1
/muneeb-mbytes/collector/pull/6/files,fixed empty file issue by axyrai · Pull Request #6 · muneeb-mbytes/collector,1,1
/muneeb-mbytes/collector,muneeb-mbytes/collector: Testing project,6,4
/muneeb-mbytes/collector/pull/6,fixed empty file issue by axyrai · Pull Request #6 · muneeb-mbytes/collector,3,1
/muneeb-mbytes/collector/pulls,Pull requests · muneeb-mbytes/collector,2,1
/muneeb-mbytes/collector/tree/production/csvOutput,collector/csvOutput at production · muneeb-mbytes/collector,2,1
/muneeb-mbytes/collector/tree/production/scripts,collector/scripts at production · muneeb-mbytes/collector,2,1
/muneeb-mbytes/collector/issues,Issues · muneeb-mbytes/collector,1,1
/muneeb-mbytes/collector/issues/5,"Add clones, popular path and referrals · Issue #5 · muneeb-mbytes/collector",1,1
/muneeb-mbytes/collector/projects,Projects · collector,1,1
/muneeb-mbytes/collector/pull/6/commits,fixed empty file issue by axyrai · Pull Request #6 · muneeb-mbytes/collector,1,1
/muneeb-mbytes/collector/pull/6/files,fixed empty file issue by axyrai · Pull Request #6 · muneeb-mbytes/collector,1,1
/muneeb-mbytes/collector,muneeb-mbytes/collector: Testing project,6,4
/muneeb-mbytes/collector/pull/6,fixed empty file issue by axyrai · Pull Request #6 · muneeb-mbytes/collector,3,1
/muneeb-mbytes/collector/pulls,Pull requests · muneeb-mbytes/collector,2,1
/muneeb-mbytes/collector/tree/production/csvOutput,collector/csvOutput at production · muneeb-mbytes/collector,2,1
/muneeb-mbytes/collector/tree/production/scripts,collector/scripts at production · muneeb-mbytes/collector,2,1
/muneeb-mbytes/collector/issues,Issues · muneeb-mbytes/collector,1,1
/muneeb-mbytes/collector/issues/5,"Add clones, popular path and referrals · Issue #5 · muneeb-mbytes/collector",1,1
/muneeb-mbytes/collector/projects,Projects · collector,1,1
/muneeb-mbytes/collector/pull/6/commits,fixed empty file issue by axyrai · Pull Request #6 · muneeb-mbytes/collector,1,1
/muneeb-mbytes/collector/pull/6/files,fixed empty file issue by axyrai · Pull Request #6 · muneeb-mbytes/collector,1,1
/muneeb-mbytes/collector,muneeb-mbytes/collector: Testing project,6,4
/muneeb-mbytes/collector/pull/6,fixed empty file issue by axyrai · Pull Request #6 · muneeb-mbytes/collector,3,1
/muneeb-mbytes/collector/pulls,Pull requests · muneeb-mbytes/collector,2,1
/muneeb-mbytes/collector/tree/production/csvOutput,collector/csvOutput at production · muneeb-mbytes/collector,2,1
/muneeb-mbytes/collector/tree/production/scripts,collector/scripts at production · muneeb-mbytes/collector,2,1
/muneeb-mbytes/collector/issues,Issues · muneeb-mbytes/collector,1,1
/muneeb-mbytes/collector/issues/5,"Add clones, popular path and referrals · Issue #5 · muneeb-mbytes/collector",1,1
/muneeb-mbytes/collector/projects,Projects · collector,1,1
/muneeb-mbytes/collector/pull/6/commits,fixed empty file issue by axyrai · Pull Request #6 · muneeb-mbytes/collector,1,1
/muneeb-mbytes/collector/pull/6/files,fixed empty file issue by axyrai · Pull Request #6 · muneeb-mbytes/collector,1,1
/muneeb-mbytes/collector,muneeb-mbytes/collector: Testing project,6,4
/muneeb-mbytes/collector/pull/6,fixed empty file issue by axyrai · Pull Request #6 · muneeb-mbytes/collector,3,1
/muneeb-mbytes/collector/pulls,Pull requests · muneeb-mbytes/collector,2,1
/muneeb-mbytes/collector/tree/production/csvOutput,collector/csvOutput at production · muneeb-mbytes/collector,2,1
/muneeb-mbytes/collector/tree/production/scripts,collector/scripts at production · muneeb-mbytes/collector,2,1
/muneeb-mbytes/collector/issues,Issues · muneeb-mbytes/collector,1,1
/muneeb-mbytes/collector/issues/5,"Add clones, popular path and referrals · Issue #5 · muneeb-mbytes/collector",1,1
/muneeb-mbytes/collector/projects,Projects · collector,1,1
/muneeb-mbytes/collector/pull/6/commits,fixed empty file issue by axyrai · Pull Request #6 · muneeb-mbytes/collector,1,1
/muneeb-mbytes/collector/pull/6/files,fixed empty file issue by axyrai · Pull Request #6 · muneeb-mbytes/collector,1,1
