/muneeb-mbytes/computerArchitectureCourse/wiki/MIPS-Instruction,MIPS Instruction · muneeb-mbytes/computerArchitectureCourse Wiki,92,11
/muneeb-mbytes/computerArchitectureCourse/wiki,Home · muneeb-mbytes/computerArchitectureCourse Wiki · GitHub,45,16
/muneeb-mbytes/computerArchitectureCourse,muneeb-mbytes/computerArchitectureCourse,39,16
/muneeb-mbytes/computerArchitectureCourse/wiki/MIPS-Instruction/_edit,Editing MIPS Instruction · muneeb-mbytes/computerArchitectureCourse Wiki,32,3
/muneeb-mbytes/computerArchitectureCourse/wiki/Instruction-Set-Architecture-1,Instruction Set Architecture 1 · muneeb-mbytes/computerArchitectureCourse Wiki,9,5
/muneeb-mbytes/computerArchitectureCourse/wiki/MIPS-Instruction/_history,History for MIPS Instruction · muneeb-mbytes/computerArchitectureCourse Wiki,9,2
/muneeb-mbytes/computerArchitectureCourse/wiki/Introduction,Introduction · muneeb-mbytes/computerArchitectureCourse Wiki · GitHub,4,4
/muneeb-mbytes/computerArchitectureCourse/wiki/RISCV,RISCV · muneeb-mbytes/computerArchitectureCourse Wiki,4,4
/muneeb-mbytes/computerArchitectureCourse/blob/production/README.md,computerArchitectureCourse/README.md at production · muneeb-mbytes/computerAr...,4,2
/muneeb-mbytes/computerArchitectureCourse/wiki/Introduction-of-Instructions,Introduction of Instructions · muneeb-mbytes/computerArchitectureCourse Wiki,3,3
/muneeb-mbytes/computerArchitectureCourse/wiki/MIPS-Instruction,MIPS Instruction · muneeb-mbytes/computerArchitectureCourse Wiki,92,11
/muneeb-mbytes/computerArchitectureCourse/wiki,Home · muneeb-mbytes/computerArchitectureCourse Wiki · GitHub,45,16
/muneeb-mbytes/computerArchitectureCourse,muneeb-mbytes/computerArchitectureCourse,39,16
/muneeb-mbytes/computerArchitectureCourse/wiki/MIPS-Instruction/_edit,Editing MIPS Instruction · muneeb-mbytes/computerArchitectureCourse Wiki,32,3
/muneeb-mbytes/computerArchitectureCourse/wiki/Instruction-Set-Architecture-1,Instruction Set Architecture 1 · muneeb-mbytes/computerArchitectureCourse Wiki,9,5
/muneeb-mbytes/computerArchitectureCourse/wiki/MIPS-Instruction/_history,History for MIPS Instruction · muneeb-mbytes/computerArchitectureCourse Wiki,9,2
/muneeb-mbytes/computerArchitectureCourse/wiki/Introduction,Introduction · muneeb-mbytes/computerArchitectureCourse Wiki · GitHub,4,4
/muneeb-mbytes/computerArchitectureCourse/wiki/RISCV,RISCV · muneeb-mbytes/computerArchitectureCourse Wiki,4,4
/muneeb-mbytes/computerArchitectureCourse/blob/production/README.md,computerArchitectureCourse/README.md at production · muneeb-mbytes/computerAr...,4,2
/muneeb-mbytes/computerArchitectureCourse/wiki/Introduction-of-Instructions,Introduction of Instructions · muneeb-mbytes/computerArchitectureCourse Wiki,3,3
/muneeb-mbytes/computerArchitectureCourse/wiki/MIPS-Instruction,MIPS Instruction · muneeb-mbytes/computerArchitectureCourse Wiki,92,11
/muneeb-mbytes/computerArchitectureCourse/wiki,Home · muneeb-mbytes/computerArchitectureCourse Wiki · GitHub,45,16
/muneeb-mbytes/computerArchitectureCourse,muneeb-mbytes/computerArchitectureCourse,39,16
/muneeb-mbytes/computerArchitectureCourse/wiki/MIPS-Instruction/_edit,Editing MIPS Instruction · muneeb-mbytes/computerArchitectureCourse Wiki,32,3
/muneeb-mbytes/computerArchitectureCourse/wiki/Instruction-Set-Architecture-1,Instruction Set Architecture 1 · muneeb-mbytes/computerArchitectureCourse Wiki,9,5
/muneeb-mbytes/computerArchitectureCourse/wiki/MIPS-Instruction/_history,History for MIPS Instruction · muneeb-mbytes/computerArchitectureCourse Wiki,9,2
/muneeb-mbytes/computerArchitectureCourse/wiki/Introduction,Introduction · muneeb-mbytes/computerArchitectureCourse Wiki · GitHub,4,4
/muneeb-mbytes/computerArchitectureCourse/wiki/RISCV,RISCV · muneeb-mbytes/computerArchitectureCourse Wiki,4,4
/muneeb-mbytes/computerArchitectureCourse/blob/production/README.md,computerArchitectureCourse/README.md at production · muneeb-mbytes/computerAr...,4,2
/muneeb-mbytes/computerArchitectureCourse/wiki/Introduction-of-Instructions,Introduction of Instructions · muneeb-mbytes/computerArchitectureCourse Wiki,3,3
/muneeb-mbytes/computerArchitectureCourse/wiki/MIPS-Instruction,MIPS Instruction · muneeb-mbytes/computerArchitectureCourse Wiki,92,11
/muneeb-mbytes/computerArchitectureCourse/wiki,Home · muneeb-mbytes/computerArchitectureCourse Wiki · GitHub,45,16
/muneeb-mbytes/computerArchitectureCourse,muneeb-mbytes/computerArchitectureCourse,39,16
/muneeb-mbytes/computerArchitectureCourse/wiki/MIPS-Instruction/_edit,Editing MIPS Instruction · muneeb-mbytes/computerArchitectureCourse Wiki,32,3
/muneeb-mbytes/computerArchitectureCourse/wiki/Instruction-Set-Architecture-1,Instruction Set Architecture 1 · muneeb-mbytes/computerArchitectureCourse Wiki,9,5
/muneeb-mbytes/computerArchitectureCourse/wiki/MIPS-Instruction/_history,History for MIPS Instruction · muneeb-mbytes/computerArchitectureCourse Wiki,9,2
/muneeb-mbytes/computerArchitectureCourse/wiki/Introduction,Introduction · muneeb-mbytes/computerArchitectureCourse Wiki · GitHub,4,4
/muneeb-mbytes/computerArchitectureCourse/wiki/RISCV,RISCV · muneeb-mbytes/computerArchitectureCourse Wiki,4,4
/muneeb-mbytes/computerArchitectureCourse/blob/production/README.md,computerArchitectureCourse/README.md at production · muneeb-mbytes/computerAr...,4,2
/muneeb-mbytes/computerArchitectureCourse/wiki/Introduction-of-Instructions,Introduction of Instructions · muneeb-mbytes/computerArchitectureCourse Wiki,3,3
/muneeb-mbytes/computerArchitectureCourse/wiki/MIPS-Instruction,MIPS Instruction · muneeb-mbytes/computerArchitectureCourse Wiki,92,11
/muneeb-mbytes/computerArchitectureCourse/wiki,Home · muneeb-mbytes/computerArchitectureCourse Wiki · GitHub,45,16
/muneeb-mbytes/computerArchitectureCourse,muneeb-mbytes/computerArchitectureCourse,39,16
/muneeb-mbytes/computerArchitectureCourse/wiki/MIPS-Instruction/_edit,Editing MIPS Instruction · muneeb-mbytes/computerArchitectureCourse Wiki,32,3
/muneeb-mbytes/computerArchitectureCourse/wiki/Instruction-Set-Architecture-1,Instruction Set Architecture 1 · muneeb-mbytes/computerArchitectureCourse Wiki,9,5
/muneeb-mbytes/computerArchitectureCourse/wiki/MIPS-Instruction/_history,History for MIPS Instruction · muneeb-mbytes/computerArchitectureCourse Wiki,9,2
/muneeb-mbytes/computerArchitectureCourse/wiki/Introduction,Introduction · muneeb-mbytes/computerArchitectureCourse Wiki · GitHub,4,4
/muneeb-mbytes/computerArchitectureCourse/wiki/RISCV,RISCV · muneeb-mbytes/computerArchitectureCourse Wiki,4,4
/muneeb-mbytes/computerArchitectureCourse/blob/production/README.md,computerArchitectureCourse/README.md at production · muneeb-mbytes/computerAr...,4,2
/muneeb-mbytes/computerArchitectureCourse/wiki/Introduction-of-Instructions,Introduction of Instructions · muneeb-mbytes/computerArchitectureCourse Wiki,3,3
/muneeb-mbytes/computerArchitectureCourse/wiki/MIPS-Instruction,MIPS Instruction · muneeb-mbytes/computerArchitectureCourse Wiki,92,11
/muneeb-mbytes/computerArchitectureCourse/wiki,Home · muneeb-mbytes/computerArchitectureCourse Wiki · GitHub,45,16
/muneeb-mbytes/computerArchitectureCourse,muneeb-mbytes/computerArchitectureCourse,39,16
/muneeb-mbytes/computerArchitectureCourse/wiki/MIPS-Instruction/_edit,Editing MIPS Instruction · muneeb-mbytes/computerArchitectureCourse Wiki,32,3
/muneeb-mbytes/computerArchitectureCourse/wiki/Instruction-Set-Architecture-1,Instruction Set Architecture 1 · muneeb-mbytes/computerArchitectureCourse Wiki,9,5
/muneeb-mbytes/computerArchitectureCourse/wiki/MIPS-Instruction/_history,History for MIPS Instruction · muneeb-mbytes/computerArchitectureCourse Wiki,9,2
/muneeb-mbytes/computerArchitectureCourse/wiki/Introduction,Introduction · muneeb-mbytes/computerArchitectureCourse Wiki · GitHub,4,4
/muneeb-mbytes/computerArchitectureCourse/wiki/RISCV,RISCV · muneeb-mbytes/computerArchitectureCourse Wiki,4,4
/muneeb-mbytes/computerArchitectureCourse/blob/production/README.md,computerArchitectureCourse/README.md at production · muneeb-mbytes/computerAr...,4,2
/muneeb-mbytes/computerArchitectureCourse/wiki/Introduction-of-Instructions,Introduction of Instructions · muneeb-mbytes/computerArchitectureCourse Wiki,3,3
/muneeb-mbytes/computerArchitectureCourse/wiki/MIPS-Instruction,MIPS Instruction · muneeb-mbytes/computerArchitectureCourse Wiki,92,11
/muneeb-mbytes/computerArchitectureCourse/wiki,Home · muneeb-mbytes/computerArchitectureCourse Wiki · GitHub,45,16
/muneeb-mbytes/computerArchitectureCourse,muneeb-mbytes/computerArchitectureCourse,39,16
/muneeb-mbytes/computerArchitectureCourse/wiki/MIPS-Instruction/_edit,Editing MIPS Instruction · muneeb-mbytes/computerArchitectureCourse Wiki,32,3
/muneeb-mbytes/computerArchitectureCourse/wiki/Instruction-Set-Architecture-1,Instruction Set Architecture 1 · muneeb-mbytes/computerArchitectureCourse Wiki,9,5
/muneeb-mbytes/computerArchitectureCourse/wiki/MIPS-Instruction/_history,History for MIPS Instruction · muneeb-mbytes/computerArchitectureCourse Wiki,9,2
/muneeb-mbytes/computerArchitectureCourse/wiki/Introduction,Introduction · muneeb-mbytes/computerArchitectureCourse Wiki · GitHub,4,4
/muneeb-mbytes/computerArchitectureCourse/wiki/RISCV,RISCV · muneeb-mbytes/computerArchitectureCourse Wiki,4,4
/muneeb-mbytes/computerArchitectureCourse/blob/production/README.md,computerArchitectureCourse/README.md at production · muneeb-mbytes/computerAr...,4,2
/muneeb-mbytes/computerArchitectureCourse/wiki/Introduction-of-Instructions,Introduction of Instructions · muneeb-mbytes/computerArchitectureCourse Wiki,3,3
/muneeb-mbytes/computerArchitectureCourse/wiki/MIPS-Instruction,MIPS Instruction · muneeb-mbytes/computerArchitectureCourse Wiki,92,11
/muneeb-mbytes/computerArchitectureCourse/wiki,Home · muneeb-mbytes/computerArchitectureCourse Wiki · GitHub,45,16
/muneeb-mbytes/computerArchitectureCourse,muneeb-mbytes/computerArchitectureCourse,39,16
/muneeb-mbytes/computerArchitectureCourse/wiki/MIPS-Instruction/_edit,Editing MIPS Instruction · muneeb-mbytes/computerArchitectureCourse Wiki,32,3
/muneeb-mbytes/computerArchitectureCourse/wiki/Instruction-Set-Architecture-1,Instruction Set Architecture 1 · muneeb-mbytes/computerArchitectureCourse Wiki,9,5
/muneeb-mbytes/computerArchitectureCourse/wiki/MIPS-Instruction/_history,History for MIPS Instruction · muneeb-mbytes/computerArchitectureCourse Wiki,9,2
/muneeb-mbytes/computerArchitectureCourse/wiki/Introduction,Introduction · muneeb-mbytes/computerArchitectureCourse Wiki · GitHub,4,4
/muneeb-mbytes/computerArchitectureCourse/wiki/RISCV,RISCV · muneeb-mbytes/computerArchitectureCourse Wiki,4,4
/muneeb-mbytes/computerArchitectureCourse/blob/production/README.md,computerArchitectureCourse/README.md at production · muneeb-mbytes/computerAr...,4,2
/muneeb-mbytes/computerArchitectureCourse/wiki/Introduction-of-Instructions,Introduction of Instructions · muneeb-mbytes/computerArchitectureCourse Wiki,3,3
/muneeb-mbytes/computerArchitectureCourse/wiki/MIPS-Instruction,MIPS Instruction · muneeb-mbytes/computerArchitectureCourse Wiki,92,11
/muneeb-mbytes/computerArchitectureCourse/wiki,Home · muneeb-mbytes/computerArchitectureCourse Wiki · GitHub,45,16
/muneeb-mbytes/computerArchitectureCourse,muneeb-mbytes/computerArchitectureCourse,39,16
/muneeb-mbytes/computerArchitectureCourse/wiki/MIPS-Instruction/_edit,Editing MIPS Instruction · muneeb-mbytes/computerArchitectureCourse Wiki,32,3
/muneeb-mbytes/computerArchitectureCourse/wiki/Instruction-Set-Architecture-1,Instruction Set Architecture 1 · muneeb-mbytes/computerArchitectureCourse Wiki,9,5
/muneeb-mbytes/computerArchitectureCourse/wiki/MIPS-Instruction/_history,History for MIPS Instruction · muneeb-mbytes/computerArchitectureCourse Wiki,9,2
/muneeb-mbytes/computerArchitectureCourse/wiki/Introduction,Introduction · muneeb-mbytes/computerArchitectureCourse Wiki · GitHub,4,4
/muneeb-mbytes/computerArchitectureCourse/wiki/RISCV,RISCV · muneeb-mbytes/computerArchitectureCourse Wiki,4,4
/muneeb-mbytes/computerArchitectureCourse/blob/production/README.md,computerArchitectureCourse/README.md at production · muneeb-mbytes/computerAr...,4,2
/muneeb-mbytes/computerArchitectureCourse/wiki/Introduction-of-Instructions,Introduction of Instructions · muneeb-mbytes/computerArchitectureCourse Wiki,3,3
/muneeb-mbytes/computerArchitectureCourse/wiki/MIPS-Instruction,MIPS Instruction · muneeb-mbytes/computerArchitectureCourse Wiki,92,11
/muneeb-mbytes/computerArchitectureCourse/wiki,Home · muneeb-mbytes/computerArchitectureCourse Wiki · GitHub,45,16
/muneeb-mbytes/computerArchitectureCourse,muneeb-mbytes/computerArchitectureCourse,39,16
/muneeb-mbytes/computerArchitectureCourse/wiki/MIPS-Instruction/_edit,Editing MIPS Instruction · muneeb-mbytes/computerArchitectureCourse Wiki,32,3
/muneeb-mbytes/computerArchitectureCourse/wiki/Instruction-Set-Architecture-1,Instruction Set Architecture 1 · muneeb-mbytes/computerArchitectureCourse Wiki,9,5
/muneeb-mbytes/computerArchitectureCourse/wiki/MIPS-Instruction/_history,History for MIPS Instruction · muneeb-mbytes/computerArchitectureCourse Wiki,9,2
/muneeb-mbytes/computerArchitectureCourse/wiki/Introduction,Introduction · muneeb-mbytes/computerArchitectureCourse Wiki · GitHub,4,4
/muneeb-mbytes/computerArchitectureCourse/wiki/RISCV,RISCV · muneeb-mbytes/computerArchitectureCourse Wiki,4,4
/muneeb-mbytes/computerArchitectureCourse/blob/production/README.md,computerArchitectureCourse/README.md at production · muneeb-mbytes/computerAr...,4,2
/muneeb-mbytes/computerArchitectureCourse/wiki/Introduction-of-Instructions,Introduction of Instructions · muneeb-mbytes/computerArchitectureCourse Wiki,3,3
