/muneeb-mbytes/FPGABoard_edgeSpartan6,muneeb-mbytes/FPGABoard_edgeSpartan6: This project aims at learning Digital D...,42,15
/muneeb-mbytes/FPGABoard_edgeSpartan6/tree/production/Challenge1_counters0to99,FPGABoard_edgeSpartan6/Challenge1_counters0to99 at production · muneeb-mbytes...,41,7
/muneeb-mbytes/FPGABoard_edgeSpartan6/wiki,Home · muneeb-mbytes/FPGABoard_edgeSpartan6 Wiki,32,6
/muneeb-mbytes/FPGABoard_edgeSpartan6/tree/production/Frequency%20Generator,FPGABoard_edgeSpartan6/Frequency Generator at production · muneeb-mbytes/FPGA...,22,3
/muneeb-mbytes/FPGABoard_edgeSpartan6/blob/production/Challenge1_counters0to99/debouncer.v,FPGABoard_edgeSpartan6/Challenge1_counters0to99/debouncer.v at production · m...,16,3
/muneeb-mbytes/FPGABoard_edgeSpartan6/wiki/BCD-Seven-Segment-Display-and-Full-adder,BCD Seven Segment Display and Full adder · muneeb-mbytes/FPGABoard_edgeSparta...,16,2
/muneeb-mbytes/FPGABoard_edgeSpartan6/wiki/_Sidebar/_edit,Editing _Sidebar · muneeb-mbytes/FPGABoard_edgeSpartan6 Wiki,14,1
/muneeb-mbytes/FPGABoard_edgeSpartan6/wiki/Debouncing-circuit,Debouncing circuit · muneeb-mbytes/FPGABoard_edgeSpartan6 Wiki,12,4
/muneeb-mbytes/FPGABoard_edgeSpartan6/blob/production/Challenge1_counters0to99/seg7_control.v,FPGABoard_edgeSpartan6/Challenge1_counters0to99/seg7_control.v at production ...,12,3
/muneeb-mbytes/FPGABoard_edgeSpartan6/wiki/UCF,UCF · muneeb-mbytes/FPGABoard_edgeSpartan6 Wiki,12,3
/muneeb-mbytes/FPGABoard_edgeSpartan6,muneeb-mbytes/FPGABoard_edgeSpartan6: This project aims at learning Digital D...,42,15
/muneeb-mbytes/FPGABoard_edgeSpartan6/tree/production/Challenge1_counters0to99,FPGABoard_edgeSpartan6/Challenge1_counters0to99 at production · muneeb-mbytes...,41,7
/muneeb-mbytes/FPGABoard_edgeSpartan6/wiki,Home · muneeb-mbytes/FPGABoard_edgeSpartan6 Wiki,32,6
/muneeb-mbytes/FPGABoard_edgeSpartan6/tree/production/Frequency%20Generator,FPGABoard_edgeSpartan6/Frequency Generator at production · muneeb-mbytes/FPGA...,22,3
/muneeb-mbytes/FPGABoard_edgeSpartan6/blob/production/Challenge1_counters0to99/debouncer.v,FPGABoard_edgeSpartan6/Challenge1_counters0to99/debouncer.v at production · m...,16,3
/muneeb-mbytes/FPGABoard_edgeSpartan6/wiki/BCD-Seven-Segment-Display-and-Full-adder,BCD Seven Segment Display and Full adder · muneeb-mbytes/FPGABoard_edgeSparta...,16,2
/muneeb-mbytes/FPGABoard_edgeSpartan6/wiki/_Sidebar/_edit,Editing _Sidebar · muneeb-mbytes/FPGABoard_edgeSpartan6 Wiki,14,1
/muneeb-mbytes/FPGABoard_edgeSpartan6/wiki/Debouncing-circuit,Debouncing circuit · muneeb-mbytes/FPGABoard_edgeSpartan6 Wiki,12,4
/muneeb-mbytes/FPGABoard_edgeSpartan6/blob/production/Challenge1_counters0to99/seg7_control.v,FPGABoard_edgeSpartan6/Challenge1_counters0to99/seg7_control.v at production ...,12,3
/muneeb-mbytes/FPGABoard_edgeSpartan6/wiki/UCF,UCF · muneeb-mbytes/FPGABoard_edgeSpartan6 Wiki,12,3
/muneeb-mbytes/FPGABoard_edgeSpartan6,muneeb-mbytes/FPGABoard_edgeSpartan6: This project aims at learning Digital D...,42,15
/muneeb-mbytes/FPGABoard_edgeSpartan6/tree/production/Challenge1_counters0to99,FPGABoard_edgeSpartan6/Challenge1_counters0to99 at production · muneeb-mbytes...,41,7
/muneeb-mbytes/FPGABoard_edgeSpartan6/wiki,Home · muneeb-mbytes/FPGABoard_edgeSpartan6 Wiki,32,6
/muneeb-mbytes/FPGABoard_edgeSpartan6/tree/production/Frequency%20Generator,FPGABoard_edgeSpartan6/Frequency Generator at production · muneeb-mbytes/FPGA...,22,3
/muneeb-mbytes/FPGABoard_edgeSpartan6/blob/production/Challenge1_counters0to99/debouncer.v,FPGABoard_edgeSpartan6/Challenge1_counters0to99/debouncer.v at production · m...,16,3
/muneeb-mbytes/FPGABoard_edgeSpartan6/wiki/BCD-Seven-Segment-Display-and-Full-adder,BCD Seven Segment Display and Full adder · muneeb-mbytes/FPGABoard_edgeSparta...,16,2
/muneeb-mbytes/FPGABoard_edgeSpartan6/wiki/_Sidebar/_edit,Editing _Sidebar · muneeb-mbytes/FPGABoard_edgeSpartan6 Wiki,14,1
/muneeb-mbytes/FPGABoard_edgeSpartan6/wiki/Debouncing-circuit,Debouncing circuit · muneeb-mbytes/FPGABoard_edgeSpartan6 Wiki,12,4
/muneeb-mbytes/FPGABoard_edgeSpartan6/blob/production/Challenge1_counters0to99/seg7_control.v,FPGABoard_edgeSpartan6/Challenge1_counters0to99/seg7_control.v at production ...,12,3
/muneeb-mbytes/FPGABoard_edgeSpartan6/wiki/UCF,UCF · muneeb-mbytes/FPGABoard_edgeSpartan6 Wiki,12,3
/muneeb-mbytes/FPGABoard_edgeSpartan6,muneeb-mbytes/FPGABoard_edgeSpartan6: This project aims at learning Digital D...,42,15
/muneeb-mbytes/FPGABoard_edgeSpartan6/tree/production/Challenge1_counters0to99,FPGABoard_edgeSpartan6/Challenge1_counters0to99 at production · muneeb-mbytes...,41,7
/muneeb-mbytes/FPGABoard_edgeSpartan6/wiki,Home · muneeb-mbytes/FPGABoard_edgeSpartan6 Wiki,32,6
/muneeb-mbytes/FPGABoard_edgeSpartan6/tree/production/Frequency%20Generator,FPGABoard_edgeSpartan6/Frequency Generator at production · muneeb-mbytes/FPGA...,22,3
/muneeb-mbytes/FPGABoard_edgeSpartan6/blob/production/Challenge1_counters0to99/debouncer.v,FPGABoard_edgeSpartan6/Challenge1_counters0to99/debouncer.v at production · m...,16,3
/muneeb-mbytes/FPGABoard_edgeSpartan6/wiki/BCD-Seven-Segment-Display-and-Full-adder,BCD Seven Segment Display and Full adder · muneeb-mbytes/FPGABoard_edgeSparta...,16,2
/muneeb-mbytes/FPGABoard_edgeSpartan6/wiki/_Sidebar/_edit,Editing _Sidebar · muneeb-mbytes/FPGABoard_edgeSpartan6 Wiki,14,1
/muneeb-mbytes/FPGABoard_edgeSpartan6/wiki/Debouncing-circuit,Debouncing circuit · muneeb-mbytes/FPGABoard_edgeSpartan6 Wiki,12,4
/muneeb-mbytes/FPGABoard_edgeSpartan6/blob/production/Challenge1_counters0to99/seg7_control.v,FPGABoard_edgeSpartan6/Challenge1_counters0to99/seg7_control.v at production ...,12,3
/muneeb-mbytes/FPGABoard_edgeSpartan6/wiki/UCF,UCF · muneeb-mbytes/FPGABoard_edgeSpartan6 Wiki,12,3
/muneeb-mbytes/FPGABoard_edgeSpartan6,muneeb-mbytes/FPGABoard_edgeSpartan6: This project aims at learning Digital D...,42,15
/muneeb-mbytes/FPGABoard_edgeSpartan6/tree/production/Challenge1_counters0to99,FPGABoard_edgeSpartan6/Challenge1_counters0to99 at production · muneeb-mbytes...,41,7
/muneeb-mbytes/FPGABoard_edgeSpartan6/wiki,Home · muneeb-mbytes/FPGABoard_edgeSpartan6 Wiki,32,6
/muneeb-mbytes/FPGABoard_edgeSpartan6/tree/production/Frequency%20Generator,FPGABoard_edgeSpartan6/Frequency Generator at production · muneeb-mbytes/FPGA...,22,3
/muneeb-mbytes/FPGABoard_edgeSpartan6/blob/production/Challenge1_counters0to99/debouncer.v,FPGABoard_edgeSpartan6/Challenge1_counters0to99/debouncer.v at production · m...,16,3
/muneeb-mbytes/FPGABoard_edgeSpartan6/wiki/BCD-Seven-Segment-Display-and-Full-adder,BCD Seven Segment Display and Full adder · muneeb-mbytes/FPGABoard_edgeSparta...,16,2
/muneeb-mbytes/FPGABoard_edgeSpartan6/wiki/_Sidebar/_edit,Editing _Sidebar · muneeb-mbytes/FPGABoard_edgeSpartan6 Wiki,14,1
/muneeb-mbytes/FPGABoard_edgeSpartan6/wiki/Debouncing-circuit,Debouncing circuit · muneeb-mbytes/FPGABoard_edgeSpartan6 Wiki,12,4
/muneeb-mbytes/FPGABoard_edgeSpartan6/blob/production/Challenge1_counters0to99/seg7_control.v,FPGABoard_edgeSpartan6/Challenge1_counters0to99/seg7_control.v at production ...,12,3
/muneeb-mbytes/FPGABoard_edgeSpartan6/wiki/UCF,UCF · muneeb-mbytes/FPGABoard_edgeSpartan6 Wiki,12,3
/muneeb-mbytes/FPGABoard_edgeSpartan6,muneeb-mbytes/FPGABoard_edgeSpartan6: This project aims at learning Digital D...,42,15
/muneeb-mbytes/FPGABoard_edgeSpartan6/tree/production/Challenge1_counters0to99,FPGABoard_edgeSpartan6/Challenge1_counters0to99 at production · muneeb-mbytes...,41,7
/muneeb-mbytes/FPGABoard_edgeSpartan6/wiki,Home · muneeb-mbytes/FPGABoard_edgeSpartan6 Wiki,32,6
/muneeb-mbytes/FPGABoard_edgeSpartan6/tree/production/Frequency%20Generator,FPGABoard_edgeSpartan6/Frequency Generator at production · muneeb-mbytes/FPGA...,22,3
/muneeb-mbytes/FPGABoard_edgeSpartan6/blob/production/Challenge1_counters0to99/debouncer.v,FPGABoard_edgeSpartan6/Challenge1_counters0to99/debouncer.v at production · m...,16,3
/muneeb-mbytes/FPGABoard_edgeSpartan6/wiki/BCD-Seven-Segment-Display-and-Full-adder,BCD Seven Segment Display and Full adder · muneeb-mbytes/FPGABoard_edgeSparta...,16,2
/muneeb-mbytes/FPGABoard_edgeSpartan6/wiki/_Sidebar/_edit,Editing _Sidebar · muneeb-mbytes/FPGABoard_edgeSpartan6 Wiki,14,1
/muneeb-mbytes/FPGABoard_edgeSpartan6/wiki/Debouncing-circuit,Debouncing circuit · muneeb-mbytes/FPGABoard_edgeSpartan6 Wiki,12,4
/muneeb-mbytes/FPGABoard_edgeSpartan6/blob/production/Challenge1_counters0to99/seg7_control.v,FPGABoard_edgeSpartan6/Challenge1_counters0to99/seg7_control.v at production ...,12,3
/muneeb-mbytes/FPGABoard_edgeSpartan6/wiki/UCF,UCF · muneeb-mbytes/FPGABoard_edgeSpartan6 Wiki,12,3
/muneeb-mbytes/FPGABoard_edgeSpartan6,muneeb-mbytes/FPGABoard_edgeSpartan6: This project aims at learning Digital D...,42,15
/muneeb-mbytes/FPGABoard_edgeSpartan6/tree/production/Challenge1_counters0to99,FPGABoard_edgeSpartan6/Challenge1_counters0to99 at production · muneeb-mbytes...,41,7
/muneeb-mbytes/FPGABoard_edgeSpartan6/wiki,Home · muneeb-mbytes/FPGABoard_edgeSpartan6 Wiki,32,6
/muneeb-mbytes/FPGABoard_edgeSpartan6/tree/production/Frequency%20Generator,FPGABoard_edgeSpartan6/Frequency Generator at production · muneeb-mbytes/FPGA...,22,3
/muneeb-mbytes/FPGABoard_edgeSpartan6/blob/production/Challenge1_counters0to99/debouncer.v,FPGABoard_edgeSpartan6/Challenge1_counters0to99/debouncer.v at production · m...,16,3
/muneeb-mbytes/FPGABoard_edgeSpartan6/wiki/BCD-Seven-Segment-Display-and-Full-adder,BCD Seven Segment Display and Full adder · muneeb-mbytes/FPGABoard_edgeSparta...,16,2
/muneeb-mbytes/FPGABoard_edgeSpartan6/wiki/_Sidebar/_edit,Editing _Sidebar · muneeb-mbytes/FPGABoard_edgeSpartan6 Wiki,14,1
/muneeb-mbytes/FPGABoard_edgeSpartan6/wiki/Debouncing-circuit,Debouncing circuit · muneeb-mbytes/FPGABoard_edgeSpartan6 Wiki,12,4
/muneeb-mbytes/FPGABoard_edgeSpartan6/blob/production/Challenge1_counters0to99/seg7_control.v,FPGABoard_edgeSpartan6/Challenge1_counters0to99/seg7_control.v at production ...,12,3
/muneeb-mbytes/FPGABoard_edgeSpartan6/wiki/UCF,UCF · muneeb-mbytes/FPGABoard_edgeSpartan6 Wiki,12,3
/muneeb-mbytes/FPGABoard_edgeSpartan6,muneeb-mbytes/FPGABoard_edgeSpartan6: This project aims at learning Digital D...,42,15
/muneeb-mbytes/FPGABoard_edgeSpartan6/tree/production/Challenge1_counters0to99,FPGABoard_edgeSpartan6/Challenge1_counters0to99 at production · muneeb-mbytes...,41,7
/muneeb-mbytes/FPGABoard_edgeSpartan6/wiki,Home · muneeb-mbytes/FPGABoard_edgeSpartan6 Wiki,32,6
/muneeb-mbytes/FPGABoard_edgeSpartan6/tree/production/Frequency%20Generator,FPGABoard_edgeSpartan6/Frequency Generator at production · muneeb-mbytes/FPGA...,22,3
/muneeb-mbytes/FPGABoard_edgeSpartan6/blob/production/Challenge1_counters0to99/debouncer.v,FPGABoard_edgeSpartan6/Challenge1_counters0to99/debouncer.v at production · m...,16,3
/muneeb-mbytes/FPGABoard_edgeSpartan6/wiki/BCD-Seven-Segment-Display-and-Full-adder,BCD Seven Segment Display and Full adder · muneeb-mbytes/FPGABoard_edgeSparta...,16,2
/muneeb-mbytes/FPGABoard_edgeSpartan6/wiki/_Sidebar/_edit,Editing _Sidebar · muneeb-mbytes/FPGABoard_edgeSpartan6 Wiki,14,1
/muneeb-mbytes/FPGABoard_edgeSpartan6/wiki/Debouncing-circuit,Debouncing circuit · muneeb-mbytes/FPGABoard_edgeSpartan6 Wiki,12,4
/muneeb-mbytes/FPGABoard_edgeSpartan6/blob/production/Challenge1_counters0to99/seg7_control.v,FPGABoard_edgeSpartan6/Challenge1_counters0to99/seg7_control.v at production ...,12,3
/muneeb-mbytes/FPGABoard_edgeSpartan6/wiki/UCF,UCF · muneeb-mbytes/FPGABoard_edgeSpartan6 Wiki,12,3
/muneeb-mbytes/FPGABoard_edgeSpartan6,muneeb-mbytes/FPGABoard_edgeSpartan6: This project aims at learning Digital D...,42,15
/muneeb-mbytes/FPGABoard_edgeSpartan6/tree/production/Challenge1_counters0to99,FPGABoard_edgeSpartan6/Challenge1_counters0to99 at production · muneeb-mbytes...,41,7
/muneeb-mbytes/FPGABoard_edgeSpartan6/wiki,Home · muneeb-mbytes/FPGABoard_edgeSpartan6 Wiki,32,6
/muneeb-mbytes/FPGABoard_edgeSpartan6/tree/production/Frequency%20Generator,FPGABoard_edgeSpartan6/Frequency Generator at production · muneeb-mbytes/FPGA...,22,3
/muneeb-mbytes/FPGABoard_edgeSpartan6/blob/production/Challenge1_counters0to99/debouncer.v,FPGABoard_edgeSpartan6/Challenge1_counters0to99/debouncer.v at production · m...,16,3
/muneeb-mbytes/FPGABoard_edgeSpartan6/wiki/BCD-Seven-Segment-Display-and-Full-adder,BCD Seven Segment Display and Full adder · muneeb-mbytes/FPGABoard_edgeSparta...,16,2
/muneeb-mbytes/FPGABoard_edgeSpartan6/wiki/_Sidebar/_edit,Editing _Sidebar · muneeb-mbytes/FPGABoard_edgeSpartan6 Wiki,14,1
/muneeb-mbytes/FPGABoard_edgeSpartan6/wiki/Debouncing-circuit,Debouncing circuit · muneeb-mbytes/FPGABoard_edgeSpartan6 Wiki,12,4
/muneeb-mbytes/FPGABoard_edgeSpartan6/blob/production/Challenge1_counters0to99/seg7_control.v,FPGABoard_edgeSpartan6/Challenge1_counters0to99/seg7_control.v at production ...,12,3
/muneeb-mbytes/FPGABoard_edgeSpartan6/wiki/UCF,UCF · muneeb-mbytes/FPGABoard_edgeSpartan6 Wiki,12,3
/muneeb-mbytes/FPGABoard_edgeSpartan6,muneeb-mbytes/FPGABoard_edgeSpartan6: This project aims at learning Digital D...,42,15
/muneeb-mbytes/FPGABoard_edgeSpartan6/tree/production/Challenge1_counters0to99,FPGABoard_edgeSpartan6/Challenge1_counters0to99 at production · muneeb-mbytes...,41,7
/muneeb-mbytes/FPGABoard_edgeSpartan6/wiki,Home · muneeb-mbytes/FPGABoard_edgeSpartan6 Wiki,32,6
/muneeb-mbytes/FPGABoard_edgeSpartan6/tree/production/Frequency%20Generator,FPGABoard_edgeSpartan6/Frequency Generator at production · muneeb-mbytes/FPGA...,22,3
/muneeb-mbytes/FPGABoard_edgeSpartan6/blob/production/Challenge1_counters0to99/debouncer.v,FPGABoard_edgeSpartan6/Challenge1_counters0to99/debouncer.v at production · m...,16,3
/muneeb-mbytes/FPGABoard_edgeSpartan6/wiki/BCD-Seven-Segment-Display-and-Full-adder,BCD Seven Segment Display and Full adder · muneeb-mbytes/FPGABoard_edgeSparta...,16,2
/muneeb-mbytes/FPGABoard_edgeSpartan6/wiki/_Sidebar/_edit,Editing _Sidebar · muneeb-mbytes/FPGABoard_edgeSpartan6 Wiki,14,1
/muneeb-mbytes/FPGABoard_edgeSpartan6/wiki/Debouncing-circuit,Debouncing circuit · muneeb-mbytes/FPGABoard_edgeSpartan6 Wiki,12,4
/muneeb-mbytes/FPGABoard_edgeSpartan6/blob/production/Challenge1_counters0to99/seg7_control.v,FPGABoard_edgeSpartan6/Challenge1_counters0to99/seg7_control.v at production ...,12,3
/muneeb-mbytes/FPGABoard_edgeSpartan6/wiki/UCF,UCF · muneeb-mbytes/FPGABoard_edgeSpartan6 Wiki,12,3
