/muneeb-mbytes/Mbits_AXI4_AVIP/tree/phase1_development_branch/doc,Mbits_AXI4_AVIP/doc at phase1_development_branch · muneeb-mbytes/Mbits_AXI4_A...,3,1
/muneeb-mbytes/Mbits_AXI4_AVIP/tree/phase1_development_branch/src/hvl_top,Mbits_AXI4_AVIP/src/hvl_top at phase1_development_branch · muneeb-mbytes/Mbit...,3,1
/muneeb-mbytes/Mbits_AXI4_AVIP/tree/phase1_development_branch/src/hvl_top/master,Mbits_AXI4_AVIP/src/hvl_top/master at phase1_development_branch · muneeb-mbyt...,3,1
/muneeb-mbytes/Mbits_AXI4_AVIP,GitHub - muneeb-mbytes/Mbits_AXI4_AVIP: Mbits axi4 avip,2,2
/muneeb-mbytes/Mbits_AXI4_AVIP/blob/phase1_development_branch/doc/axi4_avip_architecture_document.pdf,Mbits_AXI4_AVIP/doc/axi4_avip_architecture_document.pdf at phase1_development...,2,1
/muneeb-mbytes/Mbits_AXI4_AVIP/tree/phase1_development_branch/src,Mbits_AXI4_AVIP/src at phase1_development_branch · muneeb-mbytes/Mbits_AXI4_A...,2,1
/muneeb-mbytes/Mbits_AXI4_AVIP/tree/phase1_development_branch,GitHub - muneeb-mbytes/Mbits_AXI4_AVIP: Mbits axi4 avip,1,1
/muneeb-mbytes/Mbits_AXI4_AVIP/tree/phase1_development_branch/doc,Mbits_AXI4_AVIP/doc at phase1_development_branch · muneeb-mbytes/Mbits_AXI4_A...,3,1
/muneeb-mbytes/Mbits_AXI4_AVIP/tree/phase1_development_branch/src/hvl_top,Mbits_AXI4_AVIP/src/hvl_top at phase1_development_branch · muneeb-mbytes/Mbit...,3,1
/muneeb-mbytes/Mbits_AXI4_AVIP/tree/phase1_development_branch/src/hvl_top/master,Mbits_AXI4_AVIP/src/hvl_top/master at phase1_development_branch · muneeb-mbyt...,3,1
/muneeb-mbytes/Mbits_AXI4_AVIP,GitHub - muneeb-mbytes/Mbits_AXI4_AVIP: Mbits axi4 avip,2,2
/muneeb-mbytes/Mbits_AXI4_AVIP/blob/phase1_development_branch/doc/axi4_avip_architecture_document.pdf,Mbits_AXI4_AVIP/doc/axi4_avip_architecture_document.pdf at phase1_development...,2,1
/muneeb-mbytes/Mbits_AXI4_AVIP/tree/phase1_development_branch/src,Mbits_AXI4_AVIP/src at phase1_development_branch · muneeb-mbytes/Mbits_AXI4_A...,2,1
/muneeb-mbytes/Mbits_AXI4_AVIP/tree/phase1_development_branch,GitHub - muneeb-mbytes/Mbits_AXI4_AVIP: Mbits axi4 avip,1,1
/muneeb-mbytes/Mbits_AXI4_AVIP/tree/phase1_development_branch/doc,Mbits_AXI4_AVIP/doc at phase1_development_branch · muneeb-mbytes/Mbits_AXI4_A...,3,1
/muneeb-mbytes/Mbits_AXI4_AVIP/tree/phase1_development_branch/src/hvl_top,Mbits_AXI4_AVIP/src/hvl_top at phase1_development_branch · muneeb-mbytes/Mbit...,3,1
/muneeb-mbytes/Mbits_AXI4_AVIP/tree/phase1_development_branch/src/hvl_top/master,Mbits_AXI4_AVIP/src/hvl_top/master at phase1_development_branch · muneeb-mbyt...,3,1
/muneeb-mbytes/Mbits_AXI4_AVIP,GitHub - muneeb-mbytes/Mbits_AXI4_AVIP: Mbits axi4 avip,2,2
/muneeb-mbytes/Mbits_AXI4_AVIP/blob/phase1_development_branch/doc/axi4_avip_architecture_document.pdf,Mbits_AXI4_AVIP/doc/axi4_avip_architecture_document.pdf at phase1_development...,2,1
/muneeb-mbytes/Mbits_AXI4_AVIP/tree/phase1_development_branch/src,Mbits_AXI4_AVIP/src at phase1_development_branch · muneeb-mbytes/Mbits_AXI4_A...,2,1
/muneeb-mbytes/Mbits_AXI4_AVIP/tree/phase1_development_branch,GitHub - muneeb-mbytes/Mbits_AXI4_AVIP: Mbits axi4 avip,1,1
/muneeb-mbytes/Mbits_AXI4_AVIP/tree/phase1_development_branch/doc,Mbits_AXI4_AVIP/doc at phase1_development_branch · muneeb-mbytes/Mbits_AXI4_A...,3,1
/muneeb-mbytes/Mbits_AXI4_AVIP/tree/phase1_development_branch/src/hvl_top,Mbits_AXI4_AVIP/src/hvl_top at phase1_development_branch · muneeb-mbytes/Mbit...,3,1
/muneeb-mbytes/Mbits_AXI4_AVIP/tree/phase1_development_branch/src/hvl_top/master,Mbits_AXI4_AVIP/src/hvl_top/master at phase1_development_branch · muneeb-mbyt...,3,1
/muneeb-mbytes/Mbits_AXI4_AVIP,GitHub - muneeb-mbytes/Mbits_AXI4_AVIP: Mbits axi4 avip,2,2
/muneeb-mbytes/Mbits_AXI4_AVIP/blob/phase1_development_branch/doc/axi4_avip_architecture_document.pdf,Mbits_AXI4_AVIP/doc/axi4_avip_architecture_document.pdf at phase1_development...,2,1
/muneeb-mbytes/Mbits_AXI4_AVIP/tree/phase1_development_branch/src,Mbits_AXI4_AVIP/src at phase1_development_branch · muneeb-mbytes/Mbits_AXI4_A...,2,1
/muneeb-mbytes/Mbits_AXI4_AVIP/tree/phase1_development_branch,GitHub - muneeb-mbytes/Mbits_AXI4_AVIP: Mbits axi4 avip,1,1
/muneeb-mbytes/Mbits_AXI4_AVIP/tree/phase1_development_branch/doc,Mbits_AXI4_AVIP/doc at phase1_development_branch · muneeb-mbytes/Mbits_AXI4_A...,3,1
/muneeb-mbytes/Mbits_AXI4_AVIP/tree/phase1_development_branch/src/hvl_top,Mbits_AXI4_AVIP/src/hvl_top at phase1_development_branch · muneeb-mbytes/Mbit...,3,1
/muneeb-mbytes/Mbits_AXI4_AVIP/tree/phase1_development_branch/src/hvl_top/master,Mbits_AXI4_AVIP/src/hvl_top/master at phase1_development_branch · muneeb-mbyt...,3,1
/muneeb-mbytes/Mbits_AXI4_AVIP,GitHub - muneeb-mbytes/Mbits_AXI4_AVIP: Mbits axi4 avip,2,2
/muneeb-mbytes/Mbits_AXI4_AVIP/blob/phase1_development_branch/doc/axi4_avip_architecture_document.pdf,Mbits_AXI4_AVIP/doc/axi4_avip_architecture_document.pdf at phase1_development...,2,1
/muneeb-mbytes/Mbits_AXI4_AVIP/tree/phase1_development_branch/src,Mbits_AXI4_AVIP/src at phase1_development_branch · muneeb-mbytes/Mbits_AXI4_A...,2,1
/muneeb-mbytes/Mbits_AXI4_AVIP/tree/phase1_development_branch,GitHub - muneeb-mbytes/Mbits_AXI4_AVIP: Mbits axi4 avip,1,1
/muneeb-mbytes/Mbits_AXI4_AVIP/tree/phase1_development_branch/doc,Mbits_AXI4_AVIP/doc at phase1_development_branch · muneeb-mbytes/Mbits_AXI4_A...,3,1
/muneeb-mbytes/Mbits_AXI4_AVIP/tree/phase1_development_branch/src/hvl_top,Mbits_AXI4_AVIP/src/hvl_top at phase1_development_branch · muneeb-mbytes/Mbit...,3,1
/muneeb-mbytes/Mbits_AXI4_AVIP/tree/phase1_development_branch/src/hvl_top/master,Mbits_AXI4_AVIP/src/hvl_top/master at phase1_development_branch · muneeb-mbyt...,3,1
/muneeb-mbytes/Mbits_AXI4_AVIP,GitHub - muneeb-mbytes/Mbits_AXI4_AVIP: Mbits axi4 avip,2,2
/muneeb-mbytes/Mbits_AXI4_AVIP/blob/phase1_development_branch/doc/axi4_avip_architecture_document.pdf,Mbits_AXI4_AVIP/doc/axi4_avip_architecture_document.pdf at phase1_development...,2,1
/muneeb-mbytes/Mbits_AXI4_AVIP/tree/phase1_development_branch/src,Mbits_AXI4_AVIP/src at phase1_development_branch · muneeb-mbytes/Mbits_AXI4_A...,2,1
/muneeb-mbytes/Mbits_AXI4_AVIP/tree/phase1_development_branch,GitHub - muneeb-mbytes/Mbits_AXI4_AVIP: Mbits axi4 avip,1,1
/muneeb-mbytes/Mbits_AXI4_AVIP/tree/phase1_development_branch/doc,Mbits_AXI4_AVIP/doc at phase1_development_branch · muneeb-mbytes/Mbits_AXI4_A...,3,1
/muneeb-mbytes/Mbits_AXI4_AVIP/tree/phase1_development_branch/src/hvl_top,Mbits_AXI4_AVIP/src/hvl_top at phase1_development_branch · muneeb-mbytes/Mbit...,3,1
/muneeb-mbytes/Mbits_AXI4_AVIP/tree/phase1_development_branch/src/hvl_top/master,Mbits_AXI4_AVIP/src/hvl_top/master at phase1_development_branch · muneeb-mbyt...,3,1
/muneeb-mbytes/Mbits_AXI4_AVIP,GitHub - muneeb-mbytes/Mbits_AXI4_AVIP: Mbits axi4 avip,2,2
/muneeb-mbytes/Mbits_AXI4_AVIP/blob/phase1_development_branch/doc/axi4_avip_architecture_document.pdf,Mbits_AXI4_AVIP/doc/axi4_avip_architecture_document.pdf at phase1_development...,2,1
/muneeb-mbytes/Mbits_AXI4_AVIP/tree/phase1_development_branch/src,Mbits_AXI4_AVIP/src at phase1_development_branch · muneeb-mbytes/Mbits_AXI4_A...,2,1
/muneeb-mbytes/Mbits_AXI4_AVIP/tree/phase1_development_branch,GitHub - muneeb-mbytes/Mbits_AXI4_AVIP: Mbits axi4 avip,1,1
