/muneeb-mbytes/Mbits_AXI4_AVIP-1/blob/phase1_development_branch/doc/axi4_avip_architecture_document.pdf,Mbits_AXI4_AVIP-1/doc/axi4_avip_architecture_document.pdf at phase1_developme...,4,1
/muneeb-mbytes/Mbits_AXI4_AVIP-1,muneeb-mbytes/Mbits_AXI4_AVIP-1: Mbits axi4 avip,2,1
/muneeb-mbytes/Mbits_AXI4_AVIP-1/tree/phase1_development_branch/doc,Mbits_AXI4_AVIP-1/doc at phase1_development_branch · muneeb-mbytes/Mbits_AXI4...,2,1
/muneeb-mbytes/Mbits_AXI4_AVIP-1/tree/phase1_development_branch/src,Mbits_AXI4_AVIP-1/src at phase1_development_branch · muneeb-mbytes/Mbits_AXI4...,2,1
/muneeb-mbytes/Mbits_AXI4_AVIP-1/blob/phase1_development_branch/doc/axi4_avip_architecture_document.pdf,Mbits_AXI4_AVIP-1/doc/axi4_avip_architecture_document.pdf at phase1_developme...,4,1
/muneeb-mbytes/Mbits_AXI4_AVIP-1,muneeb-mbytes/Mbits_AXI4_AVIP-1: Mbits axi4 avip,2,1
/muneeb-mbytes/Mbits_AXI4_AVIP-1/tree/phase1_development_branch/doc,Mbits_AXI4_AVIP-1/doc at phase1_development_branch · muneeb-mbytes/Mbits_AXI4...,2,1
/muneeb-mbytes/Mbits_AXI4_AVIP-1/tree/phase1_development_branch/src,Mbits_AXI4_AVIP-1/src at phase1_development_branch · muneeb-mbytes/Mbits_AXI4...,2,1
/muneeb-mbytes/Mbits_AXI4_AVIP-1/blob/phase1_development_branch/doc/axi4_avip_architecture_document.pdf,Mbits_AXI4_AVIP-1/doc/axi4_avip_architecture_document.pdf at phase1_developme...,4,1
/muneeb-mbytes/Mbits_AXI4_AVIP-1,muneeb-mbytes/Mbits_AXI4_AVIP-1: Mbits axi4 avip,2,1
/muneeb-mbytes/Mbits_AXI4_AVIP-1/tree/phase1_development_branch/doc,Mbits_AXI4_AVIP-1/doc at phase1_development_branch · muneeb-mbytes/Mbits_AXI4...,2,1
/muneeb-mbytes/Mbits_AXI4_AVIP-1/tree/phase1_development_branch/src,Mbits_AXI4_AVIP-1/src at phase1_development_branch · muneeb-mbytes/Mbits_AXI4...,2,1
/muneeb-mbytes/Mbits_AXI4_AVIP-1/blob/phase1_development_branch/doc/axi4_avip_architecture_document.pdf,Mbits_AXI4_AVIP-1/doc/axi4_avip_architecture_document.pdf at phase1_developme...,4,1
/muneeb-mbytes/Mbits_AXI4_AVIP-1,muneeb-mbytes/Mbits_AXI4_AVIP-1: Mbits axi4 avip,2,1
/muneeb-mbytes/Mbits_AXI4_AVIP-1/tree/phase1_development_branch/doc,Mbits_AXI4_AVIP-1/doc at phase1_development_branch · muneeb-mbytes/Mbits_AXI4...,2,1
/muneeb-mbytes/Mbits_AXI4_AVIP-1/tree/phase1_development_branch/src,Mbits_AXI4_AVIP-1/src at phase1_development_branch · muneeb-mbytes/Mbits_AXI4...,2,1
