/muneeb-mbytes/spi_avip,muneeb-mbytes/spi_avip: SPI protocol Accelerated VIP,19,9
/muneeb-mbytes/spi_avip/tree/phase1_development_branch/src/hvl_top/master,spi_avip/src/hvl_top/master at phase1_development_branch · muneeb-mbytes/spi_...,19,2
/muneeb-mbytes/spi_avip/tree/phase1_development_branch/src/hvl_top,spi_avip/src/hvl_top at phase1_development_branch · muneeb-mbytes/spi_avip,18,2
/muneeb-mbytes/spi_avip/blob/phase1_development_branch/src/hvl_top/master/master_driver_proxy.sv,spi_avip/src/hvl_top/master/master_driver_proxy.sv at phase1_development_bran...,17,2
/muneeb-mbytes/spi_avip/tree/phase1_development_branch/src,spi_avip/src at phase1_development_branch · muneeb-mbytes/spi_avip,16,2
/muneeb-mbytes/spi_avip/tree/main/src/hvl_top,spi_avip/src/hvl_top at main · muneeb-mbytes/spi_avip,12,4
/muneeb-mbytes/spi_avip/tree/phase1_development_branch/src/hvl_top/env,spi_avip/src/hvl_top/env at phase1_development_branch · muneeb-mbytes/spi_avip,12,1
/muneeb-mbytes/spi_avip/tree/main/src,spi_avip/src at main · muneeb-mbytes/spi_avip,11,5
/muneeb-mbytes/spi_avip/tree/main/doc,spi_avip/doc at main · muneeb-mbytes/spi_avip,9,3
/muneeb-mbytes/spi_avip/tree/main/src/globals,spi_avip/src/globals at main · muneeb-mbytes/spi_avip · GitHub,9,3
/muneeb-mbytes/spi_avip,muneeb-mbytes/spi_avip: SPI protocol Accelerated VIP,19,9
/muneeb-mbytes/spi_avip/tree/phase1_development_branch/src/hvl_top/master,spi_avip/src/hvl_top/master at phase1_development_branch · muneeb-mbytes/spi_...,19,2
/muneeb-mbytes/spi_avip/tree/phase1_development_branch/src/hvl_top,spi_avip/src/hvl_top at phase1_development_branch · muneeb-mbytes/spi_avip,18,2
/muneeb-mbytes/spi_avip/blob/phase1_development_branch/src/hvl_top/master/master_driver_proxy.sv,spi_avip/src/hvl_top/master/master_driver_proxy.sv at phase1_development_bran...,17,2
/muneeb-mbytes/spi_avip/tree/phase1_development_branch/src,spi_avip/src at phase1_development_branch · muneeb-mbytes/spi_avip,16,2
/muneeb-mbytes/spi_avip/tree/main/src/hvl_top,spi_avip/src/hvl_top at main · muneeb-mbytes/spi_avip,12,4
/muneeb-mbytes/spi_avip/tree/phase1_development_branch/src/hvl_top/env,spi_avip/src/hvl_top/env at phase1_development_branch · muneeb-mbytes/spi_avip,12,1
/muneeb-mbytes/spi_avip/tree/main/src,spi_avip/src at main · muneeb-mbytes/spi_avip,11,5
/muneeb-mbytes/spi_avip/tree/main/doc,spi_avip/doc at main · muneeb-mbytes/spi_avip,9,3
/muneeb-mbytes/spi_avip/tree/main/src/globals,spi_avip/src/globals at main · muneeb-mbytes/spi_avip · GitHub,9,3
/muneeb-mbytes/spi_avip,muneeb-mbytes/spi_avip: SPI protocol Accelerated VIP,19,9
/muneeb-mbytes/spi_avip/tree/phase1_development_branch/src/hvl_top/master,spi_avip/src/hvl_top/master at phase1_development_branch · muneeb-mbytes/spi_...,19,2
/muneeb-mbytes/spi_avip/tree/phase1_development_branch/src/hvl_top,spi_avip/src/hvl_top at phase1_development_branch · muneeb-mbytes/spi_avip,18,2
/muneeb-mbytes/spi_avip/blob/phase1_development_branch/src/hvl_top/master/master_driver_proxy.sv,spi_avip/src/hvl_top/master/master_driver_proxy.sv at phase1_development_bran...,17,2
/muneeb-mbytes/spi_avip/tree/phase1_development_branch/src,spi_avip/src at phase1_development_branch · muneeb-mbytes/spi_avip,16,2
/muneeb-mbytes/spi_avip/tree/main/src/hvl_top,spi_avip/src/hvl_top at main · muneeb-mbytes/spi_avip,12,4
/muneeb-mbytes/spi_avip/tree/phase1_development_branch/src/hvl_top/env,spi_avip/src/hvl_top/env at phase1_development_branch · muneeb-mbytes/spi_avip,12,1
/muneeb-mbytes/spi_avip/tree/main/src,spi_avip/src at main · muneeb-mbytes/spi_avip,11,5
/muneeb-mbytes/spi_avip/tree/main/doc,spi_avip/doc at main · muneeb-mbytes/spi_avip,9,3
/muneeb-mbytes/spi_avip/tree/main/src/globals,spi_avip/src/globals at main · muneeb-mbytes/spi_avip · GitHub,9,3
/muneeb-mbytes/spi_avip,muneeb-mbytes/spi_avip: SPI protocol Accelerated VIP,19,9
/muneeb-mbytes/spi_avip/tree/phase1_development_branch/src/hvl_top/master,spi_avip/src/hvl_top/master at phase1_development_branch · muneeb-mbytes/spi_...,19,2
/muneeb-mbytes/spi_avip/tree/phase1_development_branch/src/hvl_top,spi_avip/src/hvl_top at phase1_development_branch · muneeb-mbytes/spi_avip,18,2
/muneeb-mbytes/spi_avip/blob/phase1_development_branch/src/hvl_top/master/master_driver_proxy.sv,spi_avip/src/hvl_top/master/master_driver_proxy.sv at phase1_development_bran...,17,2
/muneeb-mbytes/spi_avip/tree/phase1_development_branch/src,spi_avip/src at phase1_development_branch · muneeb-mbytes/spi_avip,16,2
/muneeb-mbytes/spi_avip/tree/main/src/hvl_top,spi_avip/src/hvl_top at main · muneeb-mbytes/spi_avip,12,4
/muneeb-mbytes/spi_avip/tree/phase1_development_branch/src/hvl_top/env,spi_avip/src/hvl_top/env at phase1_development_branch · muneeb-mbytes/spi_avip,12,1
/muneeb-mbytes/spi_avip/tree/main/src,spi_avip/src at main · muneeb-mbytes/spi_avip,11,5
/muneeb-mbytes/spi_avip/tree/main/doc,spi_avip/doc at main · muneeb-mbytes/spi_avip,9,3
/muneeb-mbytes/spi_avip/tree/main/src/globals,spi_avip/src/globals at main · muneeb-mbytes/spi_avip · GitHub,9,3
/muneeb-mbytes/spi_avip,muneeb-mbytes/spi_avip: SPI protocol Accelerated VIP,19,9
/muneeb-mbytes/spi_avip/tree/phase1_development_branch/src/hvl_top/master,spi_avip/src/hvl_top/master at phase1_development_branch · muneeb-mbytes/spi_...,19,2
/muneeb-mbytes/spi_avip/tree/phase1_development_branch/src/hvl_top,spi_avip/src/hvl_top at phase1_development_branch · muneeb-mbytes/spi_avip,18,2
/muneeb-mbytes/spi_avip/blob/phase1_development_branch/src/hvl_top/master/master_driver_proxy.sv,spi_avip/src/hvl_top/master/master_driver_proxy.sv at phase1_development_bran...,17,2
/muneeb-mbytes/spi_avip/tree/phase1_development_branch/src,spi_avip/src at phase1_development_branch · muneeb-mbytes/spi_avip,16,2
/muneeb-mbytes/spi_avip/tree/main/src/hvl_top,spi_avip/src/hvl_top at main · muneeb-mbytes/spi_avip,12,4
/muneeb-mbytes/spi_avip/tree/phase1_development_branch/src/hvl_top/env,spi_avip/src/hvl_top/env at phase1_development_branch · muneeb-mbytes/spi_avip,12,1
/muneeb-mbytes/spi_avip/tree/main/src,spi_avip/src at main · muneeb-mbytes/spi_avip,11,5
/muneeb-mbytes/spi_avip/tree/main/doc,spi_avip/doc at main · muneeb-mbytes/spi_avip,9,3
/muneeb-mbytes/spi_avip/tree/main/src/globals,spi_avip/src/globals at main · muneeb-mbytes/spi_avip · GitHub,9,3
/muneeb-mbytes/spi_avip,muneeb-mbytes/spi_avip: SPI protocol Accelerated VIP,19,9
/muneeb-mbytes/spi_avip/tree/phase1_development_branch/src/hvl_top/master,spi_avip/src/hvl_top/master at phase1_development_branch · muneeb-mbytes/spi_...,19,2
/muneeb-mbytes/spi_avip/tree/phase1_development_branch/src/hvl_top,spi_avip/src/hvl_top at phase1_development_branch · muneeb-mbytes/spi_avip,18,2
/muneeb-mbytes/spi_avip/blob/phase1_development_branch/src/hvl_top/master/master_driver_proxy.sv,spi_avip/src/hvl_top/master/master_driver_proxy.sv at phase1_development_bran...,17,2
/muneeb-mbytes/spi_avip/tree/phase1_development_branch/src,spi_avip/src at phase1_development_branch · muneeb-mbytes/spi_avip,16,2
/muneeb-mbytes/spi_avip/tree/main/src/hvl_top,spi_avip/src/hvl_top at main · muneeb-mbytes/spi_avip,12,4
/muneeb-mbytes/spi_avip/tree/phase1_development_branch/src/hvl_top/env,spi_avip/src/hvl_top/env at phase1_development_branch · muneeb-mbytes/spi_avip,12,1
/muneeb-mbytes/spi_avip/tree/main/src,spi_avip/src at main · muneeb-mbytes/spi_avip,11,5
/muneeb-mbytes/spi_avip/tree/main/doc,spi_avip/doc at main · muneeb-mbytes/spi_avip,9,3
/muneeb-mbytes/spi_avip/tree/main/src/globals,spi_avip/src/globals at main · muneeb-mbytes/spi_avip · GitHub,9,3
/muneeb-mbytes/spi_avip,muneeb-mbytes/spi_avip: SPI protocol Accelerated VIP,19,9
/muneeb-mbytes/spi_avip/tree/phase1_development_branch/src/hvl_top/master,spi_avip/src/hvl_top/master at phase1_development_branch · muneeb-mbytes/spi_...,19,2
/muneeb-mbytes/spi_avip/tree/phase1_development_branch/src/hvl_top,spi_avip/src/hvl_top at phase1_development_branch · muneeb-mbytes/spi_avip,18,2
/muneeb-mbytes/spi_avip/blob/phase1_development_branch/src/hvl_top/master/master_driver_proxy.sv,spi_avip/src/hvl_top/master/master_driver_proxy.sv at phase1_development_bran...,17,2
/muneeb-mbytes/spi_avip/tree/phase1_development_branch/src,spi_avip/src at phase1_development_branch · muneeb-mbytes/spi_avip,16,2
/muneeb-mbytes/spi_avip/tree/main/src/hvl_top,spi_avip/src/hvl_top at main · muneeb-mbytes/spi_avip,12,4
/muneeb-mbytes/spi_avip/tree/phase1_development_branch/src/hvl_top/env,spi_avip/src/hvl_top/env at phase1_development_branch · muneeb-mbytes/spi_avip,12,1
/muneeb-mbytes/spi_avip/tree/main/src,spi_avip/src at main · muneeb-mbytes/spi_avip,11,5
/muneeb-mbytes/spi_avip/tree/main/doc,spi_avip/doc at main · muneeb-mbytes/spi_avip,9,3
/muneeb-mbytes/spi_avip/tree/main/src/globals,spi_avip/src/globals at main · muneeb-mbytes/spi_avip · GitHub,9,3
/muneeb-mbytes/spi_avip,muneeb-mbytes/spi_avip: SPI protocol Accelerated VIP,19,9
/muneeb-mbytes/spi_avip/tree/phase1_development_branch/src/hvl_top/master,spi_avip/src/hvl_top/master at phase1_development_branch · muneeb-mbytes/spi_...,19,2
/muneeb-mbytes/spi_avip/tree/phase1_development_branch/src/hvl_top,spi_avip/src/hvl_top at phase1_development_branch · muneeb-mbytes/spi_avip,18,2
/muneeb-mbytes/spi_avip/blob/phase1_development_branch/src/hvl_top/master/master_driver_proxy.sv,spi_avip/src/hvl_top/master/master_driver_proxy.sv at phase1_development_bran...,17,2
/muneeb-mbytes/spi_avip/tree/phase1_development_branch/src,spi_avip/src at phase1_development_branch · muneeb-mbytes/spi_avip,16,2
/muneeb-mbytes/spi_avip/tree/main/src/hvl_top,spi_avip/src/hvl_top at main · muneeb-mbytes/spi_avip,12,4
/muneeb-mbytes/spi_avip/tree/phase1_development_branch/src/hvl_top/env,spi_avip/src/hvl_top/env at phase1_development_branch · muneeb-mbytes/spi_avip,12,1
/muneeb-mbytes/spi_avip/tree/main/src,spi_avip/src at main · muneeb-mbytes/spi_avip,11,5
/muneeb-mbytes/spi_avip/tree/main/doc,spi_avip/doc at main · muneeb-mbytes/spi_avip,9,3
/muneeb-mbytes/spi_avip/tree/main/src/globals,spi_avip/src/globals at main · muneeb-mbytes/spi_avip · GitHub,9,3
/muneeb-mbytes/spi_avip,muneeb-mbytes/spi_avip: SPI protocol Accelerated VIP,19,9
/muneeb-mbytes/spi_avip/tree/phase1_development_branch/src/hvl_top/master,spi_avip/src/hvl_top/master at phase1_development_branch · muneeb-mbytes/spi_...,19,2
/muneeb-mbytes/spi_avip/tree/phase1_development_branch/src/hvl_top,spi_avip/src/hvl_top at phase1_development_branch · muneeb-mbytes/spi_avip,18,2
/muneeb-mbytes/spi_avip/blob/phase1_development_branch/src/hvl_top/master/master_driver_proxy.sv,spi_avip/src/hvl_top/master/master_driver_proxy.sv at phase1_development_bran...,17,2
/muneeb-mbytes/spi_avip/tree/phase1_development_branch/src,spi_avip/src at phase1_development_branch · muneeb-mbytes/spi_avip,16,2
/muneeb-mbytes/spi_avip/tree/main/src/hvl_top,spi_avip/src/hvl_top at main · muneeb-mbytes/spi_avip,12,4
/muneeb-mbytes/spi_avip/tree/phase1_development_branch/src/hvl_top/env,spi_avip/src/hvl_top/env at phase1_development_branch · muneeb-mbytes/spi_avip,12,1
/muneeb-mbytes/spi_avip/tree/main/src,spi_avip/src at main · muneeb-mbytes/spi_avip,11,5
/muneeb-mbytes/spi_avip/tree/main/doc,spi_avip/doc at main · muneeb-mbytes/spi_avip,9,3
/muneeb-mbytes/spi_avip/tree/main/src/globals,spi_avip/src/globals at main · muneeb-mbytes/spi_avip · GitHub,9,3
/muneeb-mbytes/spi_avip,muneeb-mbytes/spi_avip: SPI protocol Accelerated VIP,19,9
/muneeb-mbytes/spi_avip/tree/phase1_development_branch/src/hvl_top/master,spi_avip/src/hvl_top/master at phase1_development_branch · muneeb-mbytes/spi_...,19,2
/muneeb-mbytes/spi_avip/tree/phase1_development_branch/src/hvl_top,spi_avip/src/hvl_top at phase1_development_branch · muneeb-mbytes/spi_avip,18,2
/muneeb-mbytes/spi_avip/blob/phase1_development_branch/src/hvl_top/master/master_driver_proxy.sv,spi_avip/src/hvl_top/master/master_driver_proxy.sv at phase1_development_bran...,17,2
/muneeb-mbytes/spi_avip/tree/phase1_development_branch/src,spi_avip/src at phase1_development_branch · muneeb-mbytes/spi_avip,16,2
/muneeb-mbytes/spi_avip/tree/main/src/hvl_top,spi_avip/src/hvl_top at main · muneeb-mbytes/spi_avip,12,4
/muneeb-mbytes/spi_avip/tree/phase1_development_branch/src/hvl_top/env,spi_avip/src/hvl_top/env at phase1_development_branch · muneeb-mbytes/spi_avip,12,1
/muneeb-mbytes/spi_avip/tree/main/src,spi_avip/src at main · muneeb-mbytes/spi_avip,11,5
/muneeb-mbytes/spi_avip/tree/main/doc,spi_avip/doc at main · muneeb-mbytes/spi_avip,9,3
/muneeb-mbytes/spi_avip/tree/main/src/globals,spi_avip/src/globals at main · muneeb-mbytes/spi_avip · GitHub,9,3
