/muneeb-mbytes/spi_avip-1/blob/main/src/hvl_top/test/base_test.sv,spi_avip-1/src/hvl_top/test/base_test.sv at main · muneeb-mbytes/spi_avip-1 ·...,10,2
/muneeb-mbytes/spi_avip-1/blob/main/src/hvl_top/test/test_pkg.sv,spi_avip-1/src/hvl_top/test/test_pkg.sv at main · muneeb-mbytes/spi_avip-1 · ...,6,2
/muneeb-mbytes/spi_avip-1/tree/main/src,spi_avip-1/src at main · muneeb-mbytes/spi_avip-1 · GitHub,5,1
/muneeb-mbytes/spi_avip-1/blob/main/src/hvl_top/test/virtual_sequence/master_virtual_sequence.sv,spi_avip-1/src/hvl_top/test/virtual_sequence/master_virtual_sequence.sv at ma...,4,2
/muneeb-mbytes/spi_avip-1/tree/main/src/hvl_top/test,spi_avip-1/src/hvl_top/test at main · muneeb-mbytes/spi_avip-1 · GitHub,4,2
/muneeb-mbytes/spi_avip-1/tree/main/src/hvl_top/test/virtual_sequence,spi_avip-1/src/hvl_top/test/virtual_sequence at main · muneeb-mbytes/spi_avip...,4,2
/muneeb-mbytes/spi_avip-1/blob/main/README.md,spi_avip-1/README.md at main · muneeb-mbytes/spi_avip-1 · GitHub,4,1
/muneeb-mbytes/spi_avip-1/tree/main/src/hvl_top/slave,spi_avip-1/src/hvl_top/slave at main · muneeb-mbytes/spi_avip-1 · GitHub,3,1
/muneeb-mbytes/spi_avip-1/blob/main/src/hvl_top/master/master_sequence.sv,spi_avip-1/src/hvl_top/master/master_sequence.sv at main · muneeb-mbytes/spi_...,2,1
/muneeb-mbytes/spi_avip-1/blob/main/src/hvl_top/master/master_tx.sv,spi_avip-1/src/hvl_top/master/master_tx.sv at main · muneeb-mbytes/spi_avip-1...,2,1
/muneeb-mbytes/spi_avip-1/blob/main/src/hvl_top/test/base_test.sv,spi_avip-1/src/hvl_top/test/base_test.sv at main · muneeb-mbytes/spi_avip-1 ·...,10,2
/muneeb-mbytes/spi_avip-1/blob/main/src/hvl_top/test/test_pkg.sv,spi_avip-1/src/hvl_top/test/test_pkg.sv at main · muneeb-mbytes/spi_avip-1 · ...,6,2
/muneeb-mbytes/spi_avip-1/tree/main/src,spi_avip-1/src at main · muneeb-mbytes/spi_avip-1 · GitHub,5,1
/muneeb-mbytes/spi_avip-1/blob/main/src/hvl_top/test/virtual_sequence/master_virtual_sequence.sv,spi_avip-1/src/hvl_top/test/virtual_sequence/master_virtual_sequence.sv at ma...,4,2
/muneeb-mbytes/spi_avip-1/tree/main/src/hvl_top/test,spi_avip-1/src/hvl_top/test at main · muneeb-mbytes/spi_avip-1 · GitHub,4,2
/muneeb-mbytes/spi_avip-1/tree/main/src/hvl_top/test/virtual_sequence,spi_avip-1/src/hvl_top/test/virtual_sequence at main · muneeb-mbytes/spi_avip...,4,2
/muneeb-mbytes/spi_avip-1/blob/main/README.md,spi_avip-1/README.md at main · muneeb-mbytes/spi_avip-1 · GitHub,4,1
/muneeb-mbytes/spi_avip-1/tree/main/src/hvl_top/slave,spi_avip-1/src/hvl_top/slave at main · muneeb-mbytes/spi_avip-1 · GitHub,3,1
/muneeb-mbytes/spi_avip-1/blob/main/src/hvl_top/master/master_sequence.sv,spi_avip-1/src/hvl_top/master/master_sequence.sv at main · muneeb-mbytes/spi_...,2,1
/muneeb-mbytes/spi_avip-1/blob/main/src/hvl_top/master/master_tx.sv,spi_avip-1/src/hvl_top/master/master_tx.sv at main · muneeb-mbytes/spi_avip-1...,2,1
/muneeb-mbytes/spi_avip-1/blob/main/src/hvl_top/test/base_test.sv,spi_avip-1/src/hvl_top/test/base_test.sv at main · muneeb-mbytes/spi_avip-1 ·...,10,2
/muneeb-mbytes/spi_avip-1/blob/main/src/hvl_top/test/test_pkg.sv,spi_avip-1/src/hvl_top/test/test_pkg.sv at main · muneeb-mbytes/spi_avip-1 · ...,6,2
/muneeb-mbytes/spi_avip-1/tree/main/src,spi_avip-1/src at main · muneeb-mbytes/spi_avip-1 · GitHub,5,1
/muneeb-mbytes/spi_avip-1/blob/main/src/hvl_top/test/virtual_sequence/master_virtual_sequence.sv,spi_avip-1/src/hvl_top/test/virtual_sequence/master_virtual_sequence.sv at ma...,4,2
/muneeb-mbytes/spi_avip-1/tree/main/src/hvl_top/test,spi_avip-1/src/hvl_top/test at main · muneeb-mbytes/spi_avip-1 · GitHub,4,2
/muneeb-mbytes/spi_avip-1/tree/main/src/hvl_top/test/virtual_sequence,spi_avip-1/src/hvl_top/test/virtual_sequence at main · muneeb-mbytes/spi_avip...,4,2
/muneeb-mbytes/spi_avip-1/blob/main/README.md,spi_avip-1/README.md at main · muneeb-mbytes/spi_avip-1 · GitHub,4,1
/muneeb-mbytes/spi_avip-1/tree/main/src/hvl_top/slave,spi_avip-1/src/hvl_top/slave at main · muneeb-mbytes/spi_avip-1 · GitHub,3,1
/muneeb-mbytes/spi_avip-1/blob/main/src/hvl_top/master/master_sequence.sv,spi_avip-1/src/hvl_top/master/master_sequence.sv at main · muneeb-mbytes/spi_...,2,1
/muneeb-mbytes/spi_avip-1/blob/main/src/hvl_top/master/master_tx.sv,spi_avip-1/src/hvl_top/master/master_tx.sv at main · muneeb-mbytes/spi_avip-1...,2,1
/muneeb-mbytes/spi_avip-1/blob/main/src/hvl_top/test/base_test.sv,spi_avip-1/src/hvl_top/test/base_test.sv at main · muneeb-mbytes/spi_avip-1 ·...,10,2
/muneeb-mbytes/spi_avip-1/blob/main/src/hvl_top/test/test_pkg.sv,spi_avip-1/src/hvl_top/test/test_pkg.sv at main · muneeb-mbytes/spi_avip-1 · ...,6,2
/muneeb-mbytes/spi_avip-1/tree/main/src,spi_avip-1/src at main · muneeb-mbytes/spi_avip-1 · GitHub,5,1
/muneeb-mbytes/spi_avip-1/blob/main/src/hvl_top/test/virtual_sequence/master_virtual_sequence.sv,spi_avip-1/src/hvl_top/test/virtual_sequence/master_virtual_sequence.sv at ma...,4,2
/muneeb-mbytes/spi_avip-1/tree/main/src/hvl_top/test,spi_avip-1/src/hvl_top/test at main · muneeb-mbytes/spi_avip-1 · GitHub,4,2
/muneeb-mbytes/spi_avip-1/tree/main/src/hvl_top/test/virtual_sequence,spi_avip-1/src/hvl_top/test/virtual_sequence at main · muneeb-mbytes/spi_avip...,4,2
/muneeb-mbytes/spi_avip-1/blob/main/README.md,spi_avip-1/README.md at main · muneeb-mbytes/spi_avip-1 · GitHub,4,1
/muneeb-mbytes/spi_avip-1/tree/main/src/hvl_top/slave,spi_avip-1/src/hvl_top/slave at main · muneeb-mbytes/spi_avip-1 · GitHub,3,1
/muneeb-mbytes/spi_avip-1/blob/main/src/hvl_top/master/master_sequence.sv,spi_avip-1/src/hvl_top/master/master_sequence.sv at main · muneeb-mbytes/spi_...,2,1
/muneeb-mbytes/spi_avip-1/blob/main/src/hvl_top/master/master_tx.sv,spi_avip-1/src/hvl_top/master/master_tx.sv at main · muneeb-mbytes/spi_avip-1...,2,1
/muneeb-mbytes/spi_avip-1/blob/main/src/hvl_top/test/base_test.sv,spi_avip-1/src/hvl_top/test/base_test.sv at main · muneeb-mbytes/spi_avip-1 ·...,10,2
/muneeb-mbytes/spi_avip-1/blob/main/src/hvl_top/test/test_pkg.sv,spi_avip-1/src/hvl_top/test/test_pkg.sv at main · muneeb-mbytes/spi_avip-1 · ...,6,2
/muneeb-mbytes/spi_avip-1/tree/main/src,spi_avip-1/src at main · muneeb-mbytes/spi_avip-1 · GitHub,5,1
/muneeb-mbytes/spi_avip-1/blob/main/src/hvl_top/test/virtual_sequence/master_virtual_sequence.sv,spi_avip-1/src/hvl_top/test/virtual_sequence/master_virtual_sequence.sv at ma...,4,2
/muneeb-mbytes/spi_avip-1/tree/main/src/hvl_top/test,spi_avip-1/src/hvl_top/test at main · muneeb-mbytes/spi_avip-1 · GitHub,4,2
/muneeb-mbytes/spi_avip-1/tree/main/src/hvl_top/test/virtual_sequence,spi_avip-1/src/hvl_top/test/virtual_sequence at main · muneeb-mbytes/spi_avip...,4,2
/muneeb-mbytes/spi_avip-1/blob/main/README.md,spi_avip-1/README.md at main · muneeb-mbytes/spi_avip-1 · GitHub,4,1
/muneeb-mbytes/spi_avip-1/tree/main/src/hvl_top/slave,spi_avip-1/src/hvl_top/slave at main · muneeb-mbytes/spi_avip-1 · GitHub,3,1
/muneeb-mbytes/spi_avip-1/blob/main/src/hvl_top/master/master_sequence.sv,spi_avip-1/src/hvl_top/master/master_sequence.sv at main · muneeb-mbytes/spi_...,2,1
/muneeb-mbytes/spi_avip-1/blob/main/src/hvl_top/master/master_tx.sv,spi_avip-1/src/hvl_top/master/master_tx.sv at main · muneeb-mbytes/spi_avip-1...,2,1
/muneeb-mbytes/spi_avip-1/blob/main/src/hvl_top/test/base_test.sv,spi_avip-1/src/hvl_top/test/base_test.sv at main · muneeb-mbytes/spi_avip-1 ·...,10,2
/muneeb-mbytes/spi_avip-1/blob/main/src/hvl_top/test/test_pkg.sv,spi_avip-1/src/hvl_top/test/test_pkg.sv at main · muneeb-mbytes/spi_avip-1 · ...,6,2
/muneeb-mbytes/spi_avip-1/tree/main/src,spi_avip-1/src at main · muneeb-mbytes/spi_avip-1 · GitHub,5,1
/muneeb-mbytes/spi_avip-1/blob/main/src/hvl_top/test/virtual_sequence/master_virtual_sequence.sv,spi_avip-1/src/hvl_top/test/virtual_sequence/master_virtual_sequence.sv at ma...,4,2
/muneeb-mbytes/spi_avip-1/tree/main/src/hvl_top/test,spi_avip-1/src/hvl_top/test at main · muneeb-mbytes/spi_avip-1 · GitHub,4,2
/muneeb-mbytes/spi_avip-1/tree/main/src/hvl_top/test/virtual_sequence,spi_avip-1/src/hvl_top/test/virtual_sequence at main · muneeb-mbytes/spi_avip...,4,2
/muneeb-mbytes/spi_avip-1/blob/main/README.md,spi_avip-1/README.md at main · muneeb-mbytes/spi_avip-1 · GitHub,4,1
/muneeb-mbytes/spi_avip-1/tree/main/src/hvl_top/slave,spi_avip-1/src/hvl_top/slave at main · muneeb-mbytes/spi_avip-1 · GitHub,3,1
/muneeb-mbytes/spi_avip-1/blob/main/src/hvl_top/master/master_sequence.sv,spi_avip-1/src/hvl_top/master/master_sequence.sv at main · muneeb-mbytes/spi_...,2,1
/muneeb-mbytes/spi_avip-1/blob/main/src/hvl_top/master/master_tx.sv,spi_avip-1/src/hvl_top/master/master_tx.sv at main · muneeb-mbytes/spi_avip-1...,2,1
/muneeb-mbytes/spi_avip-1/blob/main/src/hvl_top/test/base_test.sv,spi_avip-1/src/hvl_top/test/base_test.sv at main · muneeb-mbytes/spi_avip-1 ·...,10,2
/muneeb-mbytes/spi_avip-1/blob/main/src/hvl_top/test/test_pkg.sv,spi_avip-1/src/hvl_top/test/test_pkg.sv at main · muneeb-mbytes/spi_avip-1 · ...,6,2
/muneeb-mbytes/spi_avip-1/tree/main/src,spi_avip-1/src at main · muneeb-mbytes/spi_avip-1 · GitHub,5,1
/muneeb-mbytes/spi_avip-1/blob/main/src/hvl_top/test/virtual_sequence/master_virtual_sequence.sv,spi_avip-1/src/hvl_top/test/virtual_sequence/master_virtual_sequence.sv at ma...,4,2
/muneeb-mbytes/spi_avip-1/tree/main/src/hvl_top/test,spi_avip-1/src/hvl_top/test at main · muneeb-mbytes/spi_avip-1 · GitHub,4,2
/muneeb-mbytes/spi_avip-1/tree/main/src/hvl_top/test/virtual_sequence,spi_avip-1/src/hvl_top/test/virtual_sequence at main · muneeb-mbytes/spi_avip...,4,2
/muneeb-mbytes/spi_avip-1/blob/main/README.md,spi_avip-1/README.md at main · muneeb-mbytes/spi_avip-1 · GitHub,4,1
/muneeb-mbytes/spi_avip-1/tree/main/src/hvl_top/slave,spi_avip-1/src/hvl_top/slave at main · muneeb-mbytes/spi_avip-1 · GitHub,3,1
/muneeb-mbytes/spi_avip-1/blob/main/src/hvl_top/master/master_sequence.sv,spi_avip-1/src/hvl_top/master/master_sequence.sv at main · muneeb-mbytes/spi_...,2,1
/muneeb-mbytes/spi_avip-1/blob/main/src/hvl_top/master/master_tx.sv,spi_avip-1/src/hvl_top/master/master_tx.sv at main · muneeb-mbytes/spi_avip-1...,2,1
/muneeb-mbytes/spi_avip-1/blob/main/src/hvl_top/test/base_test.sv,spi_avip-1/src/hvl_top/test/base_test.sv at main · muneeb-mbytes/spi_avip-1 ·...,10,2
/muneeb-mbytes/spi_avip-1/blob/main/src/hvl_top/test/test_pkg.sv,spi_avip-1/src/hvl_top/test/test_pkg.sv at main · muneeb-mbytes/spi_avip-1 · ...,6,2
/muneeb-mbytes/spi_avip-1/tree/main/src,spi_avip-1/src at main · muneeb-mbytes/spi_avip-1 · GitHub,5,1
/muneeb-mbytes/spi_avip-1/blob/main/src/hvl_top/test/virtual_sequence/master_virtual_sequence.sv,spi_avip-1/src/hvl_top/test/virtual_sequence/master_virtual_sequence.sv at ma...,4,2
/muneeb-mbytes/spi_avip-1/tree/main/src/hvl_top/test,spi_avip-1/src/hvl_top/test at main · muneeb-mbytes/spi_avip-1 · GitHub,4,2
/muneeb-mbytes/spi_avip-1/tree/main/src/hvl_top/test/virtual_sequence,spi_avip-1/src/hvl_top/test/virtual_sequence at main · muneeb-mbytes/spi_avip...,4,2
/muneeb-mbytes/spi_avip-1/blob/main/README.md,spi_avip-1/README.md at main · muneeb-mbytes/spi_avip-1 · GitHub,4,1
/muneeb-mbytes/spi_avip-1/tree/main/src/hvl_top/slave,spi_avip-1/src/hvl_top/slave at main · muneeb-mbytes/spi_avip-1 · GitHub,3,1
/muneeb-mbytes/spi_avip-1/blob/main/src/hvl_top/master/master_sequence.sv,spi_avip-1/src/hvl_top/master/master_sequence.sv at main · muneeb-mbytes/spi_...,2,1
/muneeb-mbytes/spi_avip-1/blob/main/src/hvl_top/master/master_tx.sv,spi_avip-1/src/hvl_top/master/master_tx.sv at main · muneeb-mbytes/spi_avip-1...,2,1
/muneeb-mbytes/spi_avip-1/blob/main/src/hvl_top/test/base_test.sv,spi_avip-1/src/hvl_top/test/base_test.sv at main · muneeb-mbytes/spi_avip-1 ·...,10,2
/muneeb-mbytes/spi_avip-1/blob/main/src/hvl_top/test/test_pkg.sv,spi_avip-1/src/hvl_top/test/test_pkg.sv at main · muneeb-mbytes/spi_avip-1 · ...,6,2
/muneeb-mbytes/spi_avip-1/tree/main/src,spi_avip-1/src at main · muneeb-mbytes/spi_avip-1 · GitHub,5,1
/muneeb-mbytes/spi_avip-1/blob/main/src/hvl_top/test/virtual_sequence/master_virtual_sequence.sv,spi_avip-1/src/hvl_top/test/virtual_sequence/master_virtual_sequence.sv at ma...,4,2
/muneeb-mbytes/spi_avip-1/tree/main/src/hvl_top/test,spi_avip-1/src/hvl_top/test at main · muneeb-mbytes/spi_avip-1 · GitHub,4,2
/muneeb-mbytes/spi_avip-1/tree/main/src/hvl_top/test/virtual_sequence,spi_avip-1/src/hvl_top/test/virtual_sequence at main · muneeb-mbytes/spi_avip...,4,2
/muneeb-mbytes/spi_avip-1/blob/main/README.md,spi_avip-1/README.md at main · muneeb-mbytes/spi_avip-1 · GitHub,4,1
/muneeb-mbytes/spi_avip-1/tree/main/src/hvl_top/slave,spi_avip-1/src/hvl_top/slave at main · muneeb-mbytes/spi_avip-1 · GitHub,3,1
/muneeb-mbytes/spi_avip-1/blob/main/src/hvl_top/master/master_sequence.sv,spi_avip-1/src/hvl_top/master/master_sequence.sv at main · muneeb-mbytes/spi_...,2,1
/muneeb-mbytes/spi_avip-1/blob/main/src/hvl_top/master/master_tx.sv,spi_avip-1/src/hvl_top/master/master_tx.sv at main · muneeb-mbytes/spi_avip-1...,2,1
/muneeb-mbytes/spi_avip-1/blob/main/src/hvl_top/test/base_test.sv,spi_avip-1/src/hvl_top/test/base_test.sv at main · muneeb-mbytes/spi_avip-1 ·...,10,2
/muneeb-mbytes/spi_avip-1/blob/main/src/hvl_top/test/test_pkg.sv,spi_avip-1/src/hvl_top/test/test_pkg.sv at main · muneeb-mbytes/spi_avip-1 · ...,6,2
/muneeb-mbytes/spi_avip-1/tree/main/src,spi_avip-1/src at main · muneeb-mbytes/spi_avip-1 · GitHub,5,1
/muneeb-mbytes/spi_avip-1/blob/main/src/hvl_top/test/virtual_sequence/master_virtual_sequence.sv,spi_avip-1/src/hvl_top/test/virtual_sequence/master_virtual_sequence.sv at ma...,4,2
/muneeb-mbytes/spi_avip-1/tree/main/src/hvl_top/test,spi_avip-1/src/hvl_top/test at main · muneeb-mbytes/spi_avip-1 · GitHub,4,2
/muneeb-mbytes/spi_avip-1/tree/main/src/hvl_top/test/virtual_sequence,spi_avip-1/src/hvl_top/test/virtual_sequence at main · muneeb-mbytes/spi_avip...,4,2
/muneeb-mbytes/spi_avip-1/blob/main/README.md,spi_avip-1/README.md at main · muneeb-mbytes/spi_avip-1 · GitHub,4,1
/muneeb-mbytes/spi_avip-1/tree/main/src/hvl_top/slave,spi_avip-1/src/hvl_top/slave at main · muneeb-mbytes/spi_avip-1 · GitHub,3,1
/muneeb-mbytes/spi_avip-1/blob/main/src/hvl_top/master/master_sequence.sv,spi_avip-1/src/hvl_top/master/master_sequence.sv at main · muneeb-mbytes/spi_...,2,1
/muneeb-mbytes/spi_avip-1/blob/main/src/hvl_top/master/master_tx.sv,spi_avip-1/src/hvl_top/master/master_tx.sv at main · muneeb-mbytes/spi_avip-1...,2,1
