/muneeb-mbytes/uart_avip/tree/main/src,File not found,9,1
/muneeb-mbytes/uart_avip/branches,Branches · muneeb-mbytes/uart_avip,7,1
/muneeb-mbytes/uart_avip/tree/loopback_branch/src,uart_avip/src at loopback_branch · muneeb-mbytes/uart_avip,7,1
/muneeb-mbytes/uart_avip/tree/loopback_branch/src/hvl_top,uart_avip/src/hvl_top at loopback_branch · muneeb-mbytes/uart_avip,6,1
/muneeb-mbytes/uart_avip/tree/tb_monitor_branch/src,uart_avip/src at tb_monitor_branch · muneeb-mbytes/uart_avip,6,1
/muneeb-mbytes/uart_avip/tree/tb_monitor_branch/src/hdl_top/device/device_agent_bfm/rx_agent_bfm,uart_avip/src/hdl_top/device/device_agent_bfm/rx_agent_bfm at tb_monitor_bran...,4,1
/muneeb-mbytes/uart_avip/blob/main/README.md,uart_avip/README.md at main · muneeb-mbytes/uart_avip,3,1
/muneeb-mbytes/uart_avip/commits/main,Commits · muneeb-mbytes/uart_avip · GitHub,3,1
/muneeb-mbytes/uart_avip/tree/loopback_branch/src/hvl_top/device,uart_avip/src/hvl_top/device at loopback_branch · muneeb-mbytes/uart_avip,3,1
/muneeb-mbytes/uart_avip,muneeb-mbytes/uart_avip: UART Accelerated VIP,2,2
/muneeb-mbytes/uart_avip/tree/main/src,File not found,9,1
/muneeb-mbytes/uart_avip/branches,Branches · muneeb-mbytes/uart_avip,7,1
/muneeb-mbytes/uart_avip/tree/loopback_branch/src,uart_avip/src at loopback_branch · muneeb-mbytes/uart_avip,7,1
/muneeb-mbytes/uart_avip/tree/loopback_branch/src/hvl_top,uart_avip/src/hvl_top at loopback_branch · muneeb-mbytes/uart_avip,6,1
/muneeb-mbytes/uart_avip/tree/tb_monitor_branch/src,uart_avip/src at tb_monitor_branch · muneeb-mbytes/uart_avip,6,1
/muneeb-mbytes/uart_avip/tree/tb_monitor_branch/src/hdl_top/device/device_agent_bfm/rx_agent_bfm,uart_avip/src/hdl_top/device/device_agent_bfm/rx_agent_bfm at tb_monitor_bran...,4,1
/muneeb-mbytes/uart_avip/blob/main/README.md,uart_avip/README.md at main · muneeb-mbytes/uart_avip,3,1
/muneeb-mbytes/uart_avip/commits/main,Commits · muneeb-mbytes/uart_avip · GitHub,3,1
/muneeb-mbytes/uart_avip/tree/loopback_branch/src/hvl_top/device,uart_avip/src/hvl_top/device at loopback_branch · muneeb-mbytes/uart_avip,3,1
/muneeb-mbytes/uart_avip,muneeb-mbytes/uart_avip: UART Accelerated VIP,2,2
/muneeb-mbytes/uart_avip/tree/main/src,File not found,9,1
/muneeb-mbytes/uart_avip/branches,Branches · muneeb-mbytes/uart_avip,7,1
/muneeb-mbytes/uart_avip/tree/loopback_branch/src,uart_avip/src at loopback_branch · muneeb-mbytes/uart_avip,7,1
/muneeb-mbytes/uart_avip/tree/loopback_branch/src/hvl_top,uart_avip/src/hvl_top at loopback_branch · muneeb-mbytes/uart_avip,6,1
/muneeb-mbytes/uart_avip/tree/tb_monitor_branch/src,uart_avip/src at tb_monitor_branch · muneeb-mbytes/uart_avip,6,1
/muneeb-mbytes/uart_avip/tree/tb_monitor_branch/src/hdl_top/device/device_agent_bfm/rx_agent_bfm,uart_avip/src/hdl_top/device/device_agent_bfm/rx_agent_bfm at tb_monitor_bran...,4,1
/muneeb-mbytes/uart_avip/blob/main/README.md,uart_avip/README.md at main · muneeb-mbytes/uart_avip,3,1
/muneeb-mbytes/uart_avip/commits/main,Commits · muneeb-mbytes/uart_avip · GitHub,3,1
/muneeb-mbytes/uart_avip/tree/loopback_branch/src/hvl_top/device,uart_avip/src/hvl_top/device at loopback_branch · muneeb-mbytes/uart_avip,3,1
/muneeb-mbytes/uart_avip,muneeb-mbytes/uart_avip: UART Accelerated VIP,2,2
/muneeb-mbytes/uart_avip/tree/main/src,File not found,9,1
/muneeb-mbytes/uart_avip/branches,Branches · muneeb-mbytes/uart_avip,7,1
/muneeb-mbytes/uart_avip/tree/loopback_branch/src,uart_avip/src at loopback_branch · muneeb-mbytes/uart_avip,7,1
/muneeb-mbytes/uart_avip/tree/loopback_branch/src/hvl_top,uart_avip/src/hvl_top at loopback_branch · muneeb-mbytes/uart_avip,6,1
/muneeb-mbytes/uart_avip/tree/tb_monitor_branch/src,uart_avip/src at tb_monitor_branch · muneeb-mbytes/uart_avip,6,1
/muneeb-mbytes/uart_avip/tree/tb_monitor_branch/src/hdl_top/device/device_agent_bfm/rx_agent_bfm,uart_avip/src/hdl_top/device/device_agent_bfm/rx_agent_bfm at tb_monitor_bran...,4,1
/muneeb-mbytes/uart_avip/blob/main/README.md,uart_avip/README.md at main · muneeb-mbytes/uart_avip,3,1
/muneeb-mbytes/uart_avip/commits/main,Commits · muneeb-mbytes/uart_avip · GitHub,3,1
/muneeb-mbytes/uart_avip/tree/loopback_branch/src/hvl_top/device,uart_avip/src/hvl_top/device at loopback_branch · muneeb-mbytes/uart_avip,3,1
/muneeb-mbytes/uart_avip,muneeb-mbytes/uart_avip: UART Accelerated VIP,2,2
/muneeb-mbytes/uart_avip/tree/main/src,File not found,9,1
/muneeb-mbytes/uart_avip/branches,Branches · muneeb-mbytes/uart_avip,7,1
/muneeb-mbytes/uart_avip/tree/loopback_branch/src,uart_avip/src at loopback_branch · muneeb-mbytes/uart_avip,7,1
/muneeb-mbytes/uart_avip/tree/loopback_branch/src/hvl_top,uart_avip/src/hvl_top at loopback_branch · muneeb-mbytes/uart_avip,6,1
/muneeb-mbytes/uart_avip/tree/tb_monitor_branch/src,uart_avip/src at tb_monitor_branch · muneeb-mbytes/uart_avip,6,1
/muneeb-mbytes/uart_avip/tree/tb_monitor_branch/src/hdl_top/device/device_agent_bfm/rx_agent_bfm,uart_avip/src/hdl_top/device/device_agent_bfm/rx_agent_bfm at tb_monitor_bran...,4,1
/muneeb-mbytes/uart_avip/blob/main/README.md,uart_avip/README.md at main · muneeb-mbytes/uart_avip,3,1
/muneeb-mbytes/uart_avip/commits/main,Commits · muneeb-mbytes/uart_avip · GitHub,3,1
/muneeb-mbytes/uart_avip/tree/loopback_branch/src/hvl_top/device,uart_avip/src/hvl_top/device at loopback_branch · muneeb-mbytes/uart_avip,3,1
/muneeb-mbytes/uart_avip,muneeb-mbytes/uart_avip: UART Accelerated VIP,2,2
/muneeb-mbytes/uart_avip/tree/main/src,File not found,9,1
/muneeb-mbytes/uart_avip/branches,Branches · muneeb-mbytes/uart_avip,7,1
/muneeb-mbytes/uart_avip/tree/loopback_branch/src,uart_avip/src at loopback_branch · muneeb-mbytes/uart_avip,7,1
/muneeb-mbytes/uart_avip/tree/loopback_branch/src/hvl_top,uart_avip/src/hvl_top at loopback_branch · muneeb-mbytes/uart_avip,6,1
/muneeb-mbytes/uart_avip/tree/tb_monitor_branch/src,uart_avip/src at tb_monitor_branch · muneeb-mbytes/uart_avip,6,1
/muneeb-mbytes/uart_avip/tree/tb_monitor_branch/src/hdl_top/device/device_agent_bfm/rx_agent_bfm,uart_avip/src/hdl_top/device/device_agent_bfm/rx_agent_bfm at tb_monitor_bran...,4,1
/muneeb-mbytes/uart_avip/blob/main/README.md,uart_avip/README.md at main · muneeb-mbytes/uart_avip,3,1
/muneeb-mbytes/uart_avip/commits/main,Commits · muneeb-mbytes/uart_avip · GitHub,3,1
/muneeb-mbytes/uart_avip/tree/loopback_branch/src/hvl_top/device,uart_avip/src/hvl_top/device at loopback_branch · muneeb-mbytes/uart_avip,3,1
/muneeb-mbytes/uart_avip,muneeb-mbytes/uart_avip: UART Accelerated VIP,2,2
/muneeb-mbytes/uart_avip/tree/main/src,File not found,9,1
/muneeb-mbytes/uart_avip/branches,Branches · muneeb-mbytes/uart_avip,7,1
/muneeb-mbytes/uart_avip/tree/loopback_branch/src,uart_avip/src at loopback_branch · muneeb-mbytes/uart_avip,7,1
/muneeb-mbytes/uart_avip/tree/loopback_branch/src/hvl_top,uart_avip/src/hvl_top at loopback_branch · muneeb-mbytes/uart_avip,6,1
/muneeb-mbytes/uart_avip/tree/tb_monitor_branch/src,uart_avip/src at tb_monitor_branch · muneeb-mbytes/uart_avip,6,1
/muneeb-mbytes/uart_avip/tree/tb_monitor_branch/src/hdl_top/device/device_agent_bfm/rx_agent_bfm,uart_avip/src/hdl_top/device/device_agent_bfm/rx_agent_bfm at tb_monitor_bran...,4,1
/muneeb-mbytes/uart_avip/blob/main/README.md,uart_avip/README.md at main · muneeb-mbytes/uart_avip,3,1
/muneeb-mbytes/uart_avip/commits/main,Commits · muneeb-mbytes/uart_avip · GitHub,3,1
/muneeb-mbytes/uart_avip/tree/loopback_branch/src/hvl_top/device,uart_avip/src/hvl_top/device at loopback_branch · muneeb-mbytes/uart_avip,3,1
/muneeb-mbytes/uart_avip,muneeb-mbytes/uart_avip: UART Accelerated VIP,2,2
/muneeb-mbytes/uart_avip/tree/main/src,File not found,9,1
/muneeb-mbytes/uart_avip/branches,Branches · muneeb-mbytes/uart_avip,7,1
/muneeb-mbytes/uart_avip/tree/loopback_branch/src,uart_avip/src at loopback_branch · muneeb-mbytes/uart_avip,7,1
/muneeb-mbytes/uart_avip/tree/loopback_branch/src/hvl_top,uart_avip/src/hvl_top at loopback_branch · muneeb-mbytes/uart_avip,6,1
/muneeb-mbytes/uart_avip/tree/tb_monitor_branch/src,uart_avip/src at tb_monitor_branch · muneeb-mbytes/uart_avip,6,1
/muneeb-mbytes/uart_avip/tree/tb_monitor_branch/src/hdl_top/device/device_agent_bfm/rx_agent_bfm,uart_avip/src/hdl_top/device/device_agent_bfm/rx_agent_bfm at tb_monitor_bran...,4,1
/muneeb-mbytes/uart_avip/blob/main/README.md,uart_avip/README.md at main · muneeb-mbytes/uart_avip,3,1
/muneeb-mbytes/uart_avip/commits/main,Commits · muneeb-mbytes/uart_avip · GitHub,3,1
/muneeb-mbytes/uart_avip/tree/loopback_branch/src/hvl_top/device,uart_avip/src/hvl_top/device at loopback_branch · muneeb-mbytes/uart_avip,3,1
/muneeb-mbytes/uart_avip,muneeb-mbytes/uart_avip: UART Accelerated VIP,2,2
/muneeb-mbytes/uart_avip/tree/main/src,File not found,9,1
/muneeb-mbytes/uart_avip/branches,Branches · muneeb-mbytes/uart_avip,7,1
/muneeb-mbytes/uart_avip/tree/loopback_branch/src,uart_avip/src at loopback_branch · muneeb-mbytes/uart_avip,7,1
/muneeb-mbytes/uart_avip/tree/loopback_branch/src/hvl_top,uart_avip/src/hvl_top at loopback_branch · muneeb-mbytes/uart_avip,6,1
/muneeb-mbytes/uart_avip/tree/tb_monitor_branch/src,uart_avip/src at tb_monitor_branch · muneeb-mbytes/uart_avip,6,1
/muneeb-mbytes/uart_avip/tree/tb_monitor_branch/src/hdl_top/device/device_agent_bfm/rx_agent_bfm,uart_avip/src/hdl_top/device/device_agent_bfm/rx_agent_bfm at tb_monitor_bran...,4,1
/muneeb-mbytes/uart_avip/blob/main/README.md,uart_avip/README.md at main · muneeb-mbytes/uart_avip,3,1
/muneeb-mbytes/uart_avip/commits/main,Commits · muneeb-mbytes/uart_avip · GitHub,3,1
/muneeb-mbytes/uart_avip/tree/loopback_branch/src/hvl_top/device,uart_avip/src/hvl_top/device at loopback_branch · muneeb-mbytes/uart_avip,3,1
/muneeb-mbytes/uart_avip,muneeb-mbytes/uart_avip: UART Accelerated VIP,2,2
/muneeb-mbytes/uart_avip/tree/main/src,File not found,9,1
/muneeb-mbytes/uart_avip/branches,Branches · muneeb-mbytes/uart_avip,7,1
/muneeb-mbytes/uart_avip/tree/loopback_branch/src,uart_avip/src at loopback_branch · muneeb-mbytes/uart_avip,7,1
/muneeb-mbytes/uart_avip/tree/loopback_branch/src/hvl_top,uart_avip/src/hvl_top at loopback_branch · muneeb-mbytes/uart_avip,6,1
/muneeb-mbytes/uart_avip/tree/tb_monitor_branch/src,uart_avip/src at tb_monitor_branch · muneeb-mbytes/uart_avip,6,1
/muneeb-mbytes/uart_avip/tree/tb_monitor_branch/src/hdl_top/device/device_agent_bfm/rx_agent_bfm,uart_avip/src/hdl_top/device/device_agent_bfm/rx_agent_bfm at tb_monitor_bran...,4,1
/muneeb-mbytes/uart_avip/blob/main/README.md,uart_avip/README.md at main · muneeb-mbytes/uart_avip,3,1
/muneeb-mbytes/uart_avip/commits/main,Commits · muneeb-mbytes/uart_avip · GitHub,3,1
/muneeb-mbytes/uart_avip/tree/loopback_branch/src/hvl_top/device,uart_avip/src/hvl_top/device at loopback_branch · muneeb-mbytes/uart_avip,3,1
/muneeb-mbytes/uart_avip,muneeb-mbytes/uart_avip: UART Accelerated VIP,2,2
