/muneeb-mbytes/verilator/wiki,Home · muneeb-mbytes/verilator Wiki,40,10
/muneeb-mbytes/verilator/wiki/Installing-Verilator-via-WSL,Installing Verilator via WSL · muneeb-mbytes/verilator Wiki · GitHub,31,12
/muneeb-mbytes/verilator/wiki/Installation-steps,Installation steps · muneeb-mbytes/verilator Wiki,20,9
/muneeb-mbytes/verilator,muneeb-mbytes/verilator: Verilator open-source SystemVerilog simulator and li...,19,12
/muneeb-mbytes/verilator/tree/master/docs,verilator/docs at master · muneeb-mbytes/verilator,8,1
/muneeb-mbytes/verilator/wiki/Introduction,Introduction · muneeb-mbytes/verilator Wiki · GitHub,5,4
/muneeb-mbytes/verilator/tree/master/docs/guide,verilator/docs/guide at master · muneeb-mbytes/verilator,4,1
/muneeb-mbytes/verilator/wiki/Verilator-Windows-Installation-Procedure,Verilator Windows Installation Procedure · muneeb-mbytes/verilator Wiki,3,2
/muneeb-mbytes/verilator/graphs/commit-activity,Commit Activity · muneeb-mbytes/verilator · GitHub,2,1
/muneeb-mbytes/verilator/graphs/contributors,Contributors to muneeb-mbytes/verilator · GitHub,1,1
/muneeb-mbytes/verilator/wiki,Home · muneeb-mbytes/verilator Wiki,40,10
/muneeb-mbytes/verilator/wiki/Installing-Verilator-via-WSL,Installing Verilator via WSL · muneeb-mbytes/verilator Wiki · GitHub,31,12
/muneeb-mbytes/verilator/wiki/Installation-steps,Installation steps · muneeb-mbytes/verilator Wiki,20,9
/muneeb-mbytes/verilator,muneeb-mbytes/verilator: Verilator open-source SystemVerilog simulator and li...,19,12
/muneeb-mbytes/verilator/tree/master/docs,verilator/docs at master · muneeb-mbytes/verilator,8,1
/muneeb-mbytes/verilator/wiki/Introduction,Introduction · muneeb-mbytes/verilator Wiki · GitHub,5,4
/muneeb-mbytes/verilator/tree/master/docs/guide,verilator/docs/guide at master · muneeb-mbytes/verilator,4,1
/muneeb-mbytes/verilator/wiki/Verilator-Windows-Installation-Procedure,Verilator Windows Installation Procedure · muneeb-mbytes/verilator Wiki,3,2
/muneeb-mbytes/verilator/graphs/commit-activity,Commit Activity · muneeb-mbytes/verilator · GitHub,2,1
/muneeb-mbytes/verilator/graphs/contributors,Contributors to muneeb-mbytes/verilator · GitHub,1,1
/muneeb-mbytes/verilator/wiki,Home · muneeb-mbytes/verilator Wiki,40,10
/muneeb-mbytes/verilator/wiki/Installing-Verilator-via-WSL,Installing Verilator via WSL · muneeb-mbytes/verilator Wiki · GitHub,31,12
/muneeb-mbytes/verilator/wiki/Installation-steps,Installation steps · muneeb-mbytes/verilator Wiki,20,9
/muneeb-mbytes/verilator,muneeb-mbytes/verilator: Verilator open-source SystemVerilog simulator and li...,19,12
/muneeb-mbytes/verilator/tree/master/docs,verilator/docs at master · muneeb-mbytes/verilator,8,1
/muneeb-mbytes/verilator/wiki/Introduction,Introduction · muneeb-mbytes/verilator Wiki · GitHub,5,4
/muneeb-mbytes/verilator/tree/master/docs/guide,verilator/docs/guide at master · muneeb-mbytes/verilator,4,1
/muneeb-mbytes/verilator/wiki/Verilator-Windows-Installation-Procedure,Verilator Windows Installation Procedure · muneeb-mbytes/verilator Wiki,3,2
/muneeb-mbytes/verilator/graphs/commit-activity,Commit Activity · muneeb-mbytes/verilator · GitHub,2,1
/muneeb-mbytes/verilator/graphs/contributors,Contributors to muneeb-mbytes/verilator · GitHub,1,1
/muneeb-mbytes/verilator/wiki,Home · muneeb-mbytes/verilator Wiki,40,10
/muneeb-mbytes/verilator/wiki/Installing-Verilator-via-WSL,Installing Verilator via WSL · muneeb-mbytes/verilator Wiki · GitHub,31,12
/muneeb-mbytes/verilator/wiki/Installation-steps,Installation steps · muneeb-mbytes/verilator Wiki,20,9
/muneeb-mbytes/verilator,muneeb-mbytes/verilator: Verilator open-source SystemVerilog simulator and li...,19,12
/muneeb-mbytes/verilator/tree/master/docs,verilator/docs at master · muneeb-mbytes/verilator,8,1
/muneeb-mbytes/verilator/wiki/Introduction,Introduction · muneeb-mbytes/verilator Wiki · GitHub,5,4
/muneeb-mbytes/verilator/tree/master/docs/guide,verilator/docs/guide at master · muneeb-mbytes/verilator,4,1
/muneeb-mbytes/verilator/wiki/Verilator-Windows-Installation-Procedure,Verilator Windows Installation Procedure · muneeb-mbytes/verilator Wiki,3,2
/muneeb-mbytes/verilator/graphs/commit-activity,Commit Activity · muneeb-mbytes/verilator · GitHub,2,1
/muneeb-mbytes/verilator/graphs/contributors,Contributors to muneeb-mbytes/verilator · GitHub,1,1
/muneeb-mbytes/verilator/wiki,Home · muneeb-mbytes/verilator Wiki,40,10
/muneeb-mbytes/verilator/wiki/Installing-Verilator-via-WSL,Installing Verilator via WSL · muneeb-mbytes/verilator Wiki · GitHub,31,12
/muneeb-mbytes/verilator/wiki/Installation-steps,Installation steps · muneeb-mbytes/verilator Wiki,20,9
/muneeb-mbytes/verilator,muneeb-mbytes/verilator: Verilator open-source SystemVerilog simulator and li...,19,12
/muneeb-mbytes/verilator/tree/master/docs,verilator/docs at master · muneeb-mbytes/verilator,8,1
/muneeb-mbytes/verilator/wiki/Introduction,Introduction · muneeb-mbytes/verilator Wiki · GitHub,5,4
/muneeb-mbytes/verilator/tree/master/docs/guide,verilator/docs/guide at master · muneeb-mbytes/verilator,4,1
/muneeb-mbytes/verilator/wiki/Verilator-Windows-Installation-Procedure,Verilator Windows Installation Procedure · muneeb-mbytes/verilator Wiki,3,2
/muneeb-mbytes/verilator/graphs/commit-activity,Commit Activity · muneeb-mbytes/verilator · GitHub,2,1
/muneeb-mbytes/verilator/graphs/contributors,Contributors to muneeb-mbytes/verilator · GitHub,1,1
/muneeb-mbytes/verilator/wiki,Home · muneeb-mbytes/verilator Wiki,40,10
/muneeb-mbytes/verilator/wiki/Installing-Verilator-via-WSL,Installing Verilator via WSL · muneeb-mbytes/verilator Wiki · GitHub,31,12
/muneeb-mbytes/verilator/wiki/Installation-steps,Installation steps · muneeb-mbytes/verilator Wiki,20,9
/muneeb-mbytes/verilator,muneeb-mbytes/verilator: Verilator open-source SystemVerilog simulator and li...,19,12
/muneeb-mbytes/verilator/tree/master/docs,verilator/docs at master · muneeb-mbytes/verilator,8,1
/muneeb-mbytes/verilator/wiki/Introduction,Introduction · muneeb-mbytes/verilator Wiki · GitHub,5,4
/muneeb-mbytes/verilator/tree/master/docs/guide,verilator/docs/guide at master · muneeb-mbytes/verilator,4,1
/muneeb-mbytes/verilator/wiki/Verilator-Windows-Installation-Procedure,Verilator Windows Installation Procedure · muneeb-mbytes/verilator Wiki,3,2
/muneeb-mbytes/verilator/graphs/commit-activity,Commit Activity · muneeb-mbytes/verilator · GitHub,2,1
/muneeb-mbytes/verilator/graphs/contributors,Contributors to muneeb-mbytes/verilator · GitHub,1,1
/muneeb-mbytes/verilator/wiki,Home · muneeb-mbytes/verilator Wiki,40,10
/muneeb-mbytes/verilator/wiki/Installing-Verilator-via-WSL,Installing Verilator via WSL · muneeb-mbytes/verilator Wiki · GitHub,31,12
/muneeb-mbytes/verilator/wiki/Installation-steps,Installation steps · muneeb-mbytes/verilator Wiki,20,9
/muneeb-mbytes/verilator,muneeb-mbytes/verilator: Verilator open-source SystemVerilog simulator and li...,19,12
/muneeb-mbytes/verilator/tree/master/docs,verilator/docs at master · muneeb-mbytes/verilator,8,1
/muneeb-mbytes/verilator/wiki/Introduction,Introduction · muneeb-mbytes/verilator Wiki · GitHub,5,4
/muneeb-mbytes/verilator/tree/master/docs/guide,verilator/docs/guide at master · muneeb-mbytes/verilator,4,1
/muneeb-mbytes/verilator/wiki/Verilator-Windows-Installation-Procedure,Verilator Windows Installation Procedure · muneeb-mbytes/verilator Wiki,3,2
/muneeb-mbytes/verilator/graphs/commit-activity,Commit Activity · muneeb-mbytes/verilator · GitHub,2,1
/muneeb-mbytes/verilator/graphs/contributors,Contributors to muneeb-mbytes/verilator · GitHub,1,1
/muneeb-mbytes/verilator/wiki,Home · muneeb-mbytes/verilator Wiki,40,10
/muneeb-mbytes/verilator/wiki/Installing-Verilator-via-WSL,Installing Verilator via WSL · muneeb-mbytes/verilator Wiki · GitHub,31,12
/muneeb-mbytes/verilator/wiki/Installation-steps,Installation steps · muneeb-mbytes/verilator Wiki,20,9
/muneeb-mbytes/verilator,muneeb-mbytes/verilator: Verilator open-source SystemVerilog simulator and li...,19,12
/muneeb-mbytes/verilator/tree/master/docs,verilator/docs at master · muneeb-mbytes/verilator,8,1
/muneeb-mbytes/verilator/wiki/Introduction,Introduction · muneeb-mbytes/verilator Wiki · GitHub,5,4
/muneeb-mbytes/verilator/tree/master/docs/guide,verilator/docs/guide at master · muneeb-mbytes/verilator,4,1
/muneeb-mbytes/verilator/wiki/Verilator-Windows-Installation-Procedure,Verilator Windows Installation Procedure · muneeb-mbytes/verilator Wiki,3,2
/muneeb-mbytes/verilator/graphs/commit-activity,Commit Activity · muneeb-mbytes/verilator · GitHub,2,1
/muneeb-mbytes/verilator/graphs/contributors,Contributors to muneeb-mbytes/verilator · GitHub,1,1
/muneeb-mbytes/verilator/wiki,Home · muneeb-mbytes/verilator Wiki,40,10
/muneeb-mbytes/verilator/wiki/Installing-Verilator-via-WSL,Installing Verilator via WSL · muneeb-mbytes/verilator Wiki · GitHub,31,12
/muneeb-mbytes/verilator/wiki/Installation-steps,Installation steps · muneeb-mbytes/verilator Wiki,20,9
/muneeb-mbytes/verilator,muneeb-mbytes/verilator: Verilator open-source SystemVerilog simulator and li...,19,12
/muneeb-mbytes/verilator/tree/master/docs,verilator/docs at master · muneeb-mbytes/verilator,8,1
/muneeb-mbytes/verilator/wiki/Introduction,Introduction · muneeb-mbytes/verilator Wiki · GitHub,5,4
/muneeb-mbytes/verilator/tree/master/docs/guide,verilator/docs/guide at master · muneeb-mbytes/verilator,4,1
/muneeb-mbytes/verilator/wiki/Verilator-Windows-Installation-Procedure,Verilator Windows Installation Procedure · muneeb-mbytes/verilator Wiki,3,2
/muneeb-mbytes/verilator/graphs/commit-activity,Commit Activity · muneeb-mbytes/verilator · GitHub,2,1
/muneeb-mbytes/verilator/graphs/contributors,Contributors to muneeb-mbytes/verilator · GitHub,1,1
/muneeb-mbytes/verilator/wiki,Home · muneeb-mbytes/verilator Wiki,40,10
/muneeb-mbytes/verilator/wiki/Installing-Verilator-via-WSL,Installing Verilator via WSL · muneeb-mbytes/verilator Wiki · GitHub,31,12
/muneeb-mbytes/verilator/wiki/Installation-steps,Installation steps · muneeb-mbytes/verilator Wiki,20,9
/muneeb-mbytes/verilator,muneeb-mbytes/verilator: Verilator open-source SystemVerilog simulator and li...,19,12
/muneeb-mbytes/verilator/tree/master/docs,verilator/docs at master · muneeb-mbytes/verilator,8,1
/muneeb-mbytes/verilator/wiki/Introduction,Introduction · muneeb-mbytes/verilator Wiki · GitHub,5,4
/muneeb-mbytes/verilator/tree/master/docs/guide,verilator/docs/guide at master · muneeb-mbytes/verilator,4,1
/muneeb-mbytes/verilator/wiki/Verilator-Windows-Installation-Procedure,Verilator Windows Installation Procedure · muneeb-mbytes/verilator Wiki,3,2
/muneeb-mbytes/verilator/graphs/commit-activity,Commit Activity · muneeb-mbytes/verilator · GitHub,2,1
/muneeb-mbytes/verilator/graphs/contributors,Contributors to muneeb-mbytes/verilator · GitHub,1,1
