/muneeb-mbytes/verilogHDL,muneeb-mbytes/verilogHDL,10,7
/muneeb-mbytes/verilogHDL/wiki,Home · muneeb-mbytes/verilogHDL Wiki,7,5
/muneeb-mbytes/verilogHDL/wiki/SYNTHESIZABLE-VERILOG,SYNTHESIZABLE VERILOG · muneeb-mbytes/verilogHDL Wiki,2,2
/muneeb-mbytes/verilogHDL/wiki/Getting-started-with-Verilog,Getting started with Verilog · muneeb-mbytes/verilogHDL Wiki,1,1
/muneeb-mbytes/verilogHDL/wiki/Part-1,Part 1 · muneeb-mbytes/verilogHDL Wiki,1,1
/muneeb-mbytes/verilogHDL/wiki/Part-2,Part 2 · muneeb-mbytes/verilogHDL Wiki,1,1
/muneeb-mbytes/verilogHDL/wiki/Procedural-Assignment-Part-1,Procedural Assignment Part 1 · muneeb-mbytes/verilogHDL Wiki,1,1
/muneeb-mbytes/verilogHDL/wiki/Verilog-Description-Style,Verilog Description Style · muneeb-mbytes/verilogHDL Wiki,1,1
/muneeb-mbytes/verilogHDL/wiki/Veriolog-modelling-examples,Veriolog modelling examples · muneeb-mbytes/verilogHDL Wiki,1,1
/muneeb-mbytes/verilogHDL/wiki/VLSI-Design-Cycle,VLSI Design Cycle · muneeb-mbytes/verilogHDL Wiki,1,1
/muneeb-mbytes/verilogHDL,muneeb-mbytes/verilogHDL,10,7
/muneeb-mbytes/verilogHDL/wiki,Home · muneeb-mbytes/verilogHDL Wiki,7,5
/muneeb-mbytes/verilogHDL/wiki/SYNTHESIZABLE-VERILOG,SYNTHESIZABLE VERILOG · muneeb-mbytes/verilogHDL Wiki,2,2
/muneeb-mbytes/verilogHDL/wiki/Getting-started-with-Verilog,Getting started with Verilog · muneeb-mbytes/verilogHDL Wiki,1,1
/muneeb-mbytes/verilogHDL/wiki/Part-1,Part 1 · muneeb-mbytes/verilogHDL Wiki,1,1
/muneeb-mbytes/verilogHDL/wiki/Part-2,Part 2 · muneeb-mbytes/verilogHDL Wiki,1,1
/muneeb-mbytes/verilogHDL/wiki/Procedural-Assignment-Part-1,Procedural Assignment Part 1 · muneeb-mbytes/verilogHDL Wiki,1,1
/muneeb-mbytes/verilogHDL/wiki/Verilog-Description-Style,Verilog Description Style · muneeb-mbytes/verilogHDL Wiki,1,1
/muneeb-mbytes/verilogHDL/wiki/Veriolog-modelling-examples,Veriolog modelling examples · muneeb-mbytes/verilogHDL Wiki,1,1
/muneeb-mbytes/verilogHDL/wiki/VLSI-Design-Cycle,VLSI Design Cycle · muneeb-mbytes/verilogHDL Wiki,1,1
/muneeb-mbytes/verilogHDL,muneeb-mbytes/verilogHDL,10,7
/muneeb-mbytes/verilogHDL/wiki,Home · muneeb-mbytes/verilogHDL Wiki,7,5
/muneeb-mbytes/verilogHDL/wiki/SYNTHESIZABLE-VERILOG,SYNTHESIZABLE VERILOG · muneeb-mbytes/verilogHDL Wiki,2,2
/muneeb-mbytes/verilogHDL/wiki/Getting-started-with-Verilog,Getting started with Verilog · muneeb-mbytes/verilogHDL Wiki,1,1
/muneeb-mbytes/verilogHDL/wiki/Part-1,Part 1 · muneeb-mbytes/verilogHDL Wiki,1,1
/muneeb-mbytes/verilogHDL/wiki/Part-2,Part 2 · muneeb-mbytes/verilogHDL Wiki,1,1
/muneeb-mbytes/verilogHDL/wiki/Procedural-Assignment-Part-1,Procedural Assignment Part 1 · muneeb-mbytes/verilogHDL Wiki,1,1
/muneeb-mbytes/verilogHDL/wiki/Verilog-Description-Style,Verilog Description Style · muneeb-mbytes/verilogHDL Wiki,1,1
/muneeb-mbytes/verilogHDL/wiki/Veriolog-modelling-examples,Veriolog modelling examples · muneeb-mbytes/verilogHDL Wiki,1,1
/muneeb-mbytes/verilogHDL/wiki/VLSI-Design-Cycle,VLSI Design Cycle · muneeb-mbytes/verilogHDL Wiki,1,1
/muneeb-mbytes/verilogHDL,muneeb-mbytes/verilogHDL,10,7
/muneeb-mbytes/verilogHDL/wiki,Home · muneeb-mbytes/verilogHDL Wiki,7,5
/muneeb-mbytes/verilogHDL/wiki/SYNTHESIZABLE-VERILOG,SYNTHESIZABLE VERILOG · muneeb-mbytes/verilogHDL Wiki,2,2
/muneeb-mbytes/verilogHDL/wiki/Getting-started-with-Verilog,Getting started with Verilog · muneeb-mbytes/verilogHDL Wiki,1,1
/muneeb-mbytes/verilogHDL/wiki/Part-1,Part 1 · muneeb-mbytes/verilogHDL Wiki,1,1
/muneeb-mbytes/verilogHDL/wiki/Part-2,Part 2 · muneeb-mbytes/verilogHDL Wiki,1,1
/muneeb-mbytes/verilogHDL/wiki/Procedural-Assignment-Part-1,Procedural Assignment Part 1 · muneeb-mbytes/verilogHDL Wiki,1,1
/muneeb-mbytes/verilogHDL/wiki/Verilog-Description-Style,Verilog Description Style · muneeb-mbytes/verilogHDL Wiki,1,1
/muneeb-mbytes/verilogHDL/wiki/Veriolog-modelling-examples,Veriolog modelling examples · muneeb-mbytes/verilogHDL Wiki,1,1
/muneeb-mbytes/verilogHDL/wiki/VLSI-Design-Cycle,VLSI Design Cycle · muneeb-mbytes/verilogHDL Wiki,1,1
/muneeb-mbytes/verilogHDL,muneeb-mbytes/verilogHDL,10,7
/muneeb-mbytes/verilogHDL/wiki,Home · muneeb-mbytes/verilogHDL Wiki,7,5
/muneeb-mbytes/verilogHDL/wiki/SYNTHESIZABLE-VERILOG,SYNTHESIZABLE VERILOG · muneeb-mbytes/verilogHDL Wiki,2,2
/muneeb-mbytes/verilogHDL/wiki/Getting-started-with-Verilog,Getting started with Verilog · muneeb-mbytes/verilogHDL Wiki,1,1
/muneeb-mbytes/verilogHDL/wiki/Part-1,Part 1 · muneeb-mbytes/verilogHDL Wiki,1,1
/muneeb-mbytes/verilogHDL/wiki/Part-2,Part 2 · muneeb-mbytes/verilogHDL Wiki,1,1
/muneeb-mbytes/verilogHDL/wiki/Procedural-Assignment-Part-1,Procedural Assignment Part 1 · muneeb-mbytes/verilogHDL Wiki,1,1
/muneeb-mbytes/verilogHDL/wiki/Verilog-Description-Style,Verilog Description Style · muneeb-mbytes/verilogHDL Wiki,1,1
/muneeb-mbytes/verilogHDL/wiki/Veriolog-modelling-examples,Veriolog modelling examples · muneeb-mbytes/verilogHDL Wiki,1,1
/muneeb-mbytes/verilogHDL/wiki/VLSI-Design-Cycle,VLSI Design Cycle · muneeb-mbytes/verilogHDL Wiki,1,1
/muneeb-mbytes/verilogHDL,muneeb-mbytes/verilogHDL,10,7
/muneeb-mbytes/verilogHDL/wiki,Home · muneeb-mbytes/verilogHDL Wiki,7,5
/muneeb-mbytes/verilogHDL/wiki/SYNTHESIZABLE-VERILOG,SYNTHESIZABLE VERILOG · muneeb-mbytes/verilogHDL Wiki,2,2
/muneeb-mbytes/verilogHDL/wiki/Getting-started-with-Verilog,Getting started with Verilog · muneeb-mbytes/verilogHDL Wiki,1,1
/muneeb-mbytes/verilogHDL/wiki/Part-1,Part 1 · muneeb-mbytes/verilogHDL Wiki,1,1
/muneeb-mbytes/verilogHDL/wiki/Part-2,Part 2 · muneeb-mbytes/verilogHDL Wiki,1,1
/muneeb-mbytes/verilogHDL/wiki/Procedural-Assignment-Part-1,Procedural Assignment Part 1 · muneeb-mbytes/verilogHDL Wiki,1,1
/muneeb-mbytes/verilogHDL/wiki/Verilog-Description-Style,Verilog Description Style · muneeb-mbytes/verilogHDL Wiki,1,1
/muneeb-mbytes/verilogHDL/wiki/Veriolog-modelling-examples,Veriolog modelling examples · muneeb-mbytes/verilogHDL Wiki,1,1
/muneeb-mbytes/verilogHDL/wiki/VLSI-Design-Cycle,VLSI Design Cycle · muneeb-mbytes/verilogHDL Wiki,1,1
/muneeb-mbytes/verilogHDL,muneeb-mbytes/verilogHDL,10,7
/muneeb-mbytes/verilogHDL/wiki,Home · muneeb-mbytes/verilogHDL Wiki,7,5
/muneeb-mbytes/verilogHDL/wiki/SYNTHESIZABLE-VERILOG,SYNTHESIZABLE VERILOG · muneeb-mbytes/verilogHDL Wiki,2,2
/muneeb-mbytes/verilogHDL/wiki/Getting-started-with-Verilog,Getting started with Verilog · muneeb-mbytes/verilogHDL Wiki,1,1
/muneeb-mbytes/verilogHDL/wiki/Part-1,Part 1 · muneeb-mbytes/verilogHDL Wiki,1,1
/muneeb-mbytes/verilogHDL/wiki/Part-2,Part 2 · muneeb-mbytes/verilogHDL Wiki,1,1
/muneeb-mbytes/verilogHDL/wiki/Procedural-Assignment-Part-1,Procedural Assignment Part 1 · muneeb-mbytes/verilogHDL Wiki,1,1
/muneeb-mbytes/verilogHDL/wiki/Verilog-Description-Style,Verilog Description Style · muneeb-mbytes/verilogHDL Wiki,1,1
/muneeb-mbytes/verilogHDL/wiki/Veriolog-modelling-examples,Veriolog modelling examples · muneeb-mbytes/verilogHDL Wiki,1,1
/muneeb-mbytes/verilogHDL/wiki/VLSI-Design-Cycle,VLSI Design Cycle · muneeb-mbytes/verilogHDL Wiki,1,1
/muneeb-mbytes/verilogHDL,muneeb-mbytes/verilogHDL,10,7
/muneeb-mbytes/verilogHDL/wiki,Home · muneeb-mbytes/verilogHDL Wiki,7,5
/muneeb-mbytes/verilogHDL/wiki/SYNTHESIZABLE-VERILOG,SYNTHESIZABLE VERILOG · muneeb-mbytes/verilogHDL Wiki,2,2
/muneeb-mbytes/verilogHDL/wiki/Getting-started-with-Verilog,Getting started with Verilog · muneeb-mbytes/verilogHDL Wiki,1,1
/muneeb-mbytes/verilogHDL/wiki/Part-1,Part 1 · muneeb-mbytes/verilogHDL Wiki,1,1
/muneeb-mbytes/verilogHDL/wiki/Part-2,Part 2 · muneeb-mbytes/verilogHDL Wiki,1,1
/muneeb-mbytes/verilogHDL/wiki/Procedural-Assignment-Part-1,Procedural Assignment Part 1 · muneeb-mbytes/verilogHDL Wiki,1,1
/muneeb-mbytes/verilogHDL/wiki/Verilog-Description-Style,Verilog Description Style · muneeb-mbytes/verilogHDL Wiki,1,1
/muneeb-mbytes/verilogHDL/wiki/Veriolog-modelling-examples,Veriolog modelling examples · muneeb-mbytes/verilogHDL Wiki,1,1
/muneeb-mbytes/verilogHDL/wiki/VLSI-Design-Cycle,VLSI Design Cycle · muneeb-mbytes/verilogHDL Wiki,1,1
/muneeb-mbytes/verilogHDL,muneeb-mbytes/verilogHDL,10,7
/muneeb-mbytes/verilogHDL/wiki,Home · muneeb-mbytes/verilogHDL Wiki,7,5
/muneeb-mbytes/verilogHDL/wiki/SYNTHESIZABLE-VERILOG,SYNTHESIZABLE VERILOG · muneeb-mbytes/verilogHDL Wiki,2,2
/muneeb-mbytes/verilogHDL/wiki/Getting-started-with-Verilog,Getting started with Verilog · muneeb-mbytes/verilogHDL Wiki,1,1
/muneeb-mbytes/verilogHDL/wiki/Part-1,Part 1 · muneeb-mbytes/verilogHDL Wiki,1,1
/muneeb-mbytes/verilogHDL/wiki/Part-2,Part 2 · muneeb-mbytes/verilogHDL Wiki,1,1
/muneeb-mbytes/verilogHDL/wiki/Procedural-Assignment-Part-1,Procedural Assignment Part 1 · muneeb-mbytes/verilogHDL Wiki,1,1
/muneeb-mbytes/verilogHDL/wiki/Verilog-Description-Style,Verilog Description Style · muneeb-mbytes/verilogHDL Wiki,1,1
/muneeb-mbytes/verilogHDL/wiki/Veriolog-modelling-examples,Veriolog modelling examples · muneeb-mbytes/verilogHDL Wiki,1,1
/muneeb-mbytes/verilogHDL/wiki/VLSI-Design-Cycle,VLSI Design Cycle · muneeb-mbytes/verilogHDL Wiki,1,1
/muneeb-mbytes/verilogHDL,muneeb-mbytes/verilogHDL,10,7
/muneeb-mbytes/verilogHDL/wiki,Home · muneeb-mbytes/verilogHDL Wiki,7,5
/muneeb-mbytes/verilogHDL/wiki/SYNTHESIZABLE-VERILOG,SYNTHESIZABLE VERILOG · muneeb-mbytes/verilogHDL Wiki,2,2
/muneeb-mbytes/verilogHDL/wiki/Getting-started-with-Verilog,Getting started with Verilog · muneeb-mbytes/verilogHDL Wiki,1,1
/muneeb-mbytes/verilogHDL/wiki/Part-1,Part 1 · muneeb-mbytes/verilogHDL Wiki,1,1
/muneeb-mbytes/verilogHDL/wiki/Part-2,Part 2 · muneeb-mbytes/verilogHDL Wiki,1,1
/muneeb-mbytes/verilogHDL/wiki/Procedural-Assignment-Part-1,Procedural Assignment Part 1 · muneeb-mbytes/verilogHDL Wiki,1,1
/muneeb-mbytes/verilogHDL/wiki/Verilog-Description-Style,Verilog Description Style · muneeb-mbytes/verilogHDL Wiki,1,1
/muneeb-mbytes/verilogHDL/wiki/Veriolog-modelling-examples,Veriolog modelling examples · muneeb-mbytes/verilogHDL Wiki,1,1
/muneeb-mbytes/verilogHDL/wiki/VLSI-Design-Cycle,VLSI Design Cycle · muneeb-mbytes/verilogHDL Wiki,1,1
