/muneeb-mbytes/AXI_FIFO_BFM_2,muneeb-mbytes/AXI_FIFO_BFM_2: AXI4 with a FIFO integrated with VIP,4,3,
/muneeb-mbytes/AXI_FIFO_BFM_2/fork,Fork muneeb-mbytes/AXI_FIFO_BFM_2,2,1,
/muneeb-mbytes/AXI_FIFO_BFM_2/tree/phase1_development_branch/src,AXI_FIFO_BFM_2/src at phase1_development_branch · muneeb-mbytes/AXI_FIFO_BFM_2,2,1,
0,/muneeb-mbytes/AXI_FIFO_BFM_2,muneeb-mbytes/AXI_FIFO_BFM_2: AXI4 with a FIFO integrated with VIP,4,3.0
1,/muneeb-mbytes/AXI_FIFO_BFM_2/fork,Fork muneeb-mbytes/AXI_FIFO_BFM_2,2,1.0
2,/muneeb-mbytes/AXI_FIFO_BFM_2/tree/phase1_development_branch/src,AXI_FIFO_BFM_2/src at phase1_development_branch · muneeb-mbytes/AXI_FIFO_BFM_2,2,1.0
3,/muneeb-mbytes/AXI_FIFO_BFM_2,muneeb-mbytes/AXI_FIFO_BFM_2: AXI4 with a FIFO integrated with VIP,4,3.0
4,/muneeb-mbytes/AXI_FIFO_BFM_2/fork,Fork muneeb-mbytes/AXI_FIFO_BFM_2,2,1.0
5,/muneeb-mbytes/AXI_FIFO_BFM_2/tree/phase1_development_branch/src,AXI_FIFO_BFM_2/src at phase1_development_branch · muneeb-mbytes/AXI_FIFO_BFM_2,2,1.0
6,/muneeb-mbytes/AXI_FIFO_BFM_2,muneeb-mbytes/AXI_FIFO_BFM_2: AXI4 with a FIFO integrated with VIP,4,3.0
7,/muneeb-mbytes/AXI_FIFO_BFM_2/fork,Fork muneeb-mbytes/AXI_FIFO_BFM_2,2,1.0
8,/muneeb-mbytes/AXI_FIFO_BFM_2/tree/phase1_development_branch/src,AXI_FIFO_BFM_2/src at phase1_development_branch · muneeb-mbytes/AXI_FIFO_BFM_2,2,1.0
/muneeb-mbytes/AXI_FIFO_BFM_2,muneeb-mbytes/AXI_FIFO_BFM_2: AXI4 with a FIFO integrated with VIP,4,3,
/muneeb-mbytes/AXI_FIFO_BFM_2/fork,Fork muneeb-mbytes/AXI_FIFO_BFM_2,2,1,
/muneeb-mbytes/AXI_FIFO_BFM_2/tree/phase1_development_branch/src,AXI_FIFO_BFM_2/src at phase1_development_branch · muneeb-mbytes/AXI_FIFO_BFM_2,2,1,
0,/muneeb-mbytes/AXI_FIFO_BFM_2,muneeb-mbytes/AXI_FIFO_BFM_2: AXI4 with a FIFO integrated with VIP,4,3.0
1,/muneeb-mbytes/AXI_FIFO_BFM_2/fork,Fork muneeb-mbytes/AXI_FIFO_BFM_2,2,1.0
2,/muneeb-mbytes/AXI_FIFO_BFM_2/tree/phase1_development_branch/src,AXI_FIFO_BFM_2/src at phase1_development_branch · muneeb-mbytes/AXI_FIFO_BFM_2,2,1.0
3,/muneeb-mbytes/AXI_FIFO_BFM_2,muneeb-mbytes/AXI_FIFO_BFM_2: AXI4 with a FIFO integrated with VIP,4,3.0
4,/muneeb-mbytes/AXI_FIFO_BFM_2/fork,Fork muneeb-mbytes/AXI_FIFO_BFM_2,2,1.0
5,/muneeb-mbytes/AXI_FIFO_BFM_2/tree/phase1_development_branch/src,AXI_FIFO_BFM_2/src at phase1_development_branch · muneeb-mbytes/AXI_FIFO_BFM_2,2,1.0
6,/muneeb-mbytes/AXI_FIFO_BFM_2,muneeb-mbytes/AXI_FIFO_BFM_2: AXI4 with a FIFO integrated with VIP,4,3.0
7,/muneeb-mbytes/AXI_FIFO_BFM_2/fork,Fork muneeb-mbytes/AXI_FIFO_BFM_2,2,1.0
8,/muneeb-mbytes/AXI_FIFO_BFM_2/tree/phase1_development_branch/src,AXI_FIFO_BFM_2/src at phase1_development_branch · muneeb-mbytes/AXI_FIFO_BFM_2,2,1.0
/muneeb-mbytes/AXI_FIFO_BFM_2,muneeb-mbytes/AXI_FIFO_BFM_2: AXI4 with a FIFO integrated with VIP,4,3,
/muneeb-mbytes/AXI_FIFO_BFM_2/fork,Fork muneeb-mbytes/AXI_FIFO_BFM_2,2,1,
/muneeb-mbytes/AXI_FIFO_BFM_2/tree/phase1_development_branch/src,AXI_FIFO_BFM_2/src at phase1_development_branch · muneeb-mbytes/AXI_FIFO_BFM_2,2,1,
0,/muneeb-mbytes/AXI_FIFO_BFM_2,muneeb-mbytes/AXI_FIFO_BFM_2: AXI4 with a FIFO integrated with VIP,4,3.0
1,/muneeb-mbytes/AXI_FIFO_BFM_2/fork,Fork muneeb-mbytes/AXI_FIFO_BFM_2,2,1.0
2,/muneeb-mbytes/AXI_FIFO_BFM_2/tree/phase1_development_branch/src,AXI_FIFO_BFM_2/src at phase1_development_branch · muneeb-mbytes/AXI_FIFO_BFM_2,2,1.0
3,/muneeb-mbytes/AXI_FIFO_BFM_2,muneeb-mbytes/AXI_FIFO_BFM_2: AXI4 with a FIFO integrated with VIP,4,3.0
4,/muneeb-mbytes/AXI_FIFO_BFM_2/fork,Fork muneeb-mbytes/AXI_FIFO_BFM_2,2,1.0
5,/muneeb-mbytes/AXI_FIFO_BFM_2/tree/phase1_development_branch/src,AXI_FIFO_BFM_2/src at phase1_development_branch · muneeb-mbytes/AXI_FIFO_BFM_2,2,1.0
6,/muneeb-mbytes/AXI_FIFO_BFM_2,muneeb-mbytes/AXI_FIFO_BFM_2: AXI4 with a FIFO integrated with VIP,4,3.0
7,/muneeb-mbytes/AXI_FIFO_BFM_2/fork,Fork muneeb-mbytes/AXI_FIFO_BFM_2,2,1.0
8,/muneeb-mbytes/AXI_FIFO_BFM_2/tree/phase1_development_branch/src,AXI_FIFO_BFM_2/src at phase1_development_branch · muneeb-mbytes/AXI_FIFO_BFM_2,2,1.0
/muneeb-mbytes/AXI_FIFO_BFM_2,muneeb-mbytes/AXI_FIFO_BFM_2: AXI4 with a FIFO integrated with VIP,4,3,
/muneeb-mbytes/AXI_FIFO_BFM_2/fork,Fork muneeb-mbytes/AXI_FIFO_BFM_2,2,1,
/muneeb-mbytes/AXI_FIFO_BFM_2/tree/phase1_development_branch/src,AXI_FIFO_BFM_2/src at phase1_development_branch · muneeb-mbytes/AXI_FIFO_BFM_2,2,1,
0,/muneeb-mbytes/AXI_FIFO_BFM_2,muneeb-mbytes/AXI_FIFO_BFM_2: AXI4 with a FIFO integrated with VIP,4,3.0
1,/muneeb-mbytes/AXI_FIFO_BFM_2/fork,Fork muneeb-mbytes/AXI_FIFO_BFM_2,2,1.0
2,/muneeb-mbytes/AXI_FIFO_BFM_2/tree/phase1_development_branch/src,AXI_FIFO_BFM_2/src at phase1_development_branch · muneeb-mbytes/AXI_FIFO_BFM_2,2,1.0
3,/muneeb-mbytes/AXI_FIFO_BFM_2,muneeb-mbytes/AXI_FIFO_BFM_2: AXI4 with a FIFO integrated with VIP,4,3.0
4,/muneeb-mbytes/AXI_FIFO_BFM_2/fork,Fork muneeb-mbytes/AXI_FIFO_BFM_2,2,1.0
5,/muneeb-mbytes/AXI_FIFO_BFM_2/tree/phase1_development_branch/src,AXI_FIFO_BFM_2/src at phase1_development_branch · muneeb-mbytes/AXI_FIFO_BFM_2,2,1.0
6,/muneeb-mbytes/AXI_FIFO_BFM_2,muneeb-mbytes/AXI_FIFO_BFM_2: AXI4 with a FIFO integrated with VIP,4,3.0
7,/muneeb-mbytes/AXI_FIFO_BFM_2/fork,Fork muneeb-mbytes/AXI_FIFO_BFM_2,2,1.0
8,/muneeb-mbytes/AXI_FIFO_BFM_2/tree/phase1_development_branch/src,AXI_FIFO_BFM_2/src at phase1_development_branch · muneeb-mbytes/AXI_FIFO_BFM_2,2,1.0
/muneeb-mbytes/AXI_FIFO_BFM_2,muneeb-mbytes/AXI_FIFO_BFM_2: AXI4 with a FIFO integrated with VIP,4,3,
/muneeb-mbytes/AXI_FIFO_BFM_2/fork,Fork muneeb-mbytes/AXI_FIFO_BFM_2,2,1,
/muneeb-mbytes/AXI_FIFO_BFM_2/tree/phase1_development_branch/src,AXI_FIFO_BFM_2/src at phase1_development_branch · muneeb-mbytes/AXI_FIFO_BFM_2,2,1,
0,/muneeb-mbytes/AXI_FIFO_BFM_2,muneeb-mbytes/AXI_FIFO_BFM_2: AXI4 with a FIFO integrated with VIP,4,3.0
1,/muneeb-mbytes/AXI_FIFO_BFM_2/fork,Fork muneeb-mbytes/AXI_FIFO_BFM_2,2,1.0
2,/muneeb-mbytes/AXI_FIFO_BFM_2/tree/phase1_development_branch/src,AXI_FIFO_BFM_2/src at phase1_development_branch · muneeb-mbytes/AXI_FIFO_BFM_2,2,1.0
3,/muneeb-mbytes/AXI_FIFO_BFM_2,muneeb-mbytes/AXI_FIFO_BFM_2: AXI4 with a FIFO integrated with VIP,4,3.0
4,/muneeb-mbytes/AXI_FIFO_BFM_2/fork,Fork muneeb-mbytes/AXI_FIFO_BFM_2,2,1.0
5,/muneeb-mbytes/AXI_FIFO_BFM_2/tree/phase1_development_branch/src,AXI_FIFO_BFM_2/src at phase1_development_branch · muneeb-mbytes/AXI_FIFO_BFM_2,2,1.0
6,/muneeb-mbytes/AXI_FIFO_BFM_2,muneeb-mbytes/AXI_FIFO_BFM_2: AXI4 with a FIFO integrated with VIP,4,3.0
7,/muneeb-mbytes/AXI_FIFO_BFM_2/fork,Fork muneeb-mbytes/AXI_FIFO_BFM_2,2,1.0
8,/muneeb-mbytes/AXI_FIFO_BFM_2/tree/phase1_development_branch/src,AXI_FIFO_BFM_2/src at phase1_development_branch · muneeb-mbytes/AXI_FIFO_BFM_2,2,1.0
/muneeb-mbytes/AXI_FIFO_BFM_2,muneeb-mbytes/AXI_FIFO_BFM_2: AXI4 with a FIFO integrated with VIP,4,3,
/muneeb-mbytes/AXI_FIFO_BFM_2/fork,Fork muneeb-mbytes/AXI_FIFO_BFM_2,2,1,
/muneeb-mbytes/AXI_FIFO_BFM_2/tree/phase1_development_branch/src,AXI_FIFO_BFM_2/src at phase1_development_branch · muneeb-mbytes/AXI_FIFO_BFM_2,2,1,
0,/muneeb-mbytes/AXI_FIFO_BFM_2,muneeb-mbytes/AXI_FIFO_BFM_2: AXI4 with a FIFO integrated with VIP,4,3.0
1,/muneeb-mbytes/AXI_FIFO_BFM_2/fork,Fork muneeb-mbytes/AXI_FIFO_BFM_2,2,1.0
2,/muneeb-mbytes/AXI_FIFO_BFM_2/tree/phase1_development_branch/src,AXI_FIFO_BFM_2/src at phase1_development_branch · muneeb-mbytes/AXI_FIFO_BFM_2,2,1.0
3,/muneeb-mbytes/AXI_FIFO_BFM_2,muneeb-mbytes/AXI_FIFO_BFM_2: AXI4 with a FIFO integrated with VIP,4,3.0
4,/muneeb-mbytes/AXI_FIFO_BFM_2/fork,Fork muneeb-mbytes/AXI_FIFO_BFM_2,2,1.0
5,/muneeb-mbytes/AXI_FIFO_BFM_2/tree/phase1_development_branch/src,AXI_FIFO_BFM_2/src at phase1_development_branch · muneeb-mbytes/AXI_FIFO_BFM_2,2,1.0
6,/muneeb-mbytes/AXI_FIFO_BFM_2,muneeb-mbytes/AXI_FIFO_BFM_2: AXI4 with a FIFO integrated with VIP,4,3.0
7,/muneeb-mbytes/AXI_FIFO_BFM_2/fork,Fork muneeb-mbytes/AXI_FIFO_BFM_2,2,1.0
8,/muneeb-mbytes/AXI_FIFO_BFM_2/tree/phase1_development_branch/src,AXI_FIFO_BFM_2/src at phase1_development_branch · muneeb-mbytes/AXI_FIFO_BFM_2,2,1.0
/muneeb-mbytes/AXI_FIFO_BFM_2,muneeb-mbytes/AXI_FIFO_BFM_2: AXI4 with a FIFO integrated with VIP,4,3,
/muneeb-mbytes/AXI_FIFO_BFM_2/fork,Fork muneeb-mbytes/AXI_FIFO_BFM_2,2,1,
/muneeb-mbytes/AXI_FIFO_BFM_2/tree/phase1_development_branch/src,AXI_FIFO_BFM_2/src at phase1_development_branch · muneeb-mbytes/AXI_FIFO_BFM_2,2,1,
0,/muneeb-mbytes/AXI_FIFO_BFM_2,muneeb-mbytes/AXI_FIFO_BFM_2: AXI4 with a FIFO integrated with VIP,4,3.0
1,/muneeb-mbytes/AXI_FIFO_BFM_2/fork,Fork muneeb-mbytes/AXI_FIFO_BFM_2,2,1.0
2,/muneeb-mbytes/AXI_FIFO_BFM_2/tree/phase1_development_branch/src,AXI_FIFO_BFM_2/src at phase1_development_branch · muneeb-mbytes/AXI_FIFO_BFM_2,2,1.0
3,/muneeb-mbytes/AXI_FIFO_BFM_2,muneeb-mbytes/AXI_FIFO_BFM_2: AXI4 with a FIFO integrated with VIP,4,3.0
4,/muneeb-mbytes/AXI_FIFO_BFM_2/fork,Fork muneeb-mbytes/AXI_FIFO_BFM_2,2,1.0
5,/muneeb-mbytes/AXI_FIFO_BFM_2/tree/phase1_development_branch/src,AXI_FIFO_BFM_2/src at phase1_development_branch · muneeb-mbytes/AXI_FIFO_BFM_2,2,1.0
6,/muneeb-mbytes/AXI_FIFO_BFM_2,muneeb-mbytes/AXI_FIFO_BFM_2: AXI4 with a FIFO integrated with VIP,4,3.0
7,/muneeb-mbytes/AXI_FIFO_BFM_2/fork,Fork muneeb-mbytes/AXI_FIFO_BFM_2,2,1.0
8,/muneeb-mbytes/AXI_FIFO_BFM_2/tree/phase1_development_branch/src,AXI_FIFO_BFM_2/src at phase1_development_branch · muneeb-mbytes/AXI_FIFO_BFM_2,2,1.0
/muneeb-mbytes/AXI_FIFO_BFM_2,muneeb-mbytes/AXI_FIFO_BFM_2: AXI4 with a FIFO integrated with VIP,4,3,
/muneeb-mbytes/AXI_FIFO_BFM_2/fork,Fork muneeb-mbytes/AXI_FIFO_BFM_2,2,1,
/muneeb-mbytes/AXI_FIFO_BFM_2/tree/phase1_development_branch/src,AXI_FIFO_BFM_2/src at phase1_development_branch · muneeb-mbytes/AXI_FIFO_BFM_2,2,1,
0,/muneeb-mbytes/AXI_FIFO_BFM_2,muneeb-mbytes/AXI_FIFO_BFM_2: AXI4 with a FIFO integrated with VIP,4,3.0
1,/muneeb-mbytes/AXI_FIFO_BFM_2/fork,Fork muneeb-mbytes/AXI_FIFO_BFM_2,2,1.0
2,/muneeb-mbytes/AXI_FIFO_BFM_2/tree/phase1_development_branch/src,AXI_FIFO_BFM_2/src at phase1_development_branch · muneeb-mbytes/AXI_FIFO_BFM_2,2,1.0
3,/muneeb-mbytes/AXI_FIFO_BFM_2,muneeb-mbytes/AXI_FIFO_BFM_2: AXI4 with a FIFO integrated with VIP,4,3.0
4,/muneeb-mbytes/AXI_FIFO_BFM_2/fork,Fork muneeb-mbytes/AXI_FIFO_BFM_2,2,1.0
5,/muneeb-mbytes/AXI_FIFO_BFM_2/tree/phase1_development_branch/src,AXI_FIFO_BFM_2/src at phase1_development_branch · muneeb-mbytes/AXI_FIFO_BFM_2,2,1.0
6,/muneeb-mbytes/AXI_FIFO_BFM_2,muneeb-mbytes/AXI_FIFO_BFM_2: AXI4 with a FIFO integrated with VIP,4,3.0
7,/muneeb-mbytes/AXI_FIFO_BFM_2/fork,Fork muneeb-mbytes/AXI_FIFO_BFM_2,2,1.0
8,/muneeb-mbytes/AXI_FIFO_BFM_2/tree/phase1_development_branch/src,AXI_FIFO_BFM_2/src at phase1_development_branch · muneeb-mbytes/AXI_FIFO_BFM_2,2,1.0
/muneeb-mbytes/AXI_FIFO_BFM_2,muneeb-mbytes/AXI_FIFO_BFM_2: AXI4 with a FIFO integrated with VIP,4,3,
/muneeb-mbytes/AXI_FIFO_BFM_2/fork,Fork muneeb-mbytes/AXI_FIFO_BFM_2,2,1,
/muneeb-mbytes/AXI_FIFO_BFM_2/tree/phase1_development_branch/src,AXI_FIFO_BFM_2/src at phase1_development_branch · muneeb-mbytes/AXI_FIFO_BFM_2,2,1,
0,/muneeb-mbytes/AXI_FIFO_BFM_2,muneeb-mbytes/AXI_FIFO_BFM_2: AXI4 with a FIFO integrated with VIP,4,3.0
1,/muneeb-mbytes/AXI_FIFO_BFM_2/fork,Fork muneeb-mbytes/AXI_FIFO_BFM_2,2,1.0
2,/muneeb-mbytes/AXI_FIFO_BFM_2/tree/phase1_development_branch/src,AXI_FIFO_BFM_2/src at phase1_development_branch · muneeb-mbytes/AXI_FIFO_BFM_2,2,1.0
3,/muneeb-mbytes/AXI_FIFO_BFM_2,muneeb-mbytes/AXI_FIFO_BFM_2: AXI4 with a FIFO integrated with VIP,4,3.0
4,/muneeb-mbytes/AXI_FIFO_BFM_2/fork,Fork muneeb-mbytes/AXI_FIFO_BFM_2,2,1.0
5,/muneeb-mbytes/AXI_FIFO_BFM_2/tree/phase1_development_branch/src,AXI_FIFO_BFM_2/src at phase1_development_branch · muneeb-mbytes/AXI_FIFO_BFM_2,2,1.0
6,/muneeb-mbytes/AXI_FIFO_BFM_2,muneeb-mbytes/AXI_FIFO_BFM_2: AXI4 with a FIFO integrated with VIP,4,3.0
7,/muneeb-mbytes/AXI_FIFO_BFM_2/fork,Fork muneeb-mbytes/AXI_FIFO_BFM_2,2,1.0
8,/muneeb-mbytes/AXI_FIFO_BFM_2/tree/phase1_development_branch/src,AXI_FIFO_BFM_2/src at phase1_development_branch · muneeb-mbytes/AXI_FIFO_BFM_2,2,1.0
/muneeb-mbytes/AXI_FIFO_BFM_2,muneeb-mbytes/AXI_FIFO_BFM_2: AXI4 with a FIFO integrated with VIP,4,3,
/muneeb-mbytes/AXI_FIFO_BFM_2/fork,Fork muneeb-mbytes/AXI_FIFO_BFM_2,2,1,
/muneeb-mbytes/AXI_FIFO_BFM_2/tree/phase1_development_branch/src,AXI_FIFO_BFM_2/src at phase1_development_branch · muneeb-mbytes/AXI_FIFO_BFM_2,2,1,
0,/muneeb-mbytes/AXI_FIFO_BFM_2,muneeb-mbytes/AXI_FIFO_BFM_2: AXI4 with a FIFO integrated with VIP,4,3.0
1,/muneeb-mbytes/AXI_FIFO_BFM_2/fork,Fork muneeb-mbytes/AXI_FIFO_BFM_2,2,1.0
2,/muneeb-mbytes/AXI_FIFO_BFM_2/tree/phase1_development_branch/src,AXI_FIFO_BFM_2/src at phase1_development_branch · muneeb-mbytes/AXI_FIFO_BFM_2,2,1.0
3,/muneeb-mbytes/AXI_FIFO_BFM_2,muneeb-mbytes/AXI_FIFO_BFM_2: AXI4 with a FIFO integrated with VIP,4,3.0
4,/muneeb-mbytes/AXI_FIFO_BFM_2/fork,Fork muneeb-mbytes/AXI_FIFO_BFM_2,2,1.0
5,/muneeb-mbytes/AXI_FIFO_BFM_2/tree/phase1_development_branch/src,AXI_FIFO_BFM_2/src at phase1_development_branch · muneeb-mbytes/AXI_FIFO_BFM_2,2,1.0
6,/muneeb-mbytes/AXI_FIFO_BFM_2,muneeb-mbytes/AXI_FIFO_BFM_2: AXI4 with a FIFO integrated with VIP,4,3.0
7,/muneeb-mbytes/AXI_FIFO_BFM_2/fork,Fork muneeb-mbytes/AXI_FIFO_BFM_2,2,1.0
8,/muneeb-mbytes/AXI_FIFO_BFM_2/tree/phase1_development_branch/src,AXI_FIFO_BFM_2/src at phase1_development_branch · muneeb-mbytes/AXI_FIFO_BFM_2,2,1.0
/muneeb-mbytes/AXI_FIFO_BFM_2,muneeb-mbytes/AXI_FIFO_BFM_2: AXI4 with a FIFO integrated with VIP,4,3,
/muneeb-mbytes/AXI_FIFO_BFM_2/fork,Fork muneeb-mbytes/AXI_FIFO_BFM_2,2,1,
/muneeb-mbytes/AXI_FIFO_BFM_2/tree/phase1_development_branch/src,AXI_FIFO_BFM_2/src at phase1_development_branch · muneeb-mbytes/AXI_FIFO_BFM_2,2,1,
0,/muneeb-mbytes/AXI_FIFO_BFM_2,muneeb-mbytes/AXI_FIFO_BFM_2: AXI4 with a FIFO integrated with VIP,4,3.0
1,/muneeb-mbytes/AXI_FIFO_BFM_2/fork,Fork muneeb-mbytes/AXI_FIFO_BFM_2,2,1.0
2,/muneeb-mbytes/AXI_FIFO_BFM_2/tree/phase1_development_branch/src,AXI_FIFO_BFM_2/src at phase1_development_branch · muneeb-mbytes/AXI_FIFO_BFM_2,2,1.0
3,/muneeb-mbytes/AXI_FIFO_BFM_2,muneeb-mbytes/AXI_FIFO_BFM_2: AXI4 with a FIFO integrated with VIP,4,3.0
4,/muneeb-mbytes/AXI_FIFO_BFM_2/fork,Fork muneeb-mbytes/AXI_FIFO_BFM_2,2,1.0
5,/muneeb-mbytes/AXI_FIFO_BFM_2/tree/phase1_development_branch/src,AXI_FIFO_BFM_2/src at phase1_development_branch · muneeb-mbytes/AXI_FIFO_BFM_2,2,1.0
6,/muneeb-mbytes/AXI_FIFO_BFM_2,muneeb-mbytes/AXI_FIFO_BFM_2: AXI4 with a FIFO integrated with VIP,4,3.0
7,/muneeb-mbytes/AXI_FIFO_BFM_2/fork,Fork muneeb-mbytes/AXI_FIFO_BFM_2,2,1.0
8,/muneeb-mbytes/AXI_FIFO_BFM_2/tree/phase1_development_branch/src,AXI_FIFO_BFM_2/src at phase1_development_branch · muneeb-mbytes/AXI_FIFO_BFM_2,2,1.0
0,"{'path': '/muneeb-mbytes/AXI_FIFO_BFM_2', 'title': 'muneeb-mbytes/AXI_FIFO_BFM_2: AXI4 with a FIFO integrated with VIP', 'count': 2, 'uniques': 2}"
1,"{'path': '/muneeb-mbytes/AXI_FIFO_BFM_2/blob/phase1_development_branch/src/hdl_top/hdl_top.sv', 'title': 'AXI_FIFO_BFM_2/src/hdl_top/hdl_top.sv at phase1_development_branch · muneeb-m...', 'count': 2, 'uniques': 1}"
2,"{'path': '/muneeb-mbytes/AXI_FIFO_BFM_2/blob/phase1_development_branch/src/hdl_top/master_assertions.sv', 'title': 'AXI_FIFO_BFM_2/src/hdl_top/master_assertions.sv at phase1_development_branch ...', 'count': 2, 'uniques': 1}"
3,"{'path': '/muneeb-mbytes/AXI_FIFO_BFM_2/blob/phase1_development_branch/src/rtl/AXI_MASTER_READ_Control.v', 'title': 'AXI_FIFO_BFM_2/src/rtl/AXI_MASTER_READ_Control.v at phase1_development_branch...', 'count': 2, 'uniques': 1}"
4,"{'path': '/muneeb-mbytes/AXI_FIFO_BFM_2/blob/phase1_development_branch/src/rtl/AXI_MASTER_WRITE__CONTROL.v', 'title': 'AXI_FIFO_BFM_2/src/rtl/AXI_MASTER_WRITE__CONTROL.v at phase1_development_bran...', 'count': 2, 'uniques': 1}"
5,"{'path': '/muneeb-mbytes/AXI_FIFO_BFM_2/tree/phase1_development_branch/src', 'title': 'AXI_FIFO_BFM_2/src at phase1_development_branch · muneeb-mbytes/AXI_FIFO_BFM_...', 'count': 2, 'uniques': 1}"
6,"{'path': '/muneeb-mbytes/AXI_FIFO_BFM_2/tree/phase1_development_branch/src/hdl_top', 'title': 'AXI_FIFO_BFM_2/src/hdl_top at phase1_development_branch · muneeb-mbytes/AXI_F...', 'count': 2, 'uniques': 1}"
7,"{'path': '/muneeb-mbytes/AXI_FIFO_BFM_2/tree/phase1_development_branch/src/rtl', 'title': 'AXI_FIFO_BFM_2/src/rtl at phase1_development_branch · muneeb-mbytes/AXI_FIFO_...', 'count': 2, 'uniques': 1}"
