/muneeb-mbytes/edge_spartan6-6/wiki,GitHub · Where software is built,2,1,
/muneeb-mbytes/edge_spartan6-6,muneeb-mbytes/edge_spartan6-6: Lab infos,1,1,
0,/muneeb-mbytes/edge_spartan6-6/wiki,GitHub · Where software is built,2,1.0
1,/muneeb-mbytes/edge_spartan6-6,muneeb-mbytes/edge_spartan6-6: Lab infos,1,1.0
2,/muneeb-mbytes/edge_spartan6-6/wiki,GitHub · Where software is built,2,1.0
3,/muneeb-mbytes/edge_spartan6-6,muneeb-mbytes/edge_spartan6-6: Lab infos,1,1.0
/muneeb-mbytes/edge_spartan6-6/wiki,GitHub · Where software is built,2,1,
/muneeb-mbytes/edge_spartan6-6,muneeb-mbytes/edge_spartan6-6: Lab infos,1,1,
0,/muneeb-mbytes/edge_spartan6-6/wiki,GitHub · Where software is built,2,1.0
1,/muneeb-mbytes/edge_spartan6-6,muneeb-mbytes/edge_spartan6-6: Lab infos,1,1.0
2,/muneeb-mbytes/edge_spartan6-6/wiki,GitHub · Where software is built,2,1.0
3,/muneeb-mbytes/edge_spartan6-6,muneeb-mbytes/edge_spartan6-6: Lab infos,1,1.0
/muneeb-mbytes/edge_spartan6-6/wiki,GitHub · Where software is built,2,1,
/muneeb-mbytes/edge_spartan6-6,muneeb-mbytes/edge_spartan6-6: Lab infos,1,1,
0,/muneeb-mbytes/edge_spartan6-6/wiki,GitHub · Where software is built,2,1.0
1,/muneeb-mbytes/edge_spartan6-6,muneeb-mbytes/edge_spartan6-6: Lab infos,1,1.0
2,/muneeb-mbytes/edge_spartan6-6/wiki,GitHub · Where software is built,2,1.0
3,/muneeb-mbytes/edge_spartan6-6,muneeb-mbytes/edge_spartan6-6: Lab infos,1,1.0
/muneeb-mbytes/edge_spartan6-6/wiki,GitHub · Where software is built,2,1,
/muneeb-mbytes/edge_spartan6-6,muneeb-mbytes/edge_spartan6-6: Lab infos,1,1,
0,/muneeb-mbytes/edge_spartan6-6/wiki,GitHub · Where software is built,2,1.0
1,/muneeb-mbytes/edge_spartan6-6,muneeb-mbytes/edge_spartan6-6: Lab infos,1,1.0
2,/muneeb-mbytes/edge_spartan6-6/wiki,GitHub · Where software is built,2,1.0
3,/muneeb-mbytes/edge_spartan6-6,muneeb-mbytes/edge_spartan6-6: Lab infos,1,1.0
/muneeb-mbytes/edge_spartan6-6/wiki,GitHub · Where software is built,2,1,
/muneeb-mbytes/edge_spartan6-6,muneeb-mbytes/edge_spartan6-6: Lab infos,1,1,
0,/muneeb-mbytes/edge_spartan6-6/wiki,GitHub · Where software is built,2,1.0
1,/muneeb-mbytes/edge_spartan6-6,muneeb-mbytes/edge_spartan6-6: Lab infos,1,1.0
2,/muneeb-mbytes/edge_spartan6-6/wiki,GitHub · Where software is built,2,1.0
3,/muneeb-mbytes/edge_spartan6-6,muneeb-mbytes/edge_spartan6-6: Lab infos,1,1.0
/muneeb-mbytes/edge_spartan6-6/wiki,GitHub · Where software is built,2,1,
/muneeb-mbytes/edge_spartan6-6,muneeb-mbytes/edge_spartan6-6: Lab infos,1,1,
0,/muneeb-mbytes/edge_spartan6-6/wiki,GitHub · Where software is built,2,1.0
1,/muneeb-mbytes/edge_spartan6-6,muneeb-mbytes/edge_spartan6-6: Lab infos,1,1.0
2,/muneeb-mbytes/edge_spartan6-6/wiki,GitHub · Where software is built,2,1.0
3,/muneeb-mbytes/edge_spartan6-6,muneeb-mbytes/edge_spartan6-6: Lab infos,1,1.0
/muneeb-mbytes/edge_spartan6-6/wiki,GitHub · Where software is built,2,1,
/muneeb-mbytes/edge_spartan6-6,muneeb-mbytes/edge_spartan6-6: Lab infos,1,1,
0,/muneeb-mbytes/edge_spartan6-6/wiki,GitHub · Where software is built,2,1.0
1,/muneeb-mbytes/edge_spartan6-6,muneeb-mbytes/edge_spartan6-6: Lab infos,1,1.0
2,/muneeb-mbytes/edge_spartan6-6/wiki,GitHub · Where software is built,2,1.0
3,/muneeb-mbytes/edge_spartan6-6,muneeb-mbytes/edge_spartan6-6: Lab infos,1,1.0
/muneeb-mbytes/edge_spartan6-6/wiki,GitHub · Where software is built,2,1,
/muneeb-mbytes/edge_spartan6-6,muneeb-mbytes/edge_spartan6-6: Lab infos,1,1,
0,/muneeb-mbytes/edge_spartan6-6/wiki,GitHub · Where software is built,2,1.0
1,/muneeb-mbytes/edge_spartan6-6,muneeb-mbytes/edge_spartan6-6: Lab infos,1,1.0
2,/muneeb-mbytes/edge_spartan6-6/wiki,GitHub · Where software is built,2,1.0
3,/muneeb-mbytes/edge_spartan6-6,muneeb-mbytes/edge_spartan6-6: Lab infos,1,1.0
/muneeb-mbytes/edge_spartan6-6/wiki,GitHub · Where software is built,2,1,
/muneeb-mbytes/edge_spartan6-6,muneeb-mbytes/edge_spartan6-6: Lab infos,1,1,
0,/muneeb-mbytes/edge_spartan6-6/wiki,GitHub · Where software is built,2,1.0
1,/muneeb-mbytes/edge_spartan6-6,muneeb-mbytes/edge_spartan6-6: Lab infos,1,1.0
2,/muneeb-mbytes/edge_spartan6-6/wiki,GitHub · Where software is built,2,1.0
3,/muneeb-mbytes/edge_spartan6-6,muneeb-mbytes/edge_spartan6-6: Lab infos,1,1.0
/muneeb-mbytes/edge_spartan6-6/wiki,GitHub · Where software is built,2,1,
/muneeb-mbytes/edge_spartan6-6,muneeb-mbytes/edge_spartan6-6: Lab infos,1,1,
0,/muneeb-mbytes/edge_spartan6-6/wiki,GitHub · Where software is built,2,1.0
1,/muneeb-mbytes/edge_spartan6-6,muneeb-mbytes/edge_spartan6-6: Lab infos,1,1.0
2,/muneeb-mbytes/edge_spartan6-6/wiki,GitHub · Where software is built,2,1.0
3,/muneeb-mbytes/edge_spartan6-6,muneeb-mbytes/edge_spartan6-6: Lab infos,1,1.0
/muneeb-mbytes/edge_spartan6-6/wiki,GitHub · Where software is built,2,1,
/muneeb-mbytes/edge_spartan6-6,muneeb-mbytes/edge_spartan6-6: Lab infos,1,1,
0,/muneeb-mbytes/edge_spartan6-6/wiki,GitHub · Where software is built,2,1.0
1,/muneeb-mbytes/edge_spartan6-6,muneeb-mbytes/edge_spartan6-6: Lab infos,1,1.0
2,/muneeb-mbytes/edge_spartan6-6/wiki,GitHub · Where software is built,2,1.0
3,/muneeb-mbytes/edge_spartan6-6,muneeb-mbytes/edge_spartan6-6: Lab infos,1,1.0
