/muneeb-mbytes/Mbits_AXI4_AVIP/tree/phase1_development_branch/doc,Mbits_AXI4_AVIP/doc at phase1_development_branch · muneeb-mbytes/Mbits_AXI4_A...,3,1,
/muneeb-mbytes/Mbits_AXI4_AVIP/tree/phase1_development_branch/src/hvl_top,Mbits_AXI4_AVIP/src/hvl_top at phase1_development_branch · muneeb-mbytes/Mbit...,3,1,
/muneeb-mbytes/Mbits_AXI4_AVIP/tree/phase1_development_branch/src/hvl_top/master,Mbits_AXI4_AVIP/src/hvl_top/master at phase1_development_branch · muneeb-mbyt...,3,1,
/muneeb-mbytes/Mbits_AXI4_AVIP,GitHub - muneeb-mbytes/Mbits_AXI4_AVIP: Mbits axi4 avip,2,2,
/muneeb-mbytes/Mbits_AXI4_AVIP/blob/phase1_development_branch/doc/axi4_avip_architecture_document.pdf,Mbits_AXI4_AVIP/doc/axi4_avip_architecture_document.pdf at phase1_development...,2,1,
/muneeb-mbytes/Mbits_AXI4_AVIP/tree/phase1_development_branch/src,Mbits_AXI4_AVIP/src at phase1_development_branch · muneeb-mbytes/Mbits_AXI4_A...,2,1,
/muneeb-mbytes/Mbits_AXI4_AVIP/tree/phase1_development_branch,GitHub - muneeb-mbytes/Mbits_AXI4_AVIP: Mbits axi4 avip,1,1,
0,/muneeb-mbytes/Mbits_AXI4_AVIP/tree/phase1_development_branch/doc,Mbits_AXI4_AVIP/doc at phase1_development_branch · muneeb-mbytes/Mbits_AXI4_A...,3,1.0
1,/muneeb-mbytes/Mbits_AXI4_AVIP/tree/phase1_development_branch/src/hvl_top,Mbits_AXI4_AVIP/src/hvl_top at phase1_development_branch · muneeb-mbytes/Mbit...,3,1.0
2,/muneeb-mbytes/Mbits_AXI4_AVIP/tree/phase1_development_branch/src/hvl_top/master,Mbits_AXI4_AVIP/src/hvl_top/master at phase1_development_branch · muneeb-mbyt...,3,1.0
3,/muneeb-mbytes/Mbits_AXI4_AVIP,GitHub - muneeb-mbytes/Mbits_AXI4_AVIP: Mbits axi4 avip,2,2.0
4,/muneeb-mbytes/Mbits_AXI4_AVIP/blob/phase1_development_branch/doc/axi4_avip_architecture_document.pdf,Mbits_AXI4_AVIP/doc/axi4_avip_architecture_document.pdf at phase1_development...,2,1.0
5,/muneeb-mbytes/Mbits_AXI4_AVIP/tree/phase1_development_branch/src,Mbits_AXI4_AVIP/src at phase1_development_branch · muneeb-mbytes/Mbits_AXI4_A...,2,1.0
6,/muneeb-mbytes/Mbits_AXI4_AVIP/tree/phase1_development_branch,GitHub - muneeb-mbytes/Mbits_AXI4_AVIP: Mbits axi4 avip,1,1.0
7,/muneeb-mbytes/Mbits_AXI4_AVIP/tree/phase1_development_branch/doc,Mbits_AXI4_AVIP/doc at phase1_development_branch · muneeb-mbytes/Mbits_AXI4_A...,3,1.0
8,/muneeb-mbytes/Mbits_AXI4_AVIP/tree/phase1_development_branch/src/hvl_top,Mbits_AXI4_AVIP/src/hvl_top at phase1_development_branch · muneeb-mbytes/Mbit...,3,1.0
9,/muneeb-mbytes/Mbits_AXI4_AVIP/tree/phase1_development_branch/src/hvl_top/master,Mbits_AXI4_AVIP/src/hvl_top/master at phase1_development_branch · muneeb-mbyt...,3,1.0
10,/muneeb-mbytes/Mbits_AXI4_AVIP,GitHub - muneeb-mbytes/Mbits_AXI4_AVIP: Mbits axi4 avip,2,2.0
11,/muneeb-mbytes/Mbits_AXI4_AVIP/blob/phase1_development_branch/doc/axi4_avip_architecture_document.pdf,Mbits_AXI4_AVIP/doc/axi4_avip_architecture_document.pdf at phase1_development...,2,1.0
12,/muneeb-mbytes/Mbits_AXI4_AVIP/tree/phase1_development_branch/src,Mbits_AXI4_AVIP/src at phase1_development_branch · muneeb-mbytes/Mbits_AXI4_A...,2,1.0
13,/muneeb-mbytes/Mbits_AXI4_AVIP/tree/phase1_development_branch,GitHub - muneeb-mbytes/Mbits_AXI4_AVIP: Mbits axi4 avip,1,1.0
14,/muneeb-mbytes/Mbits_AXI4_AVIP/tree/phase1_development_branch/doc,Mbits_AXI4_AVIP/doc at phase1_development_branch · muneeb-mbytes/Mbits_AXI4_A...,3,1.0
15,/muneeb-mbytes/Mbits_AXI4_AVIP/tree/phase1_development_branch/src/hvl_top,Mbits_AXI4_AVIP/src/hvl_top at phase1_development_branch · muneeb-mbytes/Mbit...,3,1.0
16,/muneeb-mbytes/Mbits_AXI4_AVIP/tree/phase1_development_branch/src/hvl_top/master,Mbits_AXI4_AVIP/src/hvl_top/master at phase1_development_branch · muneeb-mbyt...,3,1.0
17,/muneeb-mbytes/Mbits_AXI4_AVIP,GitHub - muneeb-mbytes/Mbits_AXI4_AVIP: Mbits axi4 avip,2,2.0
18,/muneeb-mbytes/Mbits_AXI4_AVIP/blob/phase1_development_branch/doc/axi4_avip_architecture_document.pdf,Mbits_AXI4_AVIP/doc/axi4_avip_architecture_document.pdf at phase1_development...,2,1.0
19,/muneeb-mbytes/Mbits_AXI4_AVIP/tree/phase1_development_branch/src,Mbits_AXI4_AVIP/src at phase1_development_branch · muneeb-mbytes/Mbits_AXI4_A...,2,1.0
20,/muneeb-mbytes/Mbits_AXI4_AVIP/tree/phase1_development_branch,GitHub - muneeb-mbytes/Mbits_AXI4_AVIP: Mbits axi4 avip,1,1.0
21,/muneeb-mbytes/Mbits_AXI4_AVIP/tree/phase1_development_branch/doc,Mbits_AXI4_AVIP/doc at phase1_development_branch · muneeb-mbytes/Mbits_AXI4_A...,3,1.0
22,/muneeb-mbytes/Mbits_AXI4_AVIP/tree/phase1_development_branch/src/hvl_top,Mbits_AXI4_AVIP/src/hvl_top at phase1_development_branch · muneeb-mbytes/Mbit...,3,1.0
23,/muneeb-mbytes/Mbits_AXI4_AVIP/tree/phase1_development_branch/src/hvl_top/master,Mbits_AXI4_AVIP/src/hvl_top/master at phase1_development_branch · muneeb-mbyt...,3,1.0
24,/muneeb-mbytes/Mbits_AXI4_AVIP,GitHub - muneeb-mbytes/Mbits_AXI4_AVIP: Mbits axi4 avip,2,2.0
25,/muneeb-mbytes/Mbits_AXI4_AVIP/blob/phase1_development_branch/doc/axi4_avip_architecture_document.pdf,Mbits_AXI4_AVIP/doc/axi4_avip_architecture_document.pdf at phase1_development...,2,1.0
26,/muneeb-mbytes/Mbits_AXI4_AVIP/tree/phase1_development_branch/src,Mbits_AXI4_AVIP/src at phase1_development_branch · muneeb-mbytes/Mbits_AXI4_A...,2,1.0
27,/muneeb-mbytes/Mbits_AXI4_AVIP/tree/phase1_development_branch,GitHub - muneeb-mbytes/Mbits_AXI4_AVIP: Mbits axi4 avip,1,1.0
28,/muneeb-mbytes/Mbits_AXI4_AVIP/tree/phase1_development_branch/doc,Mbits_AXI4_AVIP/doc at phase1_development_branch · muneeb-mbytes/Mbits_AXI4_A...,3,1.0
29,/muneeb-mbytes/Mbits_AXI4_AVIP/tree/phase1_development_branch/src/hvl_top,Mbits_AXI4_AVIP/src/hvl_top at phase1_development_branch · muneeb-mbytes/Mbit...,3,1.0
30,/muneeb-mbytes/Mbits_AXI4_AVIP/tree/phase1_development_branch/src/hvl_top/master,Mbits_AXI4_AVIP/src/hvl_top/master at phase1_development_branch · muneeb-mbyt...,3,1.0
31,/muneeb-mbytes/Mbits_AXI4_AVIP,GitHub - muneeb-mbytes/Mbits_AXI4_AVIP: Mbits axi4 avip,2,2.0
32,/muneeb-mbytes/Mbits_AXI4_AVIP/blob/phase1_development_branch/doc/axi4_avip_architecture_document.pdf,Mbits_AXI4_AVIP/doc/axi4_avip_architecture_document.pdf at phase1_development...,2,1.0
33,/muneeb-mbytes/Mbits_AXI4_AVIP/tree/phase1_development_branch/src,Mbits_AXI4_AVIP/src at phase1_development_branch · muneeb-mbytes/Mbits_AXI4_A...,2,1.0
34,/muneeb-mbytes/Mbits_AXI4_AVIP/tree/phase1_development_branch,GitHub - muneeb-mbytes/Mbits_AXI4_AVIP: Mbits axi4 avip,1,1.0
35,/muneeb-mbytes/Mbits_AXI4_AVIP/tree/phase1_development_branch/doc,Mbits_AXI4_AVIP/doc at phase1_development_branch · muneeb-mbytes/Mbits_AXI4_A...,3,1.0
36,/muneeb-mbytes/Mbits_AXI4_AVIP/tree/phase1_development_branch/src/hvl_top,Mbits_AXI4_AVIP/src/hvl_top at phase1_development_branch · muneeb-mbytes/Mbit...,3,1.0
37,/muneeb-mbytes/Mbits_AXI4_AVIP/tree/phase1_development_branch/src/hvl_top/master,Mbits_AXI4_AVIP/src/hvl_top/master at phase1_development_branch · muneeb-mbyt...,3,1.0
38,/muneeb-mbytes/Mbits_AXI4_AVIP,GitHub - muneeb-mbytes/Mbits_AXI4_AVIP: Mbits axi4 avip,2,2.0
39,/muneeb-mbytes/Mbits_AXI4_AVIP/blob/phase1_development_branch/doc/axi4_avip_architecture_document.pdf,Mbits_AXI4_AVIP/doc/axi4_avip_architecture_document.pdf at phase1_development...,2,1.0
40,/muneeb-mbytes/Mbits_AXI4_AVIP/tree/phase1_development_branch/src,Mbits_AXI4_AVIP/src at phase1_development_branch · muneeb-mbytes/Mbits_AXI4_A...,2,1.0
41,/muneeb-mbytes/Mbits_AXI4_AVIP/tree/phase1_development_branch,GitHub - muneeb-mbytes/Mbits_AXI4_AVIP: Mbits axi4 avip,1,1.0
42,/muneeb-mbytes/Mbits_AXI4_AVIP/tree/phase1_development_branch/doc,Mbits_AXI4_AVIP/doc at phase1_development_branch · muneeb-mbytes/Mbits_AXI4_A...,3,1.0
43,/muneeb-mbytes/Mbits_AXI4_AVIP/tree/phase1_development_branch/src/hvl_top,Mbits_AXI4_AVIP/src/hvl_top at phase1_development_branch · muneeb-mbytes/Mbit...,3,1.0
44,/muneeb-mbytes/Mbits_AXI4_AVIP/tree/phase1_development_branch/src/hvl_top/master,Mbits_AXI4_AVIP/src/hvl_top/master at phase1_development_branch · muneeb-mbyt...,3,1.0
45,/muneeb-mbytes/Mbits_AXI4_AVIP,GitHub - muneeb-mbytes/Mbits_AXI4_AVIP: Mbits axi4 avip,2,2.0
46,/muneeb-mbytes/Mbits_AXI4_AVIP/blob/phase1_development_branch/doc/axi4_avip_architecture_document.pdf,Mbits_AXI4_AVIP/doc/axi4_avip_architecture_document.pdf at phase1_development...,2,1.0
47,/muneeb-mbytes/Mbits_AXI4_AVIP/tree/phase1_development_branch/src,Mbits_AXI4_AVIP/src at phase1_development_branch · muneeb-mbytes/Mbits_AXI4_A...,2,1.0
48,/muneeb-mbytes/Mbits_AXI4_AVIP/tree/phase1_development_branch,GitHub - muneeb-mbytes/Mbits_AXI4_AVIP: Mbits axi4 avip,1,1.0
/muneeb-mbytes/Mbits_AXI4_AVIP/tree/phase1_development_branch/doc,Mbits_AXI4_AVIP/doc at phase1_development_branch · muneeb-mbytes/Mbits_AXI4_A...,3,1,
/muneeb-mbytes/Mbits_AXI4_AVIP/tree/phase1_development_branch/src/hvl_top,Mbits_AXI4_AVIP/src/hvl_top at phase1_development_branch · muneeb-mbytes/Mbit...,3,1,
/muneeb-mbytes/Mbits_AXI4_AVIP/tree/phase1_development_branch/src/hvl_top/master,Mbits_AXI4_AVIP/src/hvl_top/master at phase1_development_branch · muneeb-mbyt...,3,1,
/muneeb-mbytes/Mbits_AXI4_AVIP,GitHub - muneeb-mbytes/Mbits_AXI4_AVIP: Mbits axi4 avip,2,2,
/muneeb-mbytes/Mbits_AXI4_AVIP/blob/phase1_development_branch/doc/axi4_avip_architecture_document.pdf,Mbits_AXI4_AVIP/doc/axi4_avip_architecture_document.pdf at phase1_development...,2,1,
/muneeb-mbytes/Mbits_AXI4_AVIP/tree/phase1_development_branch/src,Mbits_AXI4_AVIP/src at phase1_development_branch · muneeb-mbytes/Mbits_AXI4_A...,2,1,
/muneeb-mbytes/Mbits_AXI4_AVIP/tree/phase1_development_branch,GitHub - muneeb-mbytes/Mbits_AXI4_AVIP: Mbits axi4 avip,1,1,
0,/muneeb-mbytes/Mbits_AXI4_AVIP/tree/phase1_development_branch/doc,Mbits_AXI4_AVIP/doc at phase1_development_branch · muneeb-mbytes/Mbits_AXI4_A...,3,1.0
1,/muneeb-mbytes/Mbits_AXI4_AVIP/tree/phase1_development_branch/src/hvl_top,Mbits_AXI4_AVIP/src/hvl_top at phase1_development_branch · muneeb-mbytes/Mbit...,3,1.0
2,/muneeb-mbytes/Mbits_AXI4_AVIP/tree/phase1_development_branch/src/hvl_top/master,Mbits_AXI4_AVIP/src/hvl_top/master at phase1_development_branch · muneeb-mbyt...,3,1.0
3,/muneeb-mbytes/Mbits_AXI4_AVIP,GitHub - muneeb-mbytes/Mbits_AXI4_AVIP: Mbits axi4 avip,2,2.0
4,/muneeb-mbytes/Mbits_AXI4_AVIP/blob/phase1_development_branch/doc/axi4_avip_architecture_document.pdf,Mbits_AXI4_AVIP/doc/axi4_avip_architecture_document.pdf at phase1_development...,2,1.0
5,/muneeb-mbytes/Mbits_AXI4_AVIP/tree/phase1_development_branch/src,Mbits_AXI4_AVIP/src at phase1_development_branch · muneeb-mbytes/Mbits_AXI4_A...,2,1.0
6,/muneeb-mbytes/Mbits_AXI4_AVIP/tree/phase1_development_branch,GitHub - muneeb-mbytes/Mbits_AXI4_AVIP: Mbits axi4 avip,1,1.0
7,/muneeb-mbytes/Mbits_AXI4_AVIP/tree/phase1_development_branch/doc,Mbits_AXI4_AVIP/doc at phase1_development_branch · muneeb-mbytes/Mbits_AXI4_A...,3,1.0
8,/muneeb-mbytes/Mbits_AXI4_AVIP/tree/phase1_development_branch/src/hvl_top,Mbits_AXI4_AVIP/src/hvl_top at phase1_development_branch · muneeb-mbytes/Mbit...,3,1.0
9,/muneeb-mbytes/Mbits_AXI4_AVIP/tree/phase1_development_branch/src/hvl_top/master,Mbits_AXI4_AVIP/src/hvl_top/master at phase1_development_branch · muneeb-mbyt...,3,1.0
10,/muneeb-mbytes/Mbits_AXI4_AVIP,GitHub - muneeb-mbytes/Mbits_AXI4_AVIP: Mbits axi4 avip,2,2.0
11,/muneeb-mbytes/Mbits_AXI4_AVIP/blob/phase1_development_branch/doc/axi4_avip_architecture_document.pdf,Mbits_AXI4_AVIP/doc/axi4_avip_architecture_document.pdf at phase1_development...,2,1.0
12,/muneeb-mbytes/Mbits_AXI4_AVIP/tree/phase1_development_branch/src,Mbits_AXI4_AVIP/src at phase1_development_branch · muneeb-mbytes/Mbits_AXI4_A...,2,1.0
13,/muneeb-mbytes/Mbits_AXI4_AVIP/tree/phase1_development_branch,GitHub - muneeb-mbytes/Mbits_AXI4_AVIP: Mbits axi4 avip,1,1.0
14,/muneeb-mbytes/Mbits_AXI4_AVIP/tree/phase1_development_branch/doc,Mbits_AXI4_AVIP/doc at phase1_development_branch · muneeb-mbytes/Mbits_AXI4_A...,3,1.0
15,/muneeb-mbytes/Mbits_AXI4_AVIP/tree/phase1_development_branch/src/hvl_top,Mbits_AXI4_AVIP/src/hvl_top at phase1_development_branch · muneeb-mbytes/Mbit...,3,1.0
16,/muneeb-mbytes/Mbits_AXI4_AVIP/tree/phase1_development_branch/src/hvl_top/master,Mbits_AXI4_AVIP/src/hvl_top/master at phase1_development_branch · muneeb-mbyt...,3,1.0
17,/muneeb-mbytes/Mbits_AXI4_AVIP,GitHub - muneeb-mbytes/Mbits_AXI4_AVIP: Mbits axi4 avip,2,2.0
18,/muneeb-mbytes/Mbits_AXI4_AVIP/blob/phase1_development_branch/doc/axi4_avip_architecture_document.pdf,Mbits_AXI4_AVIP/doc/axi4_avip_architecture_document.pdf at phase1_development...,2,1.0
19,/muneeb-mbytes/Mbits_AXI4_AVIP/tree/phase1_development_branch/src,Mbits_AXI4_AVIP/src at phase1_development_branch · muneeb-mbytes/Mbits_AXI4_A...,2,1.0
20,/muneeb-mbytes/Mbits_AXI4_AVIP/tree/phase1_development_branch,GitHub - muneeb-mbytes/Mbits_AXI4_AVIP: Mbits axi4 avip,1,1.0
21,/muneeb-mbytes/Mbits_AXI4_AVIP/tree/phase1_development_branch/doc,Mbits_AXI4_AVIP/doc at phase1_development_branch · muneeb-mbytes/Mbits_AXI4_A...,3,1.0
22,/muneeb-mbytes/Mbits_AXI4_AVIP/tree/phase1_development_branch/src/hvl_top,Mbits_AXI4_AVIP/src/hvl_top at phase1_development_branch · muneeb-mbytes/Mbit...,3,1.0
23,/muneeb-mbytes/Mbits_AXI4_AVIP/tree/phase1_development_branch/src/hvl_top/master,Mbits_AXI4_AVIP/src/hvl_top/master at phase1_development_branch · muneeb-mbyt...,3,1.0
24,/muneeb-mbytes/Mbits_AXI4_AVIP,GitHub - muneeb-mbytes/Mbits_AXI4_AVIP: Mbits axi4 avip,2,2.0
25,/muneeb-mbytes/Mbits_AXI4_AVIP/blob/phase1_development_branch/doc/axi4_avip_architecture_document.pdf,Mbits_AXI4_AVIP/doc/axi4_avip_architecture_document.pdf at phase1_development...,2,1.0
26,/muneeb-mbytes/Mbits_AXI4_AVIP/tree/phase1_development_branch/src,Mbits_AXI4_AVIP/src at phase1_development_branch · muneeb-mbytes/Mbits_AXI4_A...,2,1.0
27,/muneeb-mbytes/Mbits_AXI4_AVIP/tree/phase1_development_branch,GitHub - muneeb-mbytes/Mbits_AXI4_AVIP: Mbits axi4 avip,1,1.0
28,/muneeb-mbytes/Mbits_AXI4_AVIP/tree/phase1_development_branch/doc,Mbits_AXI4_AVIP/doc at phase1_development_branch · muneeb-mbytes/Mbits_AXI4_A...,3,1.0
29,/muneeb-mbytes/Mbits_AXI4_AVIP/tree/phase1_development_branch/src/hvl_top,Mbits_AXI4_AVIP/src/hvl_top at phase1_development_branch · muneeb-mbytes/Mbit...,3,1.0
30,/muneeb-mbytes/Mbits_AXI4_AVIP/tree/phase1_development_branch/src/hvl_top/master,Mbits_AXI4_AVIP/src/hvl_top/master at phase1_development_branch · muneeb-mbyt...,3,1.0
31,/muneeb-mbytes/Mbits_AXI4_AVIP,GitHub - muneeb-mbytes/Mbits_AXI4_AVIP: Mbits axi4 avip,2,2.0
32,/muneeb-mbytes/Mbits_AXI4_AVIP/blob/phase1_development_branch/doc/axi4_avip_architecture_document.pdf,Mbits_AXI4_AVIP/doc/axi4_avip_architecture_document.pdf at phase1_development...,2,1.0
33,/muneeb-mbytes/Mbits_AXI4_AVIP/tree/phase1_development_branch/src,Mbits_AXI4_AVIP/src at phase1_development_branch · muneeb-mbytes/Mbits_AXI4_A...,2,1.0
34,/muneeb-mbytes/Mbits_AXI4_AVIP/tree/phase1_development_branch,GitHub - muneeb-mbytes/Mbits_AXI4_AVIP: Mbits axi4 avip,1,1.0
35,/muneeb-mbytes/Mbits_AXI4_AVIP/tree/phase1_development_branch/doc,Mbits_AXI4_AVIP/doc at phase1_development_branch · muneeb-mbytes/Mbits_AXI4_A...,3,1.0
36,/muneeb-mbytes/Mbits_AXI4_AVIP/tree/phase1_development_branch/src/hvl_top,Mbits_AXI4_AVIP/src/hvl_top at phase1_development_branch · muneeb-mbytes/Mbit...,3,1.0
37,/muneeb-mbytes/Mbits_AXI4_AVIP/tree/phase1_development_branch/src/hvl_top/master,Mbits_AXI4_AVIP/src/hvl_top/master at phase1_development_branch · muneeb-mbyt...,3,1.0
38,/muneeb-mbytes/Mbits_AXI4_AVIP,GitHub - muneeb-mbytes/Mbits_AXI4_AVIP: Mbits axi4 avip,2,2.0
39,/muneeb-mbytes/Mbits_AXI4_AVIP/blob/phase1_development_branch/doc/axi4_avip_architecture_document.pdf,Mbits_AXI4_AVIP/doc/axi4_avip_architecture_document.pdf at phase1_development...,2,1.0
40,/muneeb-mbytes/Mbits_AXI4_AVIP/tree/phase1_development_branch/src,Mbits_AXI4_AVIP/src at phase1_development_branch · muneeb-mbytes/Mbits_AXI4_A...,2,1.0
41,/muneeb-mbytes/Mbits_AXI4_AVIP/tree/phase1_development_branch,GitHub - muneeb-mbytes/Mbits_AXI4_AVIP: Mbits axi4 avip,1,1.0
42,/muneeb-mbytes/Mbits_AXI4_AVIP/tree/phase1_development_branch/doc,Mbits_AXI4_AVIP/doc at phase1_development_branch · muneeb-mbytes/Mbits_AXI4_A...,3,1.0
43,/muneeb-mbytes/Mbits_AXI4_AVIP/tree/phase1_development_branch/src/hvl_top,Mbits_AXI4_AVIP/src/hvl_top at phase1_development_branch · muneeb-mbytes/Mbit...,3,1.0
44,/muneeb-mbytes/Mbits_AXI4_AVIP/tree/phase1_development_branch/src/hvl_top/master,Mbits_AXI4_AVIP/src/hvl_top/master at phase1_development_branch · muneeb-mbyt...,3,1.0
45,/muneeb-mbytes/Mbits_AXI4_AVIP,GitHub - muneeb-mbytes/Mbits_AXI4_AVIP: Mbits axi4 avip,2,2.0
46,/muneeb-mbytes/Mbits_AXI4_AVIP/blob/phase1_development_branch/doc/axi4_avip_architecture_document.pdf,Mbits_AXI4_AVIP/doc/axi4_avip_architecture_document.pdf at phase1_development...,2,1.0
47,/muneeb-mbytes/Mbits_AXI4_AVIP/tree/phase1_development_branch/src,Mbits_AXI4_AVIP/src at phase1_development_branch · muneeb-mbytes/Mbits_AXI4_A...,2,1.0
48,/muneeb-mbytes/Mbits_AXI4_AVIP/tree/phase1_development_branch,GitHub - muneeb-mbytes/Mbits_AXI4_AVIP: Mbits axi4 avip,1,1.0
/muneeb-mbytes/Mbits_AXI4_AVIP/tree/phase1_development_branch/doc,Mbits_AXI4_AVIP/doc at phase1_development_branch · muneeb-mbytes/Mbits_AXI4_A...,3,1,
/muneeb-mbytes/Mbits_AXI4_AVIP/tree/phase1_development_branch/src/hvl_top,Mbits_AXI4_AVIP/src/hvl_top at phase1_development_branch · muneeb-mbytes/Mbit...,3,1,
/muneeb-mbytes/Mbits_AXI4_AVIP/tree/phase1_development_branch/src/hvl_top/master,Mbits_AXI4_AVIP/src/hvl_top/master at phase1_development_branch · muneeb-mbyt...,3,1,
/muneeb-mbytes/Mbits_AXI4_AVIP,GitHub - muneeb-mbytes/Mbits_AXI4_AVIP: Mbits axi4 avip,2,2,
/muneeb-mbytes/Mbits_AXI4_AVIP/blob/phase1_development_branch/doc/axi4_avip_architecture_document.pdf,Mbits_AXI4_AVIP/doc/axi4_avip_architecture_document.pdf at phase1_development...,2,1,
/muneeb-mbytes/Mbits_AXI4_AVIP/tree/phase1_development_branch/src,Mbits_AXI4_AVIP/src at phase1_development_branch · muneeb-mbytes/Mbits_AXI4_A...,2,1,
/muneeb-mbytes/Mbits_AXI4_AVIP/tree/phase1_development_branch,GitHub - muneeb-mbytes/Mbits_AXI4_AVIP: Mbits axi4 avip,1,1,
0,/muneeb-mbytes/Mbits_AXI4_AVIP/tree/phase1_development_branch/doc,Mbits_AXI4_AVIP/doc at phase1_development_branch · muneeb-mbytes/Mbits_AXI4_A...,3,1.0
1,/muneeb-mbytes/Mbits_AXI4_AVIP/tree/phase1_development_branch/src/hvl_top,Mbits_AXI4_AVIP/src/hvl_top at phase1_development_branch · muneeb-mbytes/Mbit...,3,1.0
2,/muneeb-mbytes/Mbits_AXI4_AVIP/tree/phase1_development_branch/src/hvl_top/master,Mbits_AXI4_AVIP/src/hvl_top/master at phase1_development_branch · muneeb-mbyt...,3,1.0
3,/muneeb-mbytes/Mbits_AXI4_AVIP,GitHub - muneeb-mbytes/Mbits_AXI4_AVIP: Mbits axi4 avip,2,2.0
4,/muneeb-mbytes/Mbits_AXI4_AVIP/blob/phase1_development_branch/doc/axi4_avip_architecture_document.pdf,Mbits_AXI4_AVIP/doc/axi4_avip_architecture_document.pdf at phase1_development...,2,1.0
5,/muneeb-mbytes/Mbits_AXI4_AVIP/tree/phase1_development_branch/src,Mbits_AXI4_AVIP/src at phase1_development_branch · muneeb-mbytes/Mbits_AXI4_A...,2,1.0
6,/muneeb-mbytes/Mbits_AXI4_AVIP/tree/phase1_development_branch,GitHub - muneeb-mbytes/Mbits_AXI4_AVIP: Mbits axi4 avip,1,1.0
7,/muneeb-mbytes/Mbits_AXI4_AVIP/tree/phase1_development_branch/doc,Mbits_AXI4_AVIP/doc at phase1_development_branch · muneeb-mbytes/Mbits_AXI4_A...,3,1.0
8,/muneeb-mbytes/Mbits_AXI4_AVIP/tree/phase1_development_branch/src/hvl_top,Mbits_AXI4_AVIP/src/hvl_top at phase1_development_branch · muneeb-mbytes/Mbit...,3,1.0
9,/muneeb-mbytes/Mbits_AXI4_AVIP/tree/phase1_development_branch/src/hvl_top/master,Mbits_AXI4_AVIP/src/hvl_top/master at phase1_development_branch · muneeb-mbyt...,3,1.0
10,/muneeb-mbytes/Mbits_AXI4_AVIP,GitHub - muneeb-mbytes/Mbits_AXI4_AVIP: Mbits axi4 avip,2,2.0
11,/muneeb-mbytes/Mbits_AXI4_AVIP/blob/phase1_development_branch/doc/axi4_avip_architecture_document.pdf,Mbits_AXI4_AVIP/doc/axi4_avip_architecture_document.pdf at phase1_development...,2,1.0
12,/muneeb-mbytes/Mbits_AXI4_AVIP/tree/phase1_development_branch/src,Mbits_AXI4_AVIP/src at phase1_development_branch · muneeb-mbytes/Mbits_AXI4_A...,2,1.0
13,/muneeb-mbytes/Mbits_AXI4_AVIP/tree/phase1_development_branch,GitHub - muneeb-mbytes/Mbits_AXI4_AVIP: Mbits axi4 avip,1,1.0
14,/muneeb-mbytes/Mbits_AXI4_AVIP/tree/phase1_development_branch/doc,Mbits_AXI4_AVIP/doc at phase1_development_branch · muneeb-mbytes/Mbits_AXI4_A...,3,1.0
15,/muneeb-mbytes/Mbits_AXI4_AVIP/tree/phase1_development_branch/src/hvl_top,Mbits_AXI4_AVIP/src/hvl_top at phase1_development_branch · muneeb-mbytes/Mbit...,3,1.0
16,/muneeb-mbytes/Mbits_AXI4_AVIP/tree/phase1_development_branch/src/hvl_top/master,Mbits_AXI4_AVIP/src/hvl_top/master at phase1_development_branch · muneeb-mbyt...,3,1.0
17,/muneeb-mbytes/Mbits_AXI4_AVIP,GitHub - muneeb-mbytes/Mbits_AXI4_AVIP: Mbits axi4 avip,2,2.0
18,/muneeb-mbytes/Mbits_AXI4_AVIP/blob/phase1_development_branch/doc/axi4_avip_architecture_document.pdf,Mbits_AXI4_AVIP/doc/axi4_avip_architecture_document.pdf at phase1_development...,2,1.0
19,/muneeb-mbytes/Mbits_AXI4_AVIP/tree/phase1_development_branch/src,Mbits_AXI4_AVIP/src at phase1_development_branch · muneeb-mbytes/Mbits_AXI4_A...,2,1.0
20,/muneeb-mbytes/Mbits_AXI4_AVIP/tree/phase1_development_branch,GitHub - muneeb-mbytes/Mbits_AXI4_AVIP: Mbits axi4 avip,1,1.0
21,/muneeb-mbytes/Mbits_AXI4_AVIP/tree/phase1_development_branch/doc,Mbits_AXI4_AVIP/doc at phase1_development_branch · muneeb-mbytes/Mbits_AXI4_A...,3,1.0
22,/muneeb-mbytes/Mbits_AXI4_AVIP/tree/phase1_development_branch/src/hvl_top,Mbits_AXI4_AVIP/src/hvl_top at phase1_development_branch · muneeb-mbytes/Mbit...,3,1.0
23,/muneeb-mbytes/Mbits_AXI4_AVIP/tree/phase1_development_branch/src/hvl_top/master,Mbits_AXI4_AVIP/src/hvl_top/master at phase1_development_branch · muneeb-mbyt...,3,1.0
24,/muneeb-mbytes/Mbits_AXI4_AVIP,GitHub - muneeb-mbytes/Mbits_AXI4_AVIP: Mbits axi4 avip,2,2.0
25,/muneeb-mbytes/Mbits_AXI4_AVIP/blob/phase1_development_branch/doc/axi4_avip_architecture_document.pdf,Mbits_AXI4_AVIP/doc/axi4_avip_architecture_document.pdf at phase1_development...,2,1.0
26,/muneeb-mbytes/Mbits_AXI4_AVIP/tree/phase1_development_branch/src,Mbits_AXI4_AVIP/src at phase1_development_branch · muneeb-mbytes/Mbits_AXI4_A...,2,1.0
27,/muneeb-mbytes/Mbits_AXI4_AVIP/tree/phase1_development_branch,GitHub - muneeb-mbytes/Mbits_AXI4_AVIP: Mbits axi4 avip,1,1.0
28,/muneeb-mbytes/Mbits_AXI4_AVIP/tree/phase1_development_branch/doc,Mbits_AXI4_AVIP/doc at phase1_development_branch · muneeb-mbytes/Mbits_AXI4_A...,3,1.0
29,/muneeb-mbytes/Mbits_AXI4_AVIP/tree/phase1_development_branch/src/hvl_top,Mbits_AXI4_AVIP/src/hvl_top at phase1_development_branch · muneeb-mbytes/Mbit...,3,1.0
30,/muneeb-mbytes/Mbits_AXI4_AVIP/tree/phase1_development_branch/src/hvl_top/master,Mbits_AXI4_AVIP/src/hvl_top/master at phase1_development_branch · muneeb-mbyt...,3,1.0
31,/muneeb-mbytes/Mbits_AXI4_AVIP,GitHub - muneeb-mbytes/Mbits_AXI4_AVIP: Mbits axi4 avip,2,2.0
32,/muneeb-mbytes/Mbits_AXI4_AVIP/blob/phase1_development_branch/doc/axi4_avip_architecture_document.pdf,Mbits_AXI4_AVIP/doc/axi4_avip_architecture_document.pdf at phase1_development...,2,1.0
33,/muneeb-mbytes/Mbits_AXI4_AVIP/tree/phase1_development_branch/src,Mbits_AXI4_AVIP/src at phase1_development_branch · muneeb-mbytes/Mbits_AXI4_A...,2,1.0
34,/muneeb-mbytes/Mbits_AXI4_AVIP/tree/phase1_development_branch,GitHub - muneeb-mbytes/Mbits_AXI4_AVIP: Mbits axi4 avip,1,1.0
35,/muneeb-mbytes/Mbits_AXI4_AVIP/tree/phase1_development_branch/doc,Mbits_AXI4_AVIP/doc at phase1_development_branch · muneeb-mbytes/Mbits_AXI4_A...,3,1.0
36,/muneeb-mbytes/Mbits_AXI4_AVIP/tree/phase1_development_branch/src/hvl_top,Mbits_AXI4_AVIP/src/hvl_top at phase1_development_branch · muneeb-mbytes/Mbit...,3,1.0
37,/muneeb-mbytes/Mbits_AXI4_AVIP/tree/phase1_development_branch/src/hvl_top/master,Mbits_AXI4_AVIP/src/hvl_top/master at phase1_development_branch · muneeb-mbyt...,3,1.0
38,/muneeb-mbytes/Mbits_AXI4_AVIP,GitHub - muneeb-mbytes/Mbits_AXI4_AVIP: Mbits axi4 avip,2,2.0
39,/muneeb-mbytes/Mbits_AXI4_AVIP/blob/phase1_development_branch/doc/axi4_avip_architecture_document.pdf,Mbits_AXI4_AVIP/doc/axi4_avip_architecture_document.pdf at phase1_development...,2,1.0
40,/muneeb-mbytes/Mbits_AXI4_AVIP/tree/phase1_development_branch/src,Mbits_AXI4_AVIP/src at phase1_development_branch · muneeb-mbytes/Mbits_AXI4_A...,2,1.0
41,/muneeb-mbytes/Mbits_AXI4_AVIP/tree/phase1_development_branch,GitHub - muneeb-mbytes/Mbits_AXI4_AVIP: Mbits axi4 avip,1,1.0
42,/muneeb-mbytes/Mbits_AXI4_AVIP/tree/phase1_development_branch/doc,Mbits_AXI4_AVIP/doc at phase1_development_branch · muneeb-mbytes/Mbits_AXI4_A...,3,1.0
43,/muneeb-mbytes/Mbits_AXI4_AVIP/tree/phase1_development_branch/src/hvl_top,Mbits_AXI4_AVIP/src/hvl_top at phase1_development_branch · muneeb-mbytes/Mbit...,3,1.0
44,/muneeb-mbytes/Mbits_AXI4_AVIP/tree/phase1_development_branch/src/hvl_top/master,Mbits_AXI4_AVIP/src/hvl_top/master at phase1_development_branch · muneeb-mbyt...,3,1.0
45,/muneeb-mbytes/Mbits_AXI4_AVIP,GitHub - muneeb-mbytes/Mbits_AXI4_AVIP: Mbits axi4 avip,2,2.0
46,/muneeb-mbytes/Mbits_AXI4_AVIP/blob/phase1_development_branch/doc/axi4_avip_architecture_document.pdf,Mbits_AXI4_AVIP/doc/axi4_avip_architecture_document.pdf at phase1_development...,2,1.0
47,/muneeb-mbytes/Mbits_AXI4_AVIP/tree/phase1_development_branch/src,Mbits_AXI4_AVIP/src at phase1_development_branch · muneeb-mbytes/Mbits_AXI4_A...,2,1.0
48,/muneeb-mbytes/Mbits_AXI4_AVIP/tree/phase1_development_branch,GitHub - muneeb-mbytes/Mbits_AXI4_AVIP: Mbits axi4 avip,1,1.0
/muneeb-mbytes/Mbits_AXI4_AVIP/tree/phase1_development_branch/doc,Mbits_AXI4_AVIP/doc at phase1_development_branch · muneeb-mbytes/Mbits_AXI4_A...,3,1,
/muneeb-mbytes/Mbits_AXI4_AVIP/tree/phase1_development_branch/src/hvl_top,Mbits_AXI4_AVIP/src/hvl_top at phase1_development_branch · muneeb-mbytes/Mbit...,3,1,
/muneeb-mbytes/Mbits_AXI4_AVIP/tree/phase1_development_branch/src/hvl_top/master,Mbits_AXI4_AVIP/src/hvl_top/master at phase1_development_branch · muneeb-mbyt...,3,1,
/muneeb-mbytes/Mbits_AXI4_AVIP,GitHub - muneeb-mbytes/Mbits_AXI4_AVIP: Mbits axi4 avip,2,2,
/muneeb-mbytes/Mbits_AXI4_AVIP/blob/phase1_development_branch/doc/axi4_avip_architecture_document.pdf,Mbits_AXI4_AVIP/doc/axi4_avip_architecture_document.pdf at phase1_development...,2,1,
/muneeb-mbytes/Mbits_AXI4_AVIP/tree/phase1_development_branch/src,Mbits_AXI4_AVIP/src at phase1_development_branch · muneeb-mbytes/Mbits_AXI4_A...,2,1,
/muneeb-mbytes/Mbits_AXI4_AVIP/tree/phase1_development_branch,GitHub - muneeb-mbytes/Mbits_AXI4_AVIP: Mbits axi4 avip,1,1,
0,/muneeb-mbytes/Mbits_AXI4_AVIP/tree/phase1_development_branch/doc,Mbits_AXI4_AVIP/doc at phase1_development_branch · muneeb-mbytes/Mbits_AXI4_A...,3,1.0
1,/muneeb-mbytes/Mbits_AXI4_AVIP/tree/phase1_development_branch/src/hvl_top,Mbits_AXI4_AVIP/src/hvl_top at phase1_development_branch · muneeb-mbytes/Mbit...,3,1.0
2,/muneeb-mbytes/Mbits_AXI4_AVIP/tree/phase1_development_branch/src/hvl_top/master,Mbits_AXI4_AVIP/src/hvl_top/master at phase1_development_branch · muneeb-mbyt...,3,1.0
3,/muneeb-mbytes/Mbits_AXI4_AVIP,GitHub - muneeb-mbytes/Mbits_AXI4_AVIP: Mbits axi4 avip,2,2.0
4,/muneeb-mbytes/Mbits_AXI4_AVIP/blob/phase1_development_branch/doc/axi4_avip_architecture_document.pdf,Mbits_AXI4_AVIP/doc/axi4_avip_architecture_document.pdf at phase1_development...,2,1.0
5,/muneeb-mbytes/Mbits_AXI4_AVIP/tree/phase1_development_branch/src,Mbits_AXI4_AVIP/src at phase1_development_branch · muneeb-mbytes/Mbits_AXI4_A...,2,1.0
6,/muneeb-mbytes/Mbits_AXI4_AVIP/tree/phase1_development_branch,GitHub - muneeb-mbytes/Mbits_AXI4_AVIP: Mbits axi4 avip,1,1.0
7,/muneeb-mbytes/Mbits_AXI4_AVIP/tree/phase1_development_branch/doc,Mbits_AXI4_AVIP/doc at phase1_development_branch · muneeb-mbytes/Mbits_AXI4_A...,3,1.0
8,/muneeb-mbytes/Mbits_AXI4_AVIP/tree/phase1_development_branch/src/hvl_top,Mbits_AXI4_AVIP/src/hvl_top at phase1_development_branch · muneeb-mbytes/Mbit...,3,1.0
9,/muneeb-mbytes/Mbits_AXI4_AVIP/tree/phase1_development_branch/src/hvl_top/master,Mbits_AXI4_AVIP/src/hvl_top/master at phase1_development_branch · muneeb-mbyt...,3,1.0
10,/muneeb-mbytes/Mbits_AXI4_AVIP,GitHub - muneeb-mbytes/Mbits_AXI4_AVIP: Mbits axi4 avip,2,2.0
11,/muneeb-mbytes/Mbits_AXI4_AVIP/blob/phase1_development_branch/doc/axi4_avip_architecture_document.pdf,Mbits_AXI4_AVIP/doc/axi4_avip_architecture_document.pdf at phase1_development...,2,1.0
12,/muneeb-mbytes/Mbits_AXI4_AVIP/tree/phase1_development_branch/src,Mbits_AXI4_AVIP/src at phase1_development_branch · muneeb-mbytes/Mbits_AXI4_A...,2,1.0
13,/muneeb-mbytes/Mbits_AXI4_AVIP/tree/phase1_development_branch,GitHub - muneeb-mbytes/Mbits_AXI4_AVIP: Mbits axi4 avip,1,1.0
14,/muneeb-mbytes/Mbits_AXI4_AVIP/tree/phase1_development_branch/doc,Mbits_AXI4_AVIP/doc at phase1_development_branch · muneeb-mbytes/Mbits_AXI4_A...,3,1.0
15,/muneeb-mbytes/Mbits_AXI4_AVIP/tree/phase1_development_branch/src/hvl_top,Mbits_AXI4_AVIP/src/hvl_top at phase1_development_branch · muneeb-mbytes/Mbit...,3,1.0
16,/muneeb-mbytes/Mbits_AXI4_AVIP/tree/phase1_development_branch/src/hvl_top/master,Mbits_AXI4_AVIP/src/hvl_top/master at phase1_development_branch · muneeb-mbyt...,3,1.0
17,/muneeb-mbytes/Mbits_AXI4_AVIP,GitHub - muneeb-mbytes/Mbits_AXI4_AVIP: Mbits axi4 avip,2,2.0
18,/muneeb-mbytes/Mbits_AXI4_AVIP/blob/phase1_development_branch/doc/axi4_avip_architecture_document.pdf,Mbits_AXI4_AVIP/doc/axi4_avip_architecture_document.pdf at phase1_development...,2,1.0
19,/muneeb-mbytes/Mbits_AXI4_AVIP/tree/phase1_development_branch/src,Mbits_AXI4_AVIP/src at phase1_development_branch · muneeb-mbytes/Mbits_AXI4_A...,2,1.0
20,/muneeb-mbytes/Mbits_AXI4_AVIP/tree/phase1_development_branch,GitHub - muneeb-mbytes/Mbits_AXI4_AVIP: Mbits axi4 avip,1,1.0
21,/muneeb-mbytes/Mbits_AXI4_AVIP/tree/phase1_development_branch/doc,Mbits_AXI4_AVIP/doc at phase1_development_branch · muneeb-mbytes/Mbits_AXI4_A...,3,1.0
22,/muneeb-mbytes/Mbits_AXI4_AVIP/tree/phase1_development_branch/src/hvl_top,Mbits_AXI4_AVIP/src/hvl_top at phase1_development_branch · muneeb-mbytes/Mbit...,3,1.0
23,/muneeb-mbytes/Mbits_AXI4_AVIP/tree/phase1_development_branch/src/hvl_top/master,Mbits_AXI4_AVIP/src/hvl_top/master at phase1_development_branch · muneeb-mbyt...,3,1.0
24,/muneeb-mbytes/Mbits_AXI4_AVIP,GitHub - muneeb-mbytes/Mbits_AXI4_AVIP: Mbits axi4 avip,2,2.0
25,/muneeb-mbytes/Mbits_AXI4_AVIP/blob/phase1_development_branch/doc/axi4_avip_architecture_document.pdf,Mbits_AXI4_AVIP/doc/axi4_avip_architecture_document.pdf at phase1_development...,2,1.0
26,/muneeb-mbytes/Mbits_AXI4_AVIP/tree/phase1_development_branch/src,Mbits_AXI4_AVIP/src at phase1_development_branch · muneeb-mbytes/Mbits_AXI4_A...,2,1.0
27,/muneeb-mbytes/Mbits_AXI4_AVIP/tree/phase1_development_branch,GitHub - muneeb-mbytes/Mbits_AXI4_AVIP: Mbits axi4 avip,1,1.0
28,/muneeb-mbytes/Mbits_AXI4_AVIP/tree/phase1_development_branch/doc,Mbits_AXI4_AVIP/doc at phase1_development_branch · muneeb-mbytes/Mbits_AXI4_A...,3,1.0
29,/muneeb-mbytes/Mbits_AXI4_AVIP/tree/phase1_development_branch/src/hvl_top,Mbits_AXI4_AVIP/src/hvl_top at phase1_development_branch · muneeb-mbytes/Mbit...,3,1.0
30,/muneeb-mbytes/Mbits_AXI4_AVIP/tree/phase1_development_branch/src/hvl_top/master,Mbits_AXI4_AVIP/src/hvl_top/master at phase1_development_branch · muneeb-mbyt...,3,1.0
31,/muneeb-mbytes/Mbits_AXI4_AVIP,GitHub - muneeb-mbytes/Mbits_AXI4_AVIP: Mbits axi4 avip,2,2.0
32,/muneeb-mbytes/Mbits_AXI4_AVIP/blob/phase1_development_branch/doc/axi4_avip_architecture_document.pdf,Mbits_AXI4_AVIP/doc/axi4_avip_architecture_document.pdf at phase1_development...,2,1.0
33,/muneeb-mbytes/Mbits_AXI4_AVIP/tree/phase1_development_branch/src,Mbits_AXI4_AVIP/src at phase1_development_branch · muneeb-mbytes/Mbits_AXI4_A...,2,1.0
34,/muneeb-mbytes/Mbits_AXI4_AVIP/tree/phase1_development_branch,GitHub - muneeb-mbytes/Mbits_AXI4_AVIP: Mbits axi4 avip,1,1.0
35,/muneeb-mbytes/Mbits_AXI4_AVIP/tree/phase1_development_branch/doc,Mbits_AXI4_AVIP/doc at phase1_development_branch · muneeb-mbytes/Mbits_AXI4_A...,3,1.0
36,/muneeb-mbytes/Mbits_AXI4_AVIP/tree/phase1_development_branch/src/hvl_top,Mbits_AXI4_AVIP/src/hvl_top at phase1_development_branch · muneeb-mbytes/Mbit...,3,1.0
37,/muneeb-mbytes/Mbits_AXI4_AVIP/tree/phase1_development_branch/src/hvl_top/master,Mbits_AXI4_AVIP/src/hvl_top/master at phase1_development_branch · muneeb-mbyt...,3,1.0
38,/muneeb-mbytes/Mbits_AXI4_AVIP,GitHub - muneeb-mbytes/Mbits_AXI4_AVIP: Mbits axi4 avip,2,2.0
39,/muneeb-mbytes/Mbits_AXI4_AVIP/blob/phase1_development_branch/doc/axi4_avip_architecture_document.pdf,Mbits_AXI4_AVIP/doc/axi4_avip_architecture_document.pdf at phase1_development...,2,1.0
40,/muneeb-mbytes/Mbits_AXI4_AVIP/tree/phase1_development_branch/src,Mbits_AXI4_AVIP/src at phase1_development_branch · muneeb-mbytes/Mbits_AXI4_A...,2,1.0
41,/muneeb-mbytes/Mbits_AXI4_AVIP/tree/phase1_development_branch,GitHub - muneeb-mbytes/Mbits_AXI4_AVIP: Mbits axi4 avip,1,1.0
42,/muneeb-mbytes/Mbits_AXI4_AVIP/tree/phase1_development_branch/doc,Mbits_AXI4_AVIP/doc at phase1_development_branch · muneeb-mbytes/Mbits_AXI4_A...,3,1.0
43,/muneeb-mbytes/Mbits_AXI4_AVIP/tree/phase1_development_branch/src/hvl_top,Mbits_AXI4_AVIP/src/hvl_top at phase1_development_branch · muneeb-mbytes/Mbit...,3,1.0
44,/muneeb-mbytes/Mbits_AXI4_AVIP/tree/phase1_development_branch/src/hvl_top/master,Mbits_AXI4_AVIP/src/hvl_top/master at phase1_development_branch · muneeb-mbyt...,3,1.0
45,/muneeb-mbytes/Mbits_AXI4_AVIP,GitHub - muneeb-mbytes/Mbits_AXI4_AVIP: Mbits axi4 avip,2,2.0
46,/muneeb-mbytes/Mbits_AXI4_AVIP/blob/phase1_development_branch/doc/axi4_avip_architecture_document.pdf,Mbits_AXI4_AVIP/doc/axi4_avip_architecture_document.pdf at phase1_development...,2,1.0
47,/muneeb-mbytes/Mbits_AXI4_AVIP/tree/phase1_development_branch/src,Mbits_AXI4_AVIP/src at phase1_development_branch · muneeb-mbytes/Mbits_AXI4_A...,2,1.0
48,/muneeb-mbytes/Mbits_AXI4_AVIP/tree/phase1_development_branch,GitHub - muneeb-mbytes/Mbits_AXI4_AVIP: Mbits axi4 avip,1,1.0
/muneeb-mbytes/Mbits_AXI4_AVIP/tree/phase1_development_branch/doc,Mbits_AXI4_AVIP/doc at phase1_development_branch · muneeb-mbytes/Mbits_AXI4_A...,3,1,
/muneeb-mbytes/Mbits_AXI4_AVIP/tree/phase1_development_branch/src/hvl_top,Mbits_AXI4_AVIP/src/hvl_top at phase1_development_branch · muneeb-mbytes/Mbit...,3,1,
/muneeb-mbytes/Mbits_AXI4_AVIP/tree/phase1_development_branch/src/hvl_top/master,Mbits_AXI4_AVIP/src/hvl_top/master at phase1_development_branch · muneeb-mbyt...,3,1,
/muneeb-mbytes/Mbits_AXI4_AVIP,GitHub - muneeb-mbytes/Mbits_AXI4_AVIP: Mbits axi4 avip,2,2,
/muneeb-mbytes/Mbits_AXI4_AVIP/blob/phase1_development_branch/doc/axi4_avip_architecture_document.pdf,Mbits_AXI4_AVIP/doc/axi4_avip_architecture_document.pdf at phase1_development...,2,1,
/muneeb-mbytes/Mbits_AXI4_AVIP/tree/phase1_development_branch/src,Mbits_AXI4_AVIP/src at phase1_development_branch · muneeb-mbytes/Mbits_AXI4_A...,2,1,
/muneeb-mbytes/Mbits_AXI4_AVIP/tree/phase1_development_branch,GitHub - muneeb-mbytes/Mbits_AXI4_AVIP: Mbits axi4 avip,1,1,
0,/muneeb-mbytes/Mbits_AXI4_AVIP/tree/phase1_development_branch/doc,Mbits_AXI4_AVIP/doc at phase1_development_branch · muneeb-mbytes/Mbits_AXI4_A...,3,1.0
1,/muneeb-mbytes/Mbits_AXI4_AVIP/tree/phase1_development_branch/src/hvl_top,Mbits_AXI4_AVIP/src/hvl_top at phase1_development_branch · muneeb-mbytes/Mbit...,3,1.0
2,/muneeb-mbytes/Mbits_AXI4_AVIP/tree/phase1_development_branch/src/hvl_top/master,Mbits_AXI4_AVIP/src/hvl_top/master at phase1_development_branch · muneeb-mbyt...,3,1.0
3,/muneeb-mbytes/Mbits_AXI4_AVIP,GitHub - muneeb-mbytes/Mbits_AXI4_AVIP: Mbits axi4 avip,2,2.0
4,/muneeb-mbytes/Mbits_AXI4_AVIP/blob/phase1_development_branch/doc/axi4_avip_architecture_document.pdf,Mbits_AXI4_AVIP/doc/axi4_avip_architecture_document.pdf at phase1_development...,2,1.0
5,/muneeb-mbytes/Mbits_AXI4_AVIP/tree/phase1_development_branch/src,Mbits_AXI4_AVIP/src at phase1_development_branch · muneeb-mbytes/Mbits_AXI4_A...,2,1.0
6,/muneeb-mbytes/Mbits_AXI4_AVIP/tree/phase1_development_branch,GitHub - muneeb-mbytes/Mbits_AXI4_AVIP: Mbits axi4 avip,1,1.0
7,/muneeb-mbytes/Mbits_AXI4_AVIP/tree/phase1_development_branch/doc,Mbits_AXI4_AVIP/doc at phase1_development_branch · muneeb-mbytes/Mbits_AXI4_A...,3,1.0
8,/muneeb-mbytes/Mbits_AXI4_AVIP/tree/phase1_development_branch/src/hvl_top,Mbits_AXI4_AVIP/src/hvl_top at phase1_development_branch · muneeb-mbytes/Mbit...,3,1.0
9,/muneeb-mbytes/Mbits_AXI4_AVIP/tree/phase1_development_branch/src/hvl_top/master,Mbits_AXI4_AVIP/src/hvl_top/master at phase1_development_branch · muneeb-mbyt...,3,1.0
10,/muneeb-mbytes/Mbits_AXI4_AVIP,GitHub - muneeb-mbytes/Mbits_AXI4_AVIP: Mbits axi4 avip,2,2.0
11,/muneeb-mbytes/Mbits_AXI4_AVIP/blob/phase1_development_branch/doc/axi4_avip_architecture_document.pdf,Mbits_AXI4_AVIP/doc/axi4_avip_architecture_document.pdf at phase1_development...,2,1.0
12,/muneeb-mbytes/Mbits_AXI4_AVIP/tree/phase1_development_branch/src,Mbits_AXI4_AVIP/src at phase1_development_branch · muneeb-mbytes/Mbits_AXI4_A...,2,1.0
13,/muneeb-mbytes/Mbits_AXI4_AVIP/tree/phase1_development_branch,GitHub - muneeb-mbytes/Mbits_AXI4_AVIP: Mbits axi4 avip,1,1.0
14,/muneeb-mbytes/Mbits_AXI4_AVIP/tree/phase1_development_branch/doc,Mbits_AXI4_AVIP/doc at phase1_development_branch · muneeb-mbytes/Mbits_AXI4_A...,3,1.0
15,/muneeb-mbytes/Mbits_AXI4_AVIP/tree/phase1_development_branch/src/hvl_top,Mbits_AXI4_AVIP/src/hvl_top at phase1_development_branch · muneeb-mbytes/Mbit...,3,1.0
16,/muneeb-mbytes/Mbits_AXI4_AVIP/tree/phase1_development_branch/src/hvl_top/master,Mbits_AXI4_AVIP/src/hvl_top/master at phase1_development_branch · muneeb-mbyt...,3,1.0
17,/muneeb-mbytes/Mbits_AXI4_AVIP,GitHub - muneeb-mbytes/Mbits_AXI4_AVIP: Mbits axi4 avip,2,2.0
18,/muneeb-mbytes/Mbits_AXI4_AVIP/blob/phase1_development_branch/doc/axi4_avip_architecture_document.pdf,Mbits_AXI4_AVIP/doc/axi4_avip_architecture_document.pdf at phase1_development...,2,1.0
19,/muneeb-mbytes/Mbits_AXI4_AVIP/tree/phase1_development_branch/src,Mbits_AXI4_AVIP/src at phase1_development_branch · muneeb-mbytes/Mbits_AXI4_A...,2,1.0
20,/muneeb-mbytes/Mbits_AXI4_AVIP/tree/phase1_development_branch,GitHub - muneeb-mbytes/Mbits_AXI4_AVIP: Mbits axi4 avip,1,1.0
21,/muneeb-mbytes/Mbits_AXI4_AVIP/tree/phase1_development_branch/doc,Mbits_AXI4_AVIP/doc at phase1_development_branch · muneeb-mbytes/Mbits_AXI4_A...,3,1.0
22,/muneeb-mbytes/Mbits_AXI4_AVIP/tree/phase1_development_branch/src/hvl_top,Mbits_AXI4_AVIP/src/hvl_top at phase1_development_branch · muneeb-mbytes/Mbit...,3,1.0
23,/muneeb-mbytes/Mbits_AXI4_AVIP/tree/phase1_development_branch/src/hvl_top/master,Mbits_AXI4_AVIP/src/hvl_top/master at phase1_development_branch · muneeb-mbyt...,3,1.0
24,/muneeb-mbytes/Mbits_AXI4_AVIP,GitHub - muneeb-mbytes/Mbits_AXI4_AVIP: Mbits axi4 avip,2,2.0
25,/muneeb-mbytes/Mbits_AXI4_AVIP/blob/phase1_development_branch/doc/axi4_avip_architecture_document.pdf,Mbits_AXI4_AVIP/doc/axi4_avip_architecture_document.pdf at phase1_development...,2,1.0
26,/muneeb-mbytes/Mbits_AXI4_AVIP/tree/phase1_development_branch/src,Mbits_AXI4_AVIP/src at phase1_development_branch · muneeb-mbytes/Mbits_AXI4_A...,2,1.0
27,/muneeb-mbytes/Mbits_AXI4_AVIP/tree/phase1_development_branch,GitHub - muneeb-mbytes/Mbits_AXI4_AVIP: Mbits axi4 avip,1,1.0
28,/muneeb-mbytes/Mbits_AXI4_AVIP/tree/phase1_development_branch/doc,Mbits_AXI4_AVIP/doc at phase1_development_branch · muneeb-mbytes/Mbits_AXI4_A...,3,1.0
29,/muneeb-mbytes/Mbits_AXI4_AVIP/tree/phase1_development_branch/src/hvl_top,Mbits_AXI4_AVIP/src/hvl_top at phase1_development_branch · muneeb-mbytes/Mbit...,3,1.0
30,/muneeb-mbytes/Mbits_AXI4_AVIP/tree/phase1_development_branch/src/hvl_top/master,Mbits_AXI4_AVIP/src/hvl_top/master at phase1_development_branch · muneeb-mbyt...,3,1.0
31,/muneeb-mbytes/Mbits_AXI4_AVIP,GitHub - muneeb-mbytes/Mbits_AXI4_AVIP: Mbits axi4 avip,2,2.0
32,/muneeb-mbytes/Mbits_AXI4_AVIP/blob/phase1_development_branch/doc/axi4_avip_architecture_document.pdf,Mbits_AXI4_AVIP/doc/axi4_avip_architecture_document.pdf at phase1_development...,2,1.0
33,/muneeb-mbytes/Mbits_AXI4_AVIP/tree/phase1_development_branch/src,Mbits_AXI4_AVIP/src at phase1_development_branch · muneeb-mbytes/Mbits_AXI4_A...,2,1.0
34,/muneeb-mbytes/Mbits_AXI4_AVIP/tree/phase1_development_branch,GitHub - muneeb-mbytes/Mbits_AXI4_AVIP: Mbits axi4 avip,1,1.0
35,/muneeb-mbytes/Mbits_AXI4_AVIP/tree/phase1_development_branch/doc,Mbits_AXI4_AVIP/doc at phase1_development_branch · muneeb-mbytes/Mbits_AXI4_A...,3,1.0
36,/muneeb-mbytes/Mbits_AXI4_AVIP/tree/phase1_development_branch/src/hvl_top,Mbits_AXI4_AVIP/src/hvl_top at phase1_development_branch · muneeb-mbytes/Mbit...,3,1.0
37,/muneeb-mbytes/Mbits_AXI4_AVIP/tree/phase1_development_branch/src/hvl_top/master,Mbits_AXI4_AVIP/src/hvl_top/master at phase1_development_branch · muneeb-mbyt...,3,1.0
38,/muneeb-mbytes/Mbits_AXI4_AVIP,GitHub - muneeb-mbytes/Mbits_AXI4_AVIP: Mbits axi4 avip,2,2.0
39,/muneeb-mbytes/Mbits_AXI4_AVIP/blob/phase1_development_branch/doc/axi4_avip_architecture_document.pdf,Mbits_AXI4_AVIP/doc/axi4_avip_architecture_document.pdf at phase1_development...,2,1.0
40,/muneeb-mbytes/Mbits_AXI4_AVIP/tree/phase1_development_branch/src,Mbits_AXI4_AVIP/src at phase1_development_branch · muneeb-mbytes/Mbits_AXI4_A...,2,1.0
41,/muneeb-mbytes/Mbits_AXI4_AVIP/tree/phase1_development_branch,GitHub - muneeb-mbytes/Mbits_AXI4_AVIP: Mbits axi4 avip,1,1.0
42,/muneeb-mbytes/Mbits_AXI4_AVIP/tree/phase1_development_branch/doc,Mbits_AXI4_AVIP/doc at phase1_development_branch · muneeb-mbytes/Mbits_AXI4_A...,3,1.0
43,/muneeb-mbytes/Mbits_AXI4_AVIP/tree/phase1_development_branch/src/hvl_top,Mbits_AXI4_AVIP/src/hvl_top at phase1_development_branch · muneeb-mbytes/Mbit...,3,1.0
44,/muneeb-mbytes/Mbits_AXI4_AVIP/tree/phase1_development_branch/src/hvl_top/master,Mbits_AXI4_AVIP/src/hvl_top/master at phase1_development_branch · muneeb-mbyt...,3,1.0
45,/muneeb-mbytes/Mbits_AXI4_AVIP,GitHub - muneeb-mbytes/Mbits_AXI4_AVIP: Mbits axi4 avip,2,2.0
46,/muneeb-mbytes/Mbits_AXI4_AVIP/blob/phase1_development_branch/doc/axi4_avip_architecture_document.pdf,Mbits_AXI4_AVIP/doc/axi4_avip_architecture_document.pdf at phase1_development...,2,1.0
47,/muneeb-mbytes/Mbits_AXI4_AVIP/tree/phase1_development_branch/src,Mbits_AXI4_AVIP/src at phase1_development_branch · muneeb-mbytes/Mbits_AXI4_A...,2,1.0
48,/muneeb-mbytes/Mbits_AXI4_AVIP/tree/phase1_development_branch,GitHub - muneeb-mbytes/Mbits_AXI4_AVIP: Mbits axi4 avip,1,1.0
/muneeb-mbytes/Mbits_AXI4_AVIP/tree/phase1_development_branch/doc,Mbits_AXI4_AVIP/doc at phase1_development_branch · muneeb-mbytes/Mbits_AXI4_A...,3,1,
/muneeb-mbytes/Mbits_AXI4_AVIP/tree/phase1_development_branch/src/hvl_top,Mbits_AXI4_AVIP/src/hvl_top at phase1_development_branch · muneeb-mbytes/Mbit...,3,1,
/muneeb-mbytes/Mbits_AXI4_AVIP/tree/phase1_development_branch/src/hvl_top/master,Mbits_AXI4_AVIP/src/hvl_top/master at phase1_development_branch · muneeb-mbyt...,3,1,
/muneeb-mbytes/Mbits_AXI4_AVIP,GitHub - muneeb-mbytes/Mbits_AXI4_AVIP: Mbits axi4 avip,2,2,
/muneeb-mbytes/Mbits_AXI4_AVIP/blob/phase1_development_branch/doc/axi4_avip_architecture_document.pdf,Mbits_AXI4_AVIP/doc/axi4_avip_architecture_document.pdf at phase1_development...,2,1,
/muneeb-mbytes/Mbits_AXI4_AVIP/tree/phase1_development_branch/src,Mbits_AXI4_AVIP/src at phase1_development_branch · muneeb-mbytes/Mbits_AXI4_A...,2,1,
/muneeb-mbytes/Mbits_AXI4_AVIP/tree/phase1_development_branch,GitHub - muneeb-mbytes/Mbits_AXI4_AVIP: Mbits axi4 avip,1,1,
0,/muneeb-mbytes/Mbits_AXI4_AVIP/tree/phase1_development_branch/doc,Mbits_AXI4_AVIP/doc at phase1_development_branch · muneeb-mbytes/Mbits_AXI4_A...,3,1.0
1,/muneeb-mbytes/Mbits_AXI4_AVIP/tree/phase1_development_branch/src/hvl_top,Mbits_AXI4_AVIP/src/hvl_top at phase1_development_branch · muneeb-mbytes/Mbit...,3,1.0
2,/muneeb-mbytes/Mbits_AXI4_AVIP/tree/phase1_development_branch/src/hvl_top/master,Mbits_AXI4_AVIP/src/hvl_top/master at phase1_development_branch · muneeb-mbyt...,3,1.0
3,/muneeb-mbytes/Mbits_AXI4_AVIP,GitHub - muneeb-mbytes/Mbits_AXI4_AVIP: Mbits axi4 avip,2,2.0
4,/muneeb-mbytes/Mbits_AXI4_AVIP/blob/phase1_development_branch/doc/axi4_avip_architecture_document.pdf,Mbits_AXI4_AVIP/doc/axi4_avip_architecture_document.pdf at phase1_development...,2,1.0
5,/muneeb-mbytes/Mbits_AXI4_AVIP/tree/phase1_development_branch/src,Mbits_AXI4_AVIP/src at phase1_development_branch · muneeb-mbytes/Mbits_AXI4_A...,2,1.0
6,/muneeb-mbytes/Mbits_AXI4_AVIP/tree/phase1_development_branch,GitHub - muneeb-mbytes/Mbits_AXI4_AVIP: Mbits axi4 avip,1,1.0
7,/muneeb-mbytes/Mbits_AXI4_AVIP/tree/phase1_development_branch/doc,Mbits_AXI4_AVIP/doc at phase1_development_branch · muneeb-mbytes/Mbits_AXI4_A...,3,1.0
8,/muneeb-mbytes/Mbits_AXI4_AVIP/tree/phase1_development_branch/src/hvl_top,Mbits_AXI4_AVIP/src/hvl_top at phase1_development_branch · muneeb-mbytes/Mbit...,3,1.0
9,/muneeb-mbytes/Mbits_AXI4_AVIP/tree/phase1_development_branch/src/hvl_top/master,Mbits_AXI4_AVIP/src/hvl_top/master at phase1_development_branch · muneeb-mbyt...,3,1.0
10,/muneeb-mbytes/Mbits_AXI4_AVIP,GitHub - muneeb-mbytes/Mbits_AXI4_AVIP: Mbits axi4 avip,2,2.0
11,/muneeb-mbytes/Mbits_AXI4_AVIP/blob/phase1_development_branch/doc/axi4_avip_architecture_document.pdf,Mbits_AXI4_AVIP/doc/axi4_avip_architecture_document.pdf at phase1_development...,2,1.0
12,/muneeb-mbytes/Mbits_AXI4_AVIP/tree/phase1_development_branch/src,Mbits_AXI4_AVIP/src at phase1_development_branch · muneeb-mbytes/Mbits_AXI4_A...,2,1.0
13,/muneeb-mbytes/Mbits_AXI4_AVIP/tree/phase1_development_branch,GitHub - muneeb-mbytes/Mbits_AXI4_AVIP: Mbits axi4 avip,1,1.0
14,/muneeb-mbytes/Mbits_AXI4_AVIP/tree/phase1_development_branch/doc,Mbits_AXI4_AVIP/doc at phase1_development_branch · muneeb-mbytes/Mbits_AXI4_A...,3,1.0
15,/muneeb-mbytes/Mbits_AXI4_AVIP/tree/phase1_development_branch/src/hvl_top,Mbits_AXI4_AVIP/src/hvl_top at phase1_development_branch · muneeb-mbytes/Mbit...,3,1.0
16,/muneeb-mbytes/Mbits_AXI4_AVIP/tree/phase1_development_branch/src/hvl_top/master,Mbits_AXI4_AVIP/src/hvl_top/master at phase1_development_branch · muneeb-mbyt...,3,1.0
17,/muneeb-mbytes/Mbits_AXI4_AVIP,GitHub - muneeb-mbytes/Mbits_AXI4_AVIP: Mbits axi4 avip,2,2.0
18,/muneeb-mbytes/Mbits_AXI4_AVIP/blob/phase1_development_branch/doc/axi4_avip_architecture_document.pdf,Mbits_AXI4_AVIP/doc/axi4_avip_architecture_document.pdf at phase1_development...,2,1.0
19,/muneeb-mbytes/Mbits_AXI4_AVIP/tree/phase1_development_branch/src,Mbits_AXI4_AVIP/src at phase1_development_branch · muneeb-mbytes/Mbits_AXI4_A...,2,1.0
20,/muneeb-mbytes/Mbits_AXI4_AVIP/tree/phase1_development_branch,GitHub - muneeb-mbytes/Mbits_AXI4_AVIP: Mbits axi4 avip,1,1.0
21,/muneeb-mbytes/Mbits_AXI4_AVIP/tree/phase1_development_branch/doc,Mbits_AXI4_AVIP/doc at phase1_development_branch · muneeb-mbytes/Mbits_AXI4_A...,3,1.0
22,/muneeb-mbytes/Mbits_AXI4_AVIP/tree/phase1_development_branch/src/hvl_top,Mbits_AXI4_AVIP/src/hvl_top at phase1_development_branch · muneeb-mbytes/Mbit...,3,1.0
23,/muneeb-mbytes/Mbits_AXI4_AVIP/tree/phase1_development_branch/src/hvl_top/master,Mbits_AXI4_AVIP/src/hvl_top/master at phase1_development_branch · muneeb-mbyt...,3,1.0
24,/muneeb-mbytes/Mbits_AXI4_AVIP,GitHub - muneeb-mbytes/Mbits_AXI4_AVIP: Mbits axi4 avip,2,2.0
25,/muneeb-mbytes/Mbits_AXI4_AVIP/blob/phase1_development_branch/doc/axi4_avip_architecture_document.pdf,Mbits_AXI4_AVIP/doc/axi4_avip_architecture_document.pdf at phase1_development...,2,1.0
26,/muneeb-mbytes/Mbits_AXI4_AVIP/tree/phase1_development_branch/src,Mbits_AXI4_AVIP/src at phase1_development_branch · muneeb-mbytes/Mbits_AXI4_A...,2,1.0
27,/muneeb-mbytes/Mbits_AXI4_AVIP/tree/phase1_development_branch,GitHub - muneeb-mbytes/Mbits_AXI4_AVIP: Mbits axi4 avip,1,1.0
28,/muneeb-mbytes/Mbits_AXI4_AVIP/tree/phase1_development_branch/doc,Mbits_AXI4_AVIP/doc at phase1_development_branch · muneeb-mbytes/Mbits_AXI4_A...,3,1.0
29,/muneeb-mbytes/Mbits_AXI4_AVIP/tree/phase1_development_branch/src/hvl_top,Mbits_AXI4_AVIP/src/hvl_top at phase1_development_branch · muneeb-mbytes/Mbit...,3,1.0
30,/muneeb-mbytes/Mbits_AXI4_AVIP/tree/phase1_development_branch/src/hvl_top/master,Mbits_AXI4_AVIP/src/hvl_top/master at phase1_development_branch · muneeb-mbyt...,3,1.0
31,/muneeb-mbytes/Mbits_AXI4_AVIP,GitHub - muneeb-mbytes/Mbits_AXI4_AVIP: Mbits axi4 avip,2,2.0
32,/muneeb-mbytes/Mbits_AXI4_AVIP/blob/phase1_development_branch/doc/axi4_avip_architecture_document.pdf,Mbits_AXI4_AVIP/doc/axi4_avip_architecture_document.pdf at phase1_development...,2,1.0
33,/muneeb-mbytes/Mbits_AXI4_AVIP/tree/phase1_development_branch/src,Mbits_AXI4_AVIP/src at phase1_development_branch · muneeb-mbytes/Mbits_AXI4_A...,2,1.0
34,/muneeb-mbytes/Mbits_AXI4_AVIP/tree/phase1_development_branch,GitHub - muneeb-mbytes/Mbits_AXI4_AVIP: Mbits axi4 avip,1,1.0
35,/muneeb-mbytes/Mbits_AXI4_AVIP/tree/phase1_development_branch/doc,Mbits_AXI4_AVIP/doc at phase1_development_branch · muneeb-mbytes/Mbits_AXI4_A...,3,1.0
36,/muneeb-mbytes/Mbits_AXI4_AVIP/tree/phase1_development_branch/src/hvl_top,Mbits_AXI4_AVIP/src/hvl_top at phase1_development_branch · muneeb-mbytes/Mbit...,3,1.0
37,/muneeb-mbytes/Mbits_AXI4_AVIP/tree/phase1_development_branch/src/hvl_top/master,Mbits_AXI4_AVIP/src/hvl_top/master at phase1_development_branch · muneeb-mbyt...,3,1.0
38,/muneeb-mbytes/Mbits_AXI4_AVIP,GitHub - muneeb-mbytes/Mbits_AXI4_AVIP: Mbits axi4 avip,2,2.0
39,/muneeb-mbytes/Mbits_AXI4_AVIP/blob/phase1_development_branch/doc/axi4_avip_architecture_document.pdf,Mbits_AXI4_AVIP/doc/axi4_avip_architecture_document.pdf at phase1_development...,2,1.0
40,/muneeb-mbytes/Mbits_AXI4_AVIP/tree/phase1_development_branch/src,Mbits_AXI4_AVIP/src at phase1_development_branch · muneeb-mbytes/Mbits_AXI4_A...,2,1.0
41,/muneeb-mbytes/Mbits_AXI4_AVIP/tree/phase1_development_branch,GitHub - muneeb-mbytes/Mbits_AXI4_AVIP: Mbits axi4 avip,1,1.0
42,/muneeb-mbytes/Mbits_AXI4_AVIP/tree/phase1_development_branch/doc,Mbits_AXI4_AVIP/doc at phase1_development_branch · muneeb-mbytes/Mbits_AXI4_A...,3,1.0
43,/muneeb-mbytes/Mbits_AXI4_AVIP/tree/phase1_development_branch/src/hvl_top,Mbits_AXI4_AVIP/src/hvl_top at phase1_development_branch · muneeb-mbytes/Mbit...,3,1.0
44,/muneeb-mbytes/Mbits_AXI4_AVIP/tree/phase1_development_branch/src/hvl_top/master,Mbits_AXI4_AVIP/src/hvl_top/master at phase1_development_branch · muneeb-mbyt...,3,1.0
45,/muneeb-mbytes/Mbits_AXI4_AVIP,GitHub - muneeb-mbytes/Mbits_AXI4_AVIP: Mbits axi4 avip,2,2.0
46,/muneeb-mbytes/Mbits_AXI4_AVIP/blob/phase1_development_branch/doc/axi4_avip_architecture_document.pdf,Mbits_AXI4_AVIP/doc/axi4_avip_architecture_document.pdf at phase1_development...,2,1.0
47,/muneeb-mbytes/Mbits_AXI4_AVIP/tree/phase1_development_branch/src,Mbits_AXI4_AVIP/src at phase1_development_branch · muneeb-mbytes/Mbits_AXI4_A...,2,1.0
48,/muneeb-mbytes/Mbits_AXI4_AVIP/tree/phase1_development_branch,GitHub - muneeb-mbytes/Mbits_AXI4_AVIP: Mbits axi4 avip,1,1.0
/muneeb-mbytes/Mbits_AXI4_AVIP/tree/phase1_development_branch/doc,Mbits_AXI4_AVIP/doc at phase1_development_branch · muneeb-mbytes/Mbits_AXI4_A...,3,1,
/muneeb-mbytes/Mbits_AXI4_AVIP/tree/phase1_development_branch/src/hvl_top,Mbits_AXI4_AVIP/src/hvl_top at phase1_development_branch · muneeb-mbytes/Mbit...,3,1,
/muneeb-mbytes/Mbits_AXI4_AVIP/tree/phase1_development_branch/src/hvl_top/master,Mbits_AXI4_AVIP/src/hvl_top/master at phase1_development_branch · muneeb-mbyt...,3,1,
/muneeb-mbytes/Mbits_AXI4_AVIP,GitHub - muneeb-mbytes/Mbits_AXI4_AVIP: Mbits axi4 avip,2,2,
/muneeb-mbytes/Mbits_AXI4_AVIP/blob/phase1_development_branch/doc/axi4_avip_architecture_document.pdf,Mbits_AXI4_AVIP/doc/axi4_avip_architecture_document.pdf at phase1_development...,2,1,
/muneeb-mbytes/Mbits_AXI4_AVIP/tree/phase1_development_branch/src,Mbits_AXI4_AVIP/src at phase1_development_branch · muneeb-mbytes/Mbits_AXI4_A...,2,1,
/muneeb-mbytes/Mbits_AXI4_AVIP/tree/phase1_development_branch,GitHub - muneeb-mbytes/Mbits_AXI4_AVIP: Mbits axi4 avip,1,1,
0,/muneeb-mbytes/Mbits_AXI4_AVIP/tree/phase1_development_branch/doc,Mbits_AXI4_AVIP/doc at phase1_development_branch · muneeb-mbytes/Mbits_AXI4_A...,3,1.0
1,/muneeb-mbytes/Mbits_AXI4_AVIP/tree/phase1_development_branch/src/hvl_top,Mbits_AXI4_AVIP/src/hvl_top at phase1_development_branch · muneeb-mbytes/Mbit...,3,1.0
2,/muneeb-mbytes/Mbits_AXI4_AVIP/tree/phase1_development_branch/src/hvl_top/master,Mbits_AXI4_AVIP/src/hvl_top/master at phase1_development_branch · muneeb-mbyt...,3,1.0
3,/muneeb-mbytes/Mbits_AXI4_AVIP,GitHub - muneeb-mbytes/Mbits_AXI4_AVIP: Mbits axi4 avip,2,2.0
4,/muneeb-mbytes/Mbits_AXI4_AVIP/blob/phase1_development_branch/doc/axi4_avip_architecture_document.pdf,Mbits_AXI4_AVIP/doc/axi4_avip_architecture_document.pdf at phase1_development...,2,1.0
5,/muneeb-mbytes/Mbits_AXI4_AVIP/tree/phase1_development_branch/src,Mbits_AXI4_AVIP/src at phase1_development_branch · muneeb-mbytes/Mbits_AXI4_A...,2,1.0
6,/muneeb-mbytes/Mbits_AXI4_AVIP/tree/phase1_development_branch,GitHub - muneeb-mbytes/Mbits_AXI4_AVIP: Mbits axi4 avip,1,1.0
7,/muneeb-mbytes/Mbits_AXI4_AVIP/tree/phase1_development_branch/doc,Mbits_AXI4_AVIP/doc at phase1_development_branch · muneeb-mbytes/Mbits_AXI4_A...,3,1.0
8,/muneeb-mbytes/Mbits_AXI4_AVIP/tree/phase1_development_branch/src/hvl_top,Mbits_AXI4_AVIP/src/hvl_top at phase1_development_branch · muneeb-mbytes/Mbit...,3,1.0
9,/muneeb-mbytes/Mbits_AXI4_AVIP/tree/phase1_development_branch/src/hvl_top/master,Mbits_AXI4_AVIP/src/hvl_top/master at phase1_development_branch · muneeb-mbyt...,3,1.0
10,/muneeb-mbytes/Mbits_AXI4_AVIP,GitHub - muneeb-mbytes/Mbits_AXI4_AVIP: Mbits axi4 avip,2,2.0
11,/muneeb-mbytes/Mbits_AXI4_AVIP/blob/phase1_development_branch/doc/axi4_avip_architecture_document.pdf,Mbits_AXI4_AVIP/doc/axi4_avip_architecture_document.pdf at phase1_development...,2,1.0
12,/muneeb-mbytes/Mbits_AXI4_AVIP/tree/phase1_development_branch/src,Mbits_AXI4_AVIP/src at phase1_development_branch · muneeb-mbytes/Mbits_AXI4_A...,2,1.0
13,/muneeb-mbytes/Mbits_AXI4_AVIP/tree/phase1_development_branch,GitHub - muneeb-mbytes/Mbits_AXI4_AVIP: Mbits axi4 avip,1,1.0
14,/muneeb-mbytes/Mbits_AXI4_AVIP/tree/phase1_development_branch/doc,Mbits_AXI4_AVIP/doc at phase1_development_branch · muneeb-mbytes/Mbits_AXI4_A...,3,1.0
15,/muneeb-mbytes/Mbits_AXI4_AVIP/tree/phase1_development_branch/src/hvl_top,Mbits_AXI4_AVIP/src/hvl_top at phase1_development_branch · muneeb-mbytes/Mbit...,3,1.0
16,/muneeb-mbytes/Mbits_AXI4_AVIP/tree/phase1_development_branch/src/hvl_top/master,Mbits_AXI4_AVIP/src/hvl_top/master at phase1_development_branch · muneeb-mbyt...,3,1.0
17,/muneeb-mbytes/Mbits_AXI4_AVIP,GitHub - muneeb-mbytes/Mbits_AXI4_AVIP: Mbits axi4 avip,2,2.0
18,/muneeb-mbytes/Mbits_AXI4_AVIP/blob/phase1_development_branch/doc/axi4_avip_architecture_document.pdf,Mbits_AXI4_AVIP/doc/axi4_avip_architecture_document.pdf at phase1_development...,2,1.0
19,/muneeb-mbytes/Mbits_AXI4_AVIP/tree/phase1_development_branch/src,Mbits_AXI4_AVIP/src at phase1_development_branch · muneeb-mbytes/Mbits_AXI4_A...,2,1.0
20,/muneeb-mbytes/Mbits_AXI4_AVIP/tree/phase1_development_branch,GitHub - muneeb-mbytes/Mbits_AXI4_AVIP: Mbits axi4 avip,1,1.0
21,/muneeb-mbytes/Mbits_AXI4_AVIP/tree/phase1_development_branch/doc,Mbits_AXI4_AVIP/doc at phase1_development_branch · muneeb-mbytes/Mbits_AXI4_A...,3,1.0
22,/muneeb-mbytes/Mbits_AXI4_AVIP/tree/phase1_development_branch/src/hvl_top,Mbits_AXI4_AVIP/src/hvl_top at phase1_development_branch · muneeb-mbytes/Mbit...,3,1.0
23,/muneeb-mbytes/Mbits_AXI4_AVIP/tree/phase1_development_branch/src/hvl_top/master,Mbits_AXI4_AVIP/src/hvl_top/master at phase1_development_branch · muneeb-mbyt...,3,1.0
24,/muneeb-mbytes/Mbits_AXI4_AVIP,GitHub - muneeb-mbytes/Mbits_AXI4_AVIP: Mbits axi4 avip,2,2.0
25,/muneeb-mbytes/Mbits_AXI4_AVIP/blob/phase1_development_branch/doc/axi4_avip_architecture_document.pdf,Mbits_AXI4_AVIP/doc/axi4_avip_architecture_document.pdf at phase1_development...,2,1.0
26,/muneeb-mbytes/Mbits_AXI4_AVIP/tree/phase1_development_branch/src,Mbits_AXI4_AVIP/src at phase1_development_branch · muneeb-mbytes/Mbits_AXI4_A...,2,1.0
27,/muneeb-mbytes/Mbits_AXI4_AVIP/tree/phase1_development_branch,GitHub - muneeb-mbytes/Mbits_AXI4_AVIP: Mbits axi4 avip,1,1.0
28,/muneeb-mbytes/Mbits_AXI4_AVIP/tree/phase1_development_branch/doc,Mbits_AXI4_AVIP/doc at phase1_development_branch · muneeb-mbytes/Mbits_AXI4_A...,3,1.0
29,/muneeb-mbytes/Mbits_AXI4_AVIP/tree/phase1_development_branch/src/hvl_top,Mbits_AXI4_AVIP/src/hvl_top at phase1_development_branch · muneeb-mbytes/Mbit...,3,1.0
30,/muneeb-mbytes/Mbits_AXI4_AVIP/tree/phase1_development_branch/src/hvl_top/master,Mbits_AXI4_AVIP/src/hvl_top/master at phase1_development_branch · muneeb-mbyt...,3,1.0
31,/muneeb-mbytes/Mbits_AXI4_AVIP,GitHub - muneeb-mbytes/Mbits_AXI4_AVIP: Mbits axi4 avip,2,2.0
32,/muneeb-mbytes/Mbits_AXI4_AVIP/blob/phase1_development_branch/doc/axi4_avip_architecture_document.pdf,Mbits_AXI4_AVIP/doc/axi4_avip_architecture_document.pdf at phase1_development...,2,1.0
33,/muneeb-mbytes/Mbits_AXI4_AVIP/tree/phase1_development_branch/src,Mbits_AXI4_AVIP/src at phase1_development_branch · muneeb-mbytes/Mbits_AXI4_A...,2,1.0
34,/muneeb-mbytes/Mbits_AXI4_AVIP/tree/phase1_development_branch,GitHub - muneeb-mbytes/Mbits_AXI4_AVIP: Mbits axi4 avip,1,1.0
35,/muneeb-mbytes/Mbits_AXI4_AVIP/tree/phase1_development_branch/doc,Mbits_AXI4_AVIP/doc at phase1_development_branch · muneeb-mbytes/Mbits_AXI4_A...,3,1.0
36,/muneeb-mbytes/Mbits_AXI4_AVIP/tree/phase1_development_branch/src/hvl_top,Mbits_AXI4_AVIP/src/hvl_top at phase1_development_branch · muneeb-mbytes/Mbit...,3,1.0
37,/muneeb-mbytes/Mbits_AXI4_AVIP/tree/phase1_development_branch/src/hvl_top/master,Mbits_AXI4_AVIP/src/hvl_top/master at phase1_development_branch · muneeb-mbyt...,3,1.0
38,/muneeb-mbytes/Mbits_AXI4_AVIP,GitHub - muneeb-mbytes/Mbits_AXI4_AVIP: Mbits axi4 avip,2,2.0
39,/muneeb-mbytes/Mbits_AXI4_AVIP/blob/phase1_development_branch/doc/axi4_avip_architecture_document.pdf,Mbits_AXI4_AVIP/doc/axi4_avip_architecture_document.pdf at phase1_development...,2,1.0
40,/muneeb-mbytes/Mbits_AXI4_AVIP/tree/phase1_development_branch/src,Mbits_AXI4_AVIP/src at phase1_development_branch · muneeb-mbytes/Mbits_AXI4_A...,2,1.0
41,/muneeb-mbytes/Mbits_AXI4_AVIP/tree/phase1_development_branch,GitHub - muneeb-mbytes/Mbits_AXI4_AVIP: Mbits axi4 avip,1,1.0
42,/muneeb-mbytes/Mbits_AXI4_AVIP/tree/phase1_development_branch/doc,Mbits_AXI4_AVIP/doc at phase1_development_branch · muneeb-mbytes/Mbits_AXI4_A...,3,1.0
43,/muneeb-mbytes/Mbits_AXI4_AVIP/tree/phase1_development_branch/src/hvl_top,Mbits_AXI4_AVIP/src/hvl_top at phase1_development_branch · muneeb-mbytes/Mbit...,3,1.0
44,/muneeb-mbytes/Mbits_AXI4_AVIP/tree/phase1_development_branch/src/hvl_top/master,Mbits_AXI4_AVIP/src/hvl_top/master at phase1_development_branch · muneeb-mbyt...,3,1.0
45,/muneeb-mbytes/Mbits_AXI4_AVIP,GitHub - muneeb-mbytes/Mbits_AXI4_AVIP: Mbits axi4 avip,2,2.0
46,/muneeb-mbytes/Mbits_AXI4_AVIP/blob/phase1_development_branch/doc/axi4_avip_architecture_document.pdf,Mbits_AXI4_AVIP/doc/axi4_avip_architecture_document.pdf at phase1_development...,2,1.0
47,/muneeb-mbytes/Mbits_AXI4_AVIP/tree/phase1_development_branch/src,Mbits_AXI4_AVIP/src at phase1_development_branch · muneeb-mbytes/Mbits_AXI4_A...,2,1.0
48,/muneeb-mbytes/Mbits_AXI4_AVIP/tree/phase1_development_branch,GitHub - muneeb-mbytes/Mbits_AXI4_AVIP: Mbits axi4 avip,1,1.0
/muneeb-mbytes/Mbits_AXI4_AVIP/tree/phase1_development_branch/doc,Mbits_AXI4_AVIP/doc at phase1_development_branch · muneeb-mbytes/Mbits_AXI4_A...,3,1,
/muneeb-mbytes/Mbits_AXI4_AVIP/tree/phase1_development_branch/src/hvl_top,Mbits_AXI4_AVIP/src/hvl_top at phase1_development_branch · muneeb-mbytes/Mbit...,3,1,
/muneeb-mbytes/Mbits_AXI4_AVIP/tree/phase1_development_branch/src/hvl_top/master,Mbits_AXI4_AVIP/src/hvl_top/master at phase1_development_branch · muneeb-mbyt...,3,1,
/muneeb-mbytes/Mbits_AXI4_AVIP,GitHub - muneeb-mbytes/Mbits_AXI4_AVIP: Mbits axi4 avip,2,2,
/muneeb-mbytes/Mbits_AXI4_AVIP/blob/phase1_development_branch/doc/axi4_avip_architecture_document.pdf,Mbits_AXI4_AVIP/doc/axi4_avip_architecture_document.pdf at phase1_development...,2,1,
/muneeb-mbytes/Mbits_AXI4_AVIP/tree/phase1_development_branch/src,Mbits_AXI4_AVIP/src at phase1_development_branch · muneeb-mbytes/Mbits_AXI4_A...,2,1,
/muneeb-mbytes/Mbits_AXI4_AVIP/tree/phase1_development_branch,GitHub - muneeb-mbytes/Mbits_AXI4_AVIP: Mbits axi4 avip,1,1,
0,/muneeb-mbytes/Mbits_AXI4_AVIP/tree/phase1_development_branch/doc,Mbits_AXI4_AVIP/doc at phase1_development_branch · muneeb-mbytes/Mbits_AXI4_A...,3,1.0
1,/muneeb-mbytes/Mbits_AXI4_AVIP/tree/phase1_development_branch/src/hvl_top,Mbits_AXI4_AVIP/src/hvl_top at phase1_development_branch · muneeb-mbytes/Mbit...,3,1.0
2,/muneeb-mbytes/Mbits_AXI4_AVIP/tree/phase1_development_branch/src/hvl_top/master,Mbits_AXI4_AVIP/src/hvl_top/master at phase1_development_branch · muneeb-mbyt...,3,1.0
3,/muneeb-mbytes/Mbits_AXI4_AVIP,GitHub - muneeb-mbytes/Mbits_AXI4_AVIP: Mbits axi4 avip,2,2.0
4,/muneeb-mbytes/Mbits_AXI4_AVIP/blob/phase1_development_branch/doc/axi4_avip_architecture_document.pdf,Mbits_AXI4_AVIP/doc/axi4_avip_architecture_document.pdf at phase1_development...,2,1.0
5,/muneeb-mbytes/Mbits_AXI4_AVIP/tree/phase1_development_branch/src,Mbits_AXI4_AVIP/src at phase1_development_branch · muneeb-mbytes/Mbits_AXI4_A...,2,1.0
6,/muneeb-mbytes/Mbits_AXI4_AVIP/tree/phase1_development_branch,GitHub - muneeb-mbytes/Mbits_AXI4_AVIP: Mbits axi4 avip,1,1.0
7,/muneeb-mbytes/Mbits_AXI4_AVIP/tree/phase1_development_branch/doc,Mbits_AXI4_AVIP/doc at phase1_development_branch · muneeb-mbytes/Mbits_AXI4_A...,3,1.0
8,/muneeb-mbytes/Mbits_AXI4_AVIP/tree/phase1_development_branch/src/hvl_top,Mbits_AXI4_AVIP/src/hvl_top at phase1_development_branch · muneeb-mbytes/Mbit...,3,1.0
9,/muneeb-mbytes/Mbits_AXI4_AVIP/tree/phase1_development_branch/src/hvl_top/master,Mbits_AXI4_AVIP/src/hvl_top/master at phase1_development_branch · muneeb-mbyt...,3,1.0
10,/muneeb-mbytes/Mbits_AXI4_AVIP,GitHub - muneeb-mbytes/Mbits_AXI4_AVIP: Mbits axi4 avip,2,2.0
11,/muneeb-mbytes/Mbits_AXI4_AVIP/blob/phase1_development_branch/doc/axi4_avip_architecture_document.pdf,Mbits_AXI4_AVIP/doc/axi4_avip_architecture_document.pdf at phase1_development...,2,1.0
12,/muneeb-mbytes/Mbits_AXI4_AVIP/tree/phase1_development_branch/src,Mbits_AXI4_AVIP/src at phase1_development_branch · muneeb-mbytes/Mbits_AXI4_A...,2,1.0
13,/muneeb-mbytes/Mbits_AXI4_AVIP/tree/phase1_development_branch,GitHub - muneeb-mbytes/Mbits_AXI4_AVIP: Mbits axi4 avip,1,1.0
14,/muneeb-mbytes/Mbits_AXI4_AVIP/tree/phase1_development_branch/doc,Mbits_AXI4_AVIP/doc at phase1_development_branch · muneeb-mbytes/Mbits_AXI4_A...,3,1.0
15,/muneeb-mbytes/Mbits_AXI4_AVIP/tree/phase1_development_branch/src/hvl_top,Mbits_AXI4_AVIP/src/hvl_top at phase1_development_branch · muneeb-mbytes/Mbit...,3,1.0
16,/muneeb-mbytes/Mbits_AXI4_AVIP/tree/phase1_development_branch/src/hvl_top/master,Mbits_AXI4_AVIP/src/hvl_top/master at phase1_development_branch · muneeb-mbyt...,3,1.0
17,/muneeb-mbytes/Mbits_AXI4_AVIP,GitHub - muneeb-mbytes/Mbits_AXI4_AVIP: Mbits axi4 avip,2,2.0
18,/muneeb-mbytes/Mbits_AXI4_AVIP/blob/phase1_development_branch/doc/axi4_avip_architecture_document.pdf,Mbits_AXI4_AVIP/doc/axi4_avip_architecture_document.pdf at phase1_development...,2,1.0
19,/muneeb-mbytes/Mbits_AXI4_AVIP/tree/phase1_development_branch/src,Mbits_AXI4_AVIP/src at phase1_development_branch · muneeb-mbytes/Mbits_AXI4_A...,2,1.0
20,/muneeb-mbytes/Mbits_AXI4_AVIP/tree/phase1_development_branch,GitHub - muneeb-mbytes/Mbits_AXI4_AVIP: Mbits axi4 avip,1,1.0
21,/muneeb-mbytes/Mbits_AXI4_AVIP/tree/phase1_development_branch/doc,Mbits_AXI4_AVIP/doc at phase1_development_branch · muneeb-mbytes/Mbits_AXI4_A...,3,1.0
22,/muneeb-mbytes/Mbits_AXI4_AVIP/tree/phase1_development_branch/src/hvl_top,Mbits_AXI4_AVIP/src/hvl_top at phase1_development_branch · muneeb-mbytes/Mbit...,3,1.0
23,/muneeb-mbytes/Mbits_AXI4_AVIP/tree/phase1_development_branch/src/hvl_top/master,Mbits_AXI4_AVIP/src/hvl_top/master at phase1_development_branch · muneeb-mbyt...,3,1.0
24,/muneeb-mbytes/Mbits_AXI4_AVIP,GitHub - muneeb-mbytes/Mbits_AXI4_AVIP: Mbits axi4 avip,2,2.0
25,/muneeb-mbytes/Mbits_AXI4_AVIP/blob/phase1_development_branch/doc/axi4_avip_architecture_document.pdf,Mbits_AXI4_AVIP/doc/axi4_avip_architecture_document.pdf at phase1_development...,2,1.0
26,/muneeb-mbytes/Mbits_AXI4_AVIP/tree/phase1_development_branch/src,Mbits_AXI4_AVIP/src at phase1_development_branch · muneeb-mbytes/Mbits_AXI4_A...,2,1.0
27,/muneeb-mbytes/Mbits_AXI4_AVIP/tree/phase1_development_branch,GitHub - muneeb-mbytes/Mbits_AXI4_AVIP: Mbits axi4 avip,1,1.0
28,/muneeb-mbytes/Mbits_AXI4_AVIP/tree/phase1_development_branch/doc,Mbits_AXI4_AVIP/doc at phase1_development_branch · muneeb-mbytes/Mbits_AXI4_A...,3,1.0
29,/muneeb-mbytes/Mbits_AXI4_AVIP/tree/phase1_development_branch/src/hvl_top,Mbits_AXI4_AVIP/src/hvl_top at phase1_development_branch · muneeb-mbytes/Mbit...,3,1.0
30,/muneeb-mbytes/Mbits_AXI4_AVIP/tree/phase1_development_branch/src/hvl_top/master,Mbits_AXI4_AVIP/src/hvl_top/master at phase1_development_branch · muneeb-mbyt...,3,1.0
31,/muneeb-mbytes/Mbits_AXI4_AVIP,GitHub - muneeb-mbytes/Mbits_AXI4_AVIP: Mbits axi4 avip,2,2.0
32,/muneeb-mbytes/Mbits_AXI4_AVIP/blob/phase1_development_branch/doc/axi4_avip_architecture_document.pdf,Mbits_AXI4_AVIP/doc/axi4_avip_architecture_document.pdf at phase1_development...,2,1.0
33,/muneeb-mbytes/Mbits_AXI4_AVIP/tree/phase1_development_branch/src,Mbits_AXI4_AVIP/src at phase1_development_branch · muneeb-mbytes/Mbits_AXI4_A...,2,1.0
34,/muneeb-mbytes/Mbits_AXI4_AVIP/tree/phase1_development_branch,GitHub - muneeb-mbytes/Mbits_AXI4_AVIP: Mbits axi4 avip,1,1.0
35,/muneeb-mbytes/Mbits_AXI4_AVIP/tree/phase1_development_branch/doc,Mbits_AXI4_AVIP/doc at phase1_development_branch · muneeb-mbytes/Mbits_AXI4_A...,3,1.0
36,/muneeb-mbytes/Mbits_AXI4_AVIP/tree/phase1_development_branch/src/hvl_top,Mbits_AXI4_AVIP/src/hvl_top at phase1_development_branch · muneeb-mbytes/Mbit...,3,1.0
37,/muneeb-mbytes/Mbits_AXI4_AVIP/tree/phase1_development_branch/src/hvl_top/master,Mbits_AXI4_AVIP/src/hvl_top/master at phase1_development_branch · muneeb-mbyt...,3,1.0
38,/muneeb-mbytes/Mbits_AXI4_AVIP,GitHub - muneeb-mbytes/Mbits_AXI4_AVIP: Mbits axi4 avip,2,2.0
39,/muneeb-mbytes/Mbits_AXI4_AVIP/blob/phase1_development_branch/doc/axi4_avip_architecture_document.pdf,Mbits_AXI4_AVIP/doc/axi4_avip_architecture_document.pdf at phase1_development...,2,1.0
40,/muneeb-mbytes/Mbits_AXI4_AVIP/tree/phase1_development_branch/src,Mbits_AXI4_AVIP/src at phase1_development_branch · muneeb-mbytes/Mbits_AXI4_A...,2,1.0
41,/muneeb-mbytes/Mbits_AXI4_AVIP/tree/phase1_development_branch,GitHub - muneeb-mbytes/Mbits_AXI4_AVIP: Mbits axi4 avip,1,1.0
42,/muneeb-mbytes/Mbits_AXI4_AVIP/tree/phase1_development_branch/doc,Mbits_AXI4_AVIP/doc at phase1_development_branch · muneeb-mbytes/Mbits_AXI4_A...,3,1.0
43,/muneeb-mbytes/Mbits_AXI4_AVIP/tree/phase1_development_branch/src/hvl_top,Mbits_AXI4_AVIP/src/hvl_top at phase1_development_branch · muneeb-mbytes/Mbit...,3,1.0
44,/muneeb-mbytes/Mbits_AXI4_AVIP/tree/phase1_development_branch/src/hvl_top/master,Mbits_AXI4_AVIP/src/hvl_top/master at phase1_development_branch · muneeb-mbyt...,3,1.0
45,/muneeb-mbytes/Mbits_AXI4_AVIP,GitHub - muneeb-mbytes/Mbits_AXI4_AVIP: Mbits axi4 avip,2,2.0
46,/muneeb-mbytes/Mbits_AXI4_AVIP/blob/phase1_development_branch/doc/axi4_avip_architecture_document.pdf,Mbits_AXI4_AVIP/doc/axi4_avip_architecture_document.pdf at phase1_development...,2,1.0
47,/muneeb-mbytes/Mbits_AXI4_AVIP/tree/phase1_development_branch/src,Mbits_AXI4_AVIP/src at phase1_development_branch · muneeb-mbytes/Mbits_AXI4_A...,2,1.0
48,/muneeb-mbytes/Mbits_AXI4_AVIP/tree/phase1_development_branch,GitHub - muneeb-mbytes/Mbits_AXI4_AVIP: Mbits axi4 avip,1,1.0
/muneeb-mbytes/Mbits_AXI4_AVIP/tree/phase1_development_branch/doc,Mbits_AXI4_AVIP/doc at phase1_development_branch · muneeb-mbytes/Mbits_AXI4_A...,3,1,
/muneeb-mbytes/Mbits_AXI4_AVIP/tree/phase1_development_branch/src/hvl_top,Mbits_AXI4_AVIP/src/hvl_top at phase1_development_branch · muneeb-mbytes/Mbit...,3,1,
/muneeb-mbytes/Mbits_AXI4_AVIP/tree/phase1_development_branch/src/hvl_top/master,Mbits_AXI4_AVIP/src/hvl_top/master at phase1_development_branch · muneeb-mbyt...,3,1,
/muneeb-mbytes/Mbits_AXI4_AVIP,GitHub - muneeb-mbytes/Mbits_AXI4_AVIP: Mbits axi4 avip,2,2,
/muneeb-mbytes/Mbits_AXI4_AVIP/blob/phase1_development_branch/doc/axi4_avip_architecture_document.pdf,Mbits_AXI4_AVIP/doc/axi4_avip_architecture_document.pdf at phase1_development...,2,1,
/muneeb-mbytes/Mbits_AXI4_AVIP/tree/phase1_development_branch/src,Mbits_AXI4_AVIP/src at phase1_development_branch · muneeb-mbytes/Mbits_AXI4_A...,2,1,
/muneeb-mbytes/Mbits_AXI4_AVIP/tree/phase1_development_branch,GitHub - muneeb-mbytes/Mbits_AXI4_AVIP: Mbits axi4 avip,1,1,
0,/muneeb-mbytes/Mbits_AXI4_AVIP/tree/phase1_development_branch/doc,Mbits_AXI4_AVIP/doc at phase1_development_branch · muneeb-mbytes/Mbits_AXI4_A...,3,1.0
1,/muneeb-mbytes/Mbits_AXI4_AVIP/tree/phase1_development_branch/src/hvl_top,Mbits_AXI4_AVIP/src/hvl_top at phase1_development_branch · muneeb-mbytes/Mbit...,3,1.0
2,/muneeb-mbytes/Mbits_AXI4_AVIP/tree/phase1_development_branch/src/hvl_top/master,Mbits_AXI4_AVIP/src/hvl_top/master at phase1_development_branch · muneeb-mbyt...,3,1.0
3,/muneeb-mbytes/Mbits_AXI4_AVIP,GitHub - muneeb-mbytes/Mbits_AXI4_AVIP: Mbits axi4 avip,2,2.0
4,/muneeb-mbytes/Mbits_AXI4_AVIP/blob/phase1_development_branch/doc/axi4_avip_architecture_document.pdf,Mbits_AXI4_AVIP/doc/axi4_avip_architecture_document.pdf at phase1_development...,2,1.0
5,/muneeb-mbytes/Mbits_AXI4_AVIP/tree/phase1_development_branch/src,Mbits_AXI4_AVIP/src at phase1_development_branch · muneeb-mbytes/Mbits_AXI4_A...,2,1.0
6,/muneeb-mbytes/Mbits_AXI4_AVIP/tree/phase1_development_branch,GitHub - muneeb-mbytes/Mbits_AXI4_AVIP: Mbits axi4 avip,1,1.0
7,/muneeb-mbytes/Mbits_AXI4_AVIP/tree/phase1_development_branch/doc,Mbits_AXI4_AVIP/doc at phase1_development_branch · muneeb-mbytes/Mbits_AXI4_A...,3,1.0
8,/muneeb-mbytes/Mbits_AXI4_AVIP/tree/phase1_development_branch/src/hvl_top,Mbits_AXI4_AVIP/src/hvl_top at phase1_development_branch · muneeb-mbytes/Mbit...,3,1.0
9,/muneeb-mbytes/Mbits_AXI4_AVIP/tree/phase1_development_branch/src/hvl_top/master,Mbits_AXI4_AVIP/src/hvl_top/master at phase1_development_branch · muneeb-mbyt...,3,1.0
10,/muneeb-mbytes/Mbits_AXI4_AVIP,GitHub - muneeb-mbytes/Mbits_AXI4_AVIP: Mbits axi4 avip,2,2.0
11,/muneeb-mbytes/Mbits_AXI4_AVIP/blob/phase1_development_branch/doc/axi4_avip_architecture_document.pdf,Mbits_AXI4_AVIP/doc/axi4_avip_architecture_document.pdf at phase1_development...,2,1.0
12,/muneeb-mbytes/Mbits_AXI4_AVIP/tree/phase1_development_branch/src,Mbits_AXI4_AVIP/src at phase1_development_branch · muneeb-mbytes/Mbits_AXI4_A...,2,1.0
13,/muneeb-mbytes/Mbits_AXI4_AVIP/tree/phase1_development_branch,GitHub - muneeb-mbytes/Mbits_AXI4_AVIP: Mbits axi4 avip,1,1.0
14,/muneeb-mbytes/Mbits_AXI4_AVIP/tree/phase1_development_branch/doc,Mbits_AXI4_AVIP/doc at phase1_development_branch · muneeb-mbytes/Mbits_AXI4_A...,3,1.0
15,/muneeb-mbytes/Mbits_AXI4_AVIP/tree/phase1_development_branch/src/hvl_top,Mbits_AXI4_AVIP/src/hvl_top at phase1_development_branch · muneeb-mbytes/Mbit...,3,1.0
16,/muneeb-mbytes/Mbits_AXI4_AVIP/tree/phase1_development_branch/src/hvl_top/master,Mbits_AXI4_AVIP/src/hvl_top/master at phase1_development_branch · muneeb-mbyt...,3,1.0
17,/muneeb-mbytes/Mbits_AXI4_AVIP,GitHub - muneeb-mbytes/Mbits_AXI4_AVIP: Mbits axi4 avip,2,2.0
18,/muneeb-mbytes/Mbits_AXI4_AVIP/blob/phase1_development_branch/doc/axi4_avip_architecture_document.pdf,Mbits_AXI4_AVIP/doc/axi4_avip_architecture_document.pdf at phase1_development...,2,1.0
19,/muneeb-mbytes/Mbits_AXI4_AVIP/tree/phase1_development_branch/src,Mbits_AXI4_AVIP/src at phase1_development_branch · muneeb-mbytes/Mbits_AXI4_A...,2,1.0
20,/muneeb-mbytes/Mbits_AXI4_AVIP/tree/phase1_development_branch,GitHub - muneeb-mbytes/Mbits_AXI4_AVIP: Mbits axi4 avip,1,1.0
21,/muneeb-mbytes/Mbits_AXI4_AVIP/tree/phase1_development_branch/doc,Mbits_AXI4_AVIP/doc at phase1_development_branch · muneeb-mbytes/Mbits_AXI4_A...,3,1.0
22,/muneeb-mbytes/Mbits_AXI4_AVIP/tree/phase1_development_branch/src/hvl_top,Mbits_AXI4_AVIP/src/hvl_top at phase1_development_branch · muneeb-mbytes/Mbit...,3,1.0
23,/muneeb-mbytes/Mbits_AXI4_AVIP/tree/phase1_development_branch/src/hvl_top/master,Mbits_AXI4_AVIP/src/hvl_top/master at phase1_development_branch · muneeb-mbyt...,3,1.0
24,/muneeb-mbytes/Mbits_AXI4_AVIP,GitHub - muneeb-mbytes/Mbits_AXI4_AVIP: Mbits axi4 avip,2,2.0
25,/muneeb-mbytes/Mbits_AXI4_AVIP/blob/phase1_development_branch/doc/axi4_avip_architecture_document.pdf,Mbits_AXI4_AVIP/doc/axi4_avip_architecture_document.pdf at phase1_development...,2,1.0
26,/muneeb-mbytes/Mbits_AXI4_AVIP/tree/phase1_development_branch/src,Mbits_AXI4_AVIP/src at phase1_development_branch · muneeb-mbytes/Mbits_AXI4_A...,2,1.0
27,/muneeb-mbytes/Mbits_AXI4_AVIP/tree/phase1_development_branch,GitHub - muneeb-mbytes/Mbits_AXI4_AVIP: Mbits axi4 avip,1,1.0
28,/muneeb-mbytes/Mbits_AXI4_AVIP/tree/phase1_development_branch/doc,Mbits_AXI4_AVIP/doc at phase1_development_branch · muneeb-mbytes/Mbits_AXI4_A...,3,1.0
29,/muneeb-mbytes/Mbits_AXI4_AVIP/tree/phase1_development_branch/src/hvl_top,Mbits_AXI4_AVIP/src/hvl_top at phase1_development_branch · muneeb-mbytes/Mbit...,3,1.0
30,/muneeb-mbytes/Mbits_AXI4_AVIP/tree/phase1_development_branch/src/hvl_top/master,Mbits_AXI4_AVIP/src/hvl_top/master at phase1_development_branch · muneeb-mbyt...,3,1.0
31,/muneeb-mbytes/Mbits_AXI4_AVIP,GitHub - muneeb-mbytes/Mbits_AXI4_AVIP: Mbits axi4 avip,2,2.0
32,/muneeb-mbytes/Mbits_AXI4_AVIP/blob/phase1_development_branch/doc/axi4_avip_architecture_document.pdf,Mbits_AXI4_AVIP/doc/axi4_avip_architecture_document.pdf at phase1_development...,2,1.0
33,/muneeb-mbytes/Mbits_AXI4_AVIP/tree/phase1_development_branch/src,Mbits_AXI4_AVIP/src at phase1_development_branch · muneeb-mbytes/Mbits_AXI4_A...,2,1.0
34,/muneeb-mbytes/Mbits_AXI4_AVIP/tree/phase1_development_branch,GitHub - muneeb-mbytes/Mbits_AXI4_AVIP: Mbits axi4 avip,1,1.0
35,/muneeb-mbytes/Mbits_AXI4_AVIP/tree/phase1_development_branch/doc,Mbits_AXI4_AVIP/doc at phase1_development_branch · muneeb-mbytes/Mbits_AXI4_A...,3,1.0
36,/muneeb-mbytes/Mbits_AXI4_AVIP/tree/phase1_development_branch/src/hvl_top,Mbits_AXI4_AVIP/src/hvl_top at phase1_development_branch · muneeb-mbytes/Mbit...,3,1.0
37,/muneeb-mbytes/Mbits_AXI4_AVIP/tree/phase1_development_branch/src/hvl_top/master,Mbits_AXI4_AVIP/src/hvl_top/master at phase1_development_branch · muneeb-mbyt...,3,1.0
38,/muneeb-mbytes/Mbits_AXI4_AVIP,GitHub - muneeb-mbytes/Mbits_AXI4_AVIP: Mbits axi4 avip,2,2.0
39,/muneeb-mbytes/Mbits_AXI4_AVIP/blob/phase1_development_branch/doc/axi4_avip_architecture_document.pdf,Mbits_AXI4_AVIP/doc/axi4_avip_architecture_document.pdf at phase1_development...,2,1.0
40,/muneeb-mbytes/Mbits_AXI4_AVIP/tree/phase1_development_branch/src,Mbits_AXI4_AVIP/src at phase1_development_branch · muneeb-mbytes/Mbits_AXI4_A...,2,1.0
41,/muneeb-mbytes/Mbits_AXI4_AVIP/tree/phase1_development_branch,GitHub - muneeb-mbytes/Mbits_AXI4_AVIP: Mbits axi4 avip,1,1.0
42,/muneeb-mbytes/Mbits_AXI4_AVIP/tree/phase1_development_branch/doc,Mbits_AXI4_AVIP/doc at phase1_development_branch · muneeb-mbytes/Mbits_AXI4_A...,3,1.0
43,/muneeb-mbytes/Mbits_AXI4_AVIP/tree/phase1_development_branch/src/hvl_top,Mbits_AXI4_AVIP/src/hvl_top at phase1_development_branch · muneeb-mbytes/Mbit...,3,1.0
44,/muneeb-mbytes/Mbits_AXI4_AVIP/tree/phase1_development_branch/src/hvl_top/master,Mbits_AXI4_AVIP/src/hvl_top/master at phase1_development_branch · muneeb-mbyt...,3,1.0
45,/muneeb-mbytes/Mbits_AXI4_AVIP,GitHub - muneeb-mbytes/Mbits_AXI4_AVIP: Mbits axi4 avip,2,2.0
46,/muneeb-mbytes/Mbits_AXI4_AVIP/blob/phase1_development_branch/doc/axi4_avip_architecture_document.pdf,Mbits_AXI4_AVIP/doc/axi4_avip_architecture_document.pdf at phase1_development...,2,1.0
47,/muneeb-mbytes/Mbits_AXI4_AVIP/tree/phase1_development_branch/src,Mbits_AXI4_AVIP/src at phase1_development_branch · muneeb-mbytes/Mbits_AXI4_A...,2,1.0
48,/muneeb-mbytes/Mbits_AXI4_AVIP/tree/phase1_development_branch,GitHub - muneeb-mbytes/Mbits_AXI4_AVIP: Mbits axi4 avip,1,1.0
/muneeb-mbytes/Mbits_AXI4_AVIP/tree/phase1_development_branch/doc,Mbits_AXI4_AVIP/doc at phase1_development_branch · muneeb-mbytes/Mbits_AXI4_A...,3,1,
/muneeb-mbytes/Mbits_AXI4_AVIP/tree/phase1_development_branch/src/hvl_top,Mbits_AXI4_AVIP/src/hvl_top at phase1_development_branch · muneeb-mbytes/Mbit...,3,1,
/muneeb-mbytes/Mbits_AXI4_AVIP/tree/phase1_development_branch/src/hvl_top/master,Mbits_AXI4_AVIP/src/hvl_top/master at phase1_development_branch · muneeb-mbyt...,3,1,
/muneeb-mbytes/Mbits_AXI4_AVIP,GitHub - muneeb-mbytes/Mbits_AXI4_AVIP: Mbits axi4 avip,2,2,
/muneeb-mbytes/Mbits_AXI4_AVIP/blob/phase1_development_branch/doc/axi4_avip_architecture_document.pdf,Mbits_AXI4_AVIP/doc/axi4_avip_architecture_document.pdf at phase1_development...,2,1,
/muneeb-mbytes/Mbits_AXI4_AVIP/tree/phase1_development_branch/src,Mbits_AXI4_AVIP/src at phase1_development_branch · muneeb-mbytes/Mbits_AXI4_A...,2,1,
/muneeb-mbytes/Mbits_AXI4_AVIP/tree/phase1_development_branch,GitHub - muneeb-mbytes/Mbits_AXI4_AVIP: Mbits axi4 avip,1,1,
0,/muneeb-mbytes/Mbits_AXI4_AVIP/tree/phase1_development_branch/doc,Mbits_AXI4_AVIP/doc at phase1_development_branch · muneeb-mbytes/Mbits_AXI4_A...,3,1.0
1,/muneeb-mbytes/Mbits_AXI4_AVIP/tree/phase1_development_branch/src/hvl_top,Mbits_AXI4_AVIP/src/hvl_top at phase1_development_branch · muneeb-mbytes/Mbit...,3,1.0
2,/muneeb-mbytes/Mbits_AXI4_AVIP/tree/phase1_development_branch/src/hvl_top/master,Mbits_AXI4_AVIP/src/hvl_top/master at phase1_development_branch · muneeb-mbyt...,3,1.0
3,/muneeb-mbytes/Mbits_AXI4_AVIP,GitHub - muneeb-mbytes/Mbits_AXI4_AVIP: Mbits axi4 avip,2,2.0
4,/muneeb-mbytes/Mbits_AXI4_AVIP/blob/phase1_development_branch/doc/axi4_avip_architecture_document.pdf,Mbits_AXI4_AVIP/doc/axi4_avip_architecture_document.pdf at phase1_development...,2,1.0
5,/muneeb-mbytes/Mbits_AXI4_AVIP/tree/phase1_development_branch/src,Mbits_AXI4_AVIP/src at phase1_development_branch · muneeb-mbytes/Mbits_AXI4_A...,2,1.0
6,/muneeb-mbytes/Mbits_AXI4_AVIP/tree/phase1_development_branch,GitHub - muneeb-mbytes/Mbits_AXI4_AVIP: Mbits axi4 avip,1,1.0
7,/muneeb-mbytes/Mbits_AXI4_AVIP/tree/phase1_development_branch/doc,Mbits_AXI4_AVIP/doc at phase1_development_branch · muneeb-mbytes/Mbits_AXI4_A...,3,1.0
8,/muneeb-mbytes/Mbits_AXI4_AVIP/tree/phase1_development_branch/src/hvl_top,Mbits_AXI4_AVIP/src/hvl_top at phase1_development_branch · muneeb-mbytes/Mbit...,3,1.0
9,/muneeb-mbytes/Mbits_AXI4_AVIP/tree/phase1_development_branch/src/hvl_top/master,Mbits_AXI4_AVIP/src/hvl_top/master at phase1_development_branch · muneeb-mbyt...,3,1.0
10,/muneeb-mbytes/Mbits_AXI4_AVIP,GitHub - muneeb-mbytes/Mbits_AXI4_AVIP: Mbits axi4 avip,2,2.0
11,/muneeb-mbytes/Mbits_AXI4_AVIP/blob/phase1_development_branch/doc/axi4_avip_architecture_document.pdf,Mbits_AXI4_AVIP/doc/axi4_avip_architecture_document.pdf at phase1_development...,2,1.0
12,/muneeb-mbytes/Mbits_AXI4_AVIP/tree/phase1_development_branch/src,Mbits_AXI4_AVIP/src at phase1_development_branch · muneeb-mbytes/Mbits_AXI4_A...,2,1.0
13,/muneeb-mbytes/Mbits_AXI4_AVIP/tree/phase1_development_branch,GitHub - muneeb-mbytes/Mbits_AXI4_AVIP: Mbits axi4 avip,1,1.0
14,/muneeb-mbytes/Mbits_AXI4_AVIP/tree/phase1_development_branch/doc,Mbits_AXI4_AVIP/doc at phase1_development_branch · muneeb-mbytes/Mbits_AXI4_A...,3,1.0
15,/muneeb-mbytes/Mbits_AXI4_AVIP/tree/phase1_development_branch/src/hvl_top,Mbits_AXI4_AVIP/src/hvl_top at phase1_development_branch · muneeb-mbytes/Mbit...,3,1.0
16,/muneeb-mbytes/Mbits_AXI4_AVIP/tree/phase1_development_branch/src/hvl_top/master,Mbits_AXI4_AVIP/src/hvl_top/master at phase1_development_branch · muneeb-mbyt...,3,1.0
17,/muneeb-mbytes/Mbits_AXI4_AVIP,GitHub - muneeb-mbytes/Mbits_AXI4_AVIP: Mbits axi4 avip,2,2.0
18,/muneeb-mbytes/Mbits_AXI4_AVIP/blob/phase1_development_branch/doc/axi4_avip_architecture_document.pdf,Mbits_AXI4_AVIP/doc/axi4_avip_architecture_document.pdf at phase1_development...,2,1.0
19,/muneeb-mbytes/Mbits_AXI4_AVIP/tree/phase1_development_branch/src,Mbits_AXI4_AVIP/src at phase1_development_branch · muneeb-mbytes/Mbits_AXI4_A...,2,1.0
20,/muneeb-mbytes/Mbits_AXI4_AVIP/tree/phase1_development_branch,GitHub - muneeb-mbytes/Mbits_AXI4_AVIP: Mbits axi4 avip,1,1.0
21,/muneeb-mbytes/Mbits_AXI4_AVIP/tree/phase1_development_branch/doc,Mbits_AXI4_AVIP/doc at phase1_development_branch · muneeb-mbytes/Mbits_AXI4_A...,3,1.0
22,/muneeb-mbytes/Mbits_AXI4_AVIP/tree/phase1_development_branch/src/hvl_top,Mbits_AXI4_AVIP/src/hvl_top at phase1_development_branch · muneeb-mbytes/Mbit...,3,1.0
23,/muneeb-mbytes/Mbits_AXI4_AVIP/tree/phase1_development_branch/src/hvl_top/master,Mbits_AXI4_AVIP/src/hvl_top/master at phase1_development_branch · muneeb-mbyt...,3,1.0
24,/muneeb-mbytes/Mbits_AXI4_AVIP,GitHub - muneeb-mbytes/Mbits_AXI4_AVIP: Mbits axi4 avip,2,2.0
25,/muneeb-mbytes/Mbits_AXI4_AVIP/blob/phase1_development_branch/doc/axi4_avip_architecture_document.pdf,Mbits_AXI4_AVIP/doc/axi4_avip_architecture_document.pdf at phase1_development...,2,1.0
26,/muneeb-mbytes/Mbits_AXI4_AVIP/tree/phase1_development_branch/src,Mbits_AXI4_AVIP/src at phase1_development_branch · muneeb-mbytes/Mbits_AXI4_A...,2,1.0
27,/muneeb-mbytes/Mbits_AXI4_AVIP/tree/phase1_development_branch,GitHub - muneeb-mbytes/Mbits_AXI4_AVIP: Mbits axi4 avip,1,1.0
28,/muneeb-mbytes/Mbits_AXI4_AVIP/tree/phase1_development_branch/doc,Mbits_AXI4_AVIP/doc at phase1_development_branch · muneeb-mbytes/Mbits_AXI4_A...,3,1.0
29,/muneeb-mbytes/Mbits_AXI4_AVIP/tree/phase1_development_branch/src/hvl_top,Mbits_AXI4_AVIP/src/hvl_top at phase1_development_branch · muneeb-mbytes/Mbit...,3,1.0
30,/muneeb-mbytes/Mbits_AXI4_AVIP/tree/phase1_development_branch/src/hvl_top/master,Mbits_AXI4_AVIP/src/hvl_top/master at phase1_development_branch · muneeb-mbyt...,3,1.0
31,/muneeb-mbytes/Mbits_AXI4_AVIP,GitHub - muneeb-mbytes/Mbits_AXI4_AVIP: Mbits axi4 avip,2,2.0
32,/muneeb-mbytes/Mbits_AXI4_AVIP/blob/phase1_development_branch/doc/axi4_avip_architecture_document.pdf,Mbits_AXI4_AVIP/doc/axi4_avip_architecture_document.pdf at phase1_development...,2,1.0
33,/muneeb-mbytes/Mbits_AXI4_AVIP/tree/phase1_development_branch/src,Mbits_AXI4_AVIP/src at phase1_development_branch · muneeb-mbytes/Mbits_AXI4_A...,2,1.0
34,/muneeb-mbytes/Mbits_AXI4_AVIP/tree/phase1_development_branch,GitHub - muneeb-mbytes/Mbits_AXI4_AVIP: Mbits axi4 avip,1,1.0
35,/muneeb-mbytes/Mbits_AXI4_AVIP/tree/phase1_development_branch/doc,Mbits_AXI4_AVIP/doc at phase1_development_branch · muneeb-mbytes/Mbits_AXI4_A...,3,1.0
36,/muneeb-mbytes/Mbits_AXI4_AVIP/tree/phase1_development_branch/src/hvl_top,Mbits_AXI4_AVIP/src/hvl_top at phase1_development_branch · muneeb-mbytes/Mbit...,3,1.0
37,/muneeb-mbytes/Mbits_AXI4_AVIP/tree/phase1_development_branch/src/hvl_top/master,Mbits_AXI4_AVIP/src/hvl_top/master at phase1_development_branch · muneeb-mbyt...,3,1.0
38,/muneeb-mbytes/Mbits_AXI4_AVIP,GitHub - muneeb-mbytes/Mbits_AXI4_AVIP: Mbits axi4 avip,2,2.0
39,/muneeb-mbytes/Mbits_AXI4_AVIP/blob/phase1_development_branch/doc/axi4_avip_architecture_document.pdf,Mbits_AXI4_AVIP/doc/axi4_avip_architecture_document.pdf at phase1_development...,2,1.0
40,/muneeb-mbytes/Mbits_AXI4_AVIP/tree/phase1_development_branch/src,Mbits_AXI4_AVIP/src at phase1_development_branch · muneeb-mbytes/Mbits_AXI4_A...,2,1.0
41,/muneeb-mbytes/Mbits_AXI4_AVIP/tree/phase1_development_branch,GitHub - muneeb-mbytes/Mbits_AXI4_AVIP: Mbits axi4 avip,1,1.0
42,/muneeb-mbytes/Mbits_AXI4_AVIP/tree/phase1_development_branch/doc,Mbits_AXI4_AVIP/doc at phase1_development_branch · muneeb-mbytes/Mbits_AXI4_A...,3,1.0
43,/muneeb-mbytes/Mbits_AXI4_AVIP/tree/phase1_development_branch/src/hvl_top,Mbits_AXI4_AVIP/src/hvl_top at phase1_development_branch · muneeb-mbytes/Mbit...,3,1.0
44,/muneeb-mbytes/Mbits_AXI4_AVIP/tree/phase1_development_branch/src/hvl_top/master,Mbits_AXI4_AVIP/src/hvl_top/master at phase1_development_branch · muneeb-mbyt...,3,1.0
45,/muneeb-mbytes/Mbits_AXI4_AVIP,GitHub - muneeb-mbytes/Mbits_AXI4_AVIP: Mbits axi4 avip,2,2.0
46,/muneeb-mbytes/Mbits_AXI4_AVIP/blob/phase1_development_branch/doc/axi4_avip_architecture_document.pdf,Mbits_AXI4_AVIP/doc/axi4_avip_architecture_document.pdf at phase1_development...,2,1.0
47,/muneeb-mbytes/Mbits_AXI4_AVIP/tree/phase1_development_branch/src,Mbits_AXI4_AVIP/src at phase1_development_branch · muneeb-mbytes/Mbits_AXI4_A...,2,1.0
48,/muneeb-mbytes/Mbits_AXI4_AVIP/tree/phase1_development_branch,GitHub - muneeb-mbytes/Mbits_AXI4_AVIP: Mbits axi4 avip,1,1.0
/muneeb-mbytes/Mbits_AXI4_AVIP/tree/phase1_development_branch/doc,Mbits_AXI4_AVIP/doc at phase1_development_branch · muneeb-mbytes/Mbits_AXI4_A...,3,1,
/muneeb-mbytes/Mbits_AXI4_AVIP/tree/phase1_development_branch/src/hvl_top,Mbits_AXI4_AVIP/src/hvl_top at phase1_development_branch · muneeb-mbytes/Mbit...,3,1,
/muneeb-mbytes/Mbits_AXI4_AVIP/tree/phase1_development_branch/src/hvl_top/master,Mbits_AXI4_AVIP/src/hvl_top/master at phase1_development_branch · muneeb-mbyt...,3,1,
/muneeb-mbytes/Mbits_AXI4_AVIP,GitHub - muneeb-mbytes/Mbits_AXI4_AVIP: Mbits axi4 avip,2,2,
/muneeb-mbytes/Mbits_AXI4_AVIP/blob/phase1_development_branch/doc/axi4_avip_architecture_document.pdf,Mbits_AXI4_AVIP/doc/axi4_avip_architecture_document.pdf at phase1_development...,2,1,
/muneeb-mbytes/Mbits_AXI4_AVIP/tree/phase1_development_branch/src,Mbits_AXI4_AVIP/src at phase1_development_branch · muneeb-mbytes/Mbits_AXI4_A...,2,1,
/muneeb-mbytes/Mbits_AXI4_AVIP/tree/phase1_development_branch,GitHub - muneeb-mbytes/Mbits_AXI4_AVIP: Mbits axi4 avip,1,1,
0,/muneeb-mbytes/Mbits_AXI4_AVIP/tree/phase1_development_branch/doc,Mbits_AXI4_AVIP/doc at phase1_development_branch · muneeb-mbytes/Mbits_AXI4_A...,3,1.0
1,/muneeb-mbytes/Mbits_AXI4_AVIP/tree/phase1_development_branch/src/hvl_top,Mbits_AXI4_AVIP/src/hvl_top at phase1_development_branch · muneeb-mbytes/Mbit...,3,1.0
2,/muneeb-mbytes/Mbits_AXI4_AVIP/tree/phase1_development_branch/src/hvl_top/master,Mbits_AXI4_AVIP/src/hvl_top/master at phase1_development_branch · muneeb-mbyt...,3,1.0
3,/muneeb-mbytes/Mbits_AXI4_AVIP,GitHub - muneeb-mbytes/Mbits_AXI4_AVIP: Mbits axi4 avip,2,2.0
4,/muneeb-mbytes/Mbits_AXI4_AVIP/blob/phase1_development_branch/doc/axi4_avip_architecture_document.pdf,Mbits_AXI4_AVIP/doc/axi4_avip_architecture_document.pdf at phase1_development...,2,1.0
5,/muneeb-mbytes/Mbits_AXI4_AVIP/tree/phase1_development_branch/src,Mbits_AXI4_AVIP/src at phase1_development_branch · muneeb-mbytes/Mbits_AXI4_A...,2,1.0
6,/muneeb-mbytes/Mbits_AXI4_AVIP/tree/phase1_development_branch,GitHub - muneeb-mbytes/Mbits_AXI4_AVIP: Mbits axi4 avip,1,1.0
7,/muneeb-mbytes/Mbits_AXI4_AVIP/tree/phase1_development_branch/doc,Mbits_AXI4_AVIP/doc at phase1_development_branch · muneeb-mbytes/Mbits_AXI4_A...,3,1.0
8,/muneeb-mbytes/Mbits_AXI4_AVIP/tree/phase1_development_branch/src/hvl_top,Mbits_AXI4_AVIP/src/hvl_top at phase1_development_branch · muneeb-mbytes/Mbit...,3,1.0
9,/muneeb-mbytes/Mbits_AXI4_AVIP/tree/phase1_development_branch/src/hvl_top/master,Mbits_AXI4_AVIP/src/hvl_top/master at phase1_development_branch · muneeb-mbyt...,3,1.0
10,/muneeb-mbytes/Mbits_AXI4_AVIP,GitHub - muneeb-mbytes/Mbits_AXI4_AVIP: Mbits axi4 avip,2,2.0
11,/muneeb-mbytes/Mbits_AXI4_AVIP/blob/phase1_development_branch/doc/axi4_avip_architecture_document.pdf,Mbits_AXI4_AVIP/doc/axi4_avip_architecture_document.pdf at phase1_development...,2,1.0
12,/muneeb-mbytes/Mbits_AXI4_AVIP/tree/phase1_development_branch/src,Mbits_AXI4_AVIP/src at phase1_development_branch · muneeb-mbytes/Mbits_AXI4_A...,2,1.0
13,/muneeb-mbytes/Mbits_AXI4_AVIP/tree/phase1_development_branch,GitHub - muneeb-mbytes/Mbits_AXI4_AVIP: Mbits axi4 avip,1,1.0
14,/muneeb-mbytes/Mbits_AXI4_AVIP/tree/phase1_development_branch/doc,Mbits_AXI4_AVIP/doc at phase1_development_branch · muneeb-mbytes/Mbits_AXI4_A...,3,1.0
15,/muneeb-mbytes/Mbits_AXI4_AVIP/tree/phase1_development_branch/src/hvl_top,Mbits_AXI4_AVIP/src/hvl_top at phase1_development_branch · muneeb-mbytes/Mbit...,3,1.0
16,/muneeb-mbytes/Mbits_AXI4_AVIP/tree/phase1_development_branch/src/hvl_top/master,Mbits_AXI4_AVIP/src/hvl_top/master at phase1_development_branch · muneeb-mbyt...,3,1.0
17,/muneeb-mbytes/Mbits_AXI4_AVIP,GitHub - muneeb-mbytes/Mbits_AXI4_AVIP: Mbits axi4 avip,2,2.0
18,/muneeb-mbytes/Mbits_AXI4_AVIP/blob/phase1_development_branch/doc/axi4_avip_architecture_document.pdf,Mbits_AXI4_AVIP/doc/axi4_avip_architecture_document.pdf at phase1_development...,2,1.0
19,/muneeb-mbytes/Mbits_AXI4_AVIP/tree/phase1_development_branch/src,Mbits_AXI4_AVIP/src at phase1_development_branch · muneeb-mbytes/Mbits_AXI4_A...,2,1.0
20,/muneeb-mbytes/Mbits_AXI4_AVIP/tree/phase1_development_branch,GitHub - muneeb-mbytes/Mbits_AXI4_AVIP: Mbits axi4 avip,1,1.0
21,/muneeb-mbytes/Mbits_AXI4_AVIP/tree/phase1_development_branch/doc,Mbits_AXI4_AVIP/doc at phase1_development_branch · muneeb-mbytes/Mbits_AXI4_A...,3,1.0
22,/muneeb-mbytes/Mbits_AXI4_AVIP/tree/phase1_development_branch/src/hvl_top,Mbits_AXI4_AVIP/src/hvl_top at phase1_development_branch · muneeb-mbytes/Mbit...,3,1.0
23,/muneeb-mbytes/Mbits_AXI4_AVIP/tree/phase1_development_branch/src/hvl_top/master,Mbits_AXI4_AVIP/src/hvl_top/master at phase1_development_branch · muneeb-mbyt...,3,1.0
24,/muneeb-mbytes/Mbits_AXI4_AVIP,GitHub - muneeb-mbytes/Mbits_AXI4_AVIP: Mbits axi4 avip,2,2.0
25,/muneeb-mbytes/Mbits_AXI4_AVIP/blob/phase1_development_branch/doc/axi4_avip_architecture_document.pdf,Mbits_AXI4_AVIP/doc/axi4_avip_architecture_document.pdf at phase1_development...,2,1.0
26,/muneeb-mbytes/Mbits_AXI4_AVIP/tree/phase1_development_branch/src,Mbits_AXI4_AVIP/src at phase1_development_branch · muneeb-mbytes/Mbits_AXI4_A...,2,1.0
27,/muneeb-mbytes/Mbits_AXI4_AVIP/tree/phase1_development_branch,GitHub - muneeb-mbytes/Mbits_AXI4_AVIP: Mbits axi4 avip,1,1.0
28,/muneeb-mbytes/Mbits_AXI4_AVIP/tree/phase1_development_branch/doc,Mbits_AXI4_AVIP/doc at phase1_development_branch · muneeb-mbytes/Mbits_AXI4_A...,3,1.0
29,/muneeb-mbytes/Mbits_AXI4_AVIP/tree/phase1_development_branch/src/hvl_top,Mbits_AXI4_AVIP/src/hvl_top at phase1_development_branch · muneeb-mbytes/Mbit...,3,1.0
30,/muneeb-mbytes/Mbits_AXI4_AVIP/tree/phase1_development_branch/src/hvl_top/master,Mbits_AXI4_AVIP/src/hvl_top/master at phase1_development_branch · muneeb-mbyt...,3,1.0
31,/muneeb-mbytes/Mbits_AXI4_AVIP,GitHub - muneeb-mbytes/Mbits_AXI4_AVIP: Mbits axi4 avip,2,2.0
32,/muneeb-mbytes/Mbits_AXI4_AVIP/blob/phase1_development_branch/doc/axi4_avip_architecture_document.pdf,Mbits_AXI4_AVIP/doc/axi4_avip_architecture_document.pdf at phase1_development...,2,1.0
33,/muneeb-mbytes/Mbits_AXI4_AVIP/tree/phase1_development_branch/src,Mbits_AXI4_AVIP/src at phase1_development_branch · muneeb-mbytes/Mbits_AXI4_A...,2,1.0
34,/muneeb-mbytes/Mbits_AXI4_AVIP/tree/phase1_development_branch,GitHub - muneeb-mbytes/Mbits_AXI4_AVIP: Mbits axi4 avip,1,1.0
35,/muneeb-mbytes/Mbits_AXI4_AVIP/tree/phase1_development_branch/doc,Mbits_AXI4_AVIP/doc at phase1_development_branch · muneeb-mbytes/Mbits_AXI4_A...,3,1.0
36,/muneeb-mbytes/Mbits_AXI4_AVIP/tree/phase1_development_branch/src/hvl_top,Mbits_AXI4_AVIP/src/hvl_top at phase1_development_branch · muneeb-mbytes/Mbit...,3,1.0
37,/muneeb-mbytes/Mbits_AXI4_AVIP/tree/phase1_development_branch/src/hvl_top/master,Mbits_AXI4_AVIP/src/hvl_top/master at phase1_development_branch · muneeb-mbyt...,3,1.0
38,/muneeb-mbytes/Mbits_AXI4_AVIP,GitHub - muneeb-mbytes/Mbits_AXI4_AVIP: Mbits axi4 avip,2,2.0
39,/muneeb-mbytes/Mbits_AXI4_AVIP/blob/phase1_development_branch/doc/axi4_avip_architecture_document.pdf,Mbits_AXI4_AVIP/doc/axi4_avip_architecture_document.pdf at phase1_development...,2,1.0
40,/muneeb-mbytes/Mbits_AXI4_AVIP/tree/phase1_development_branch/src,Mbits_AXI4_AVIP/src at phase1_development_branch · muneeb-mbytes/Mbits_AXI4_A...,2,1.0
41,/muneeb-mbytes/Mbits_AXI4_AVIP/tree/phase1_development_branch,GitHub - muneeb-mbytes/Mbits_AXI4_AVIP: Mbits axi4 avip,1,1.0
42,/muneeb-mbytes/Mbits_AXI4_AVIP/tree/phase1_development_branch/doc,Mbits_AXI4_AVIP/doc at phase1_development_branch · muneeb-mbytes/Mbits_AXI4_A...,3,1.0
43,/muneeb-mbytes/Mbits_AXI4_AVIP/tree/phase1_development_branch/src/hvl_top,Mbits_AXI4_AVIP/src/hvl_top at phase1_development_branch · muneeb-mbytes/Mbit...,3,1.0
44,/muneeb-mbytes/Mbits_AXI4_AVIP/tree/phase1_development_branch/src/hvl_top/master,Mbits_AXI4_AVIP/src/hvl_top/master at phase1_development_branch · muneeb-mbyt...,3,1.0
45,/muneeb-mbytes/Mbits_AXI4_AVIP,GitHub - muneeb-mbytes/Mbits_AXI4_AVIP: Mbits axi4 avip,2,2.0
46,/muneeb-mbytes/Mbits_AXI4_AVIP/blob/phase1_development_branch/doc/axi4_avip_architecture_document.pdf,Mbits_AXI4_AVIP/doc/axi4_avip_architecture_document.pdf at phase1_development...,2,1.0
47,/muneeb-mbytes/Mbits_AXI4_AVIP/tree/phase1_development_branch/src,Mbits_AXI4_AVIP/src at phase1_development_branch · muneeb-mbytes/Mbits_AXI4_A...,2,1.0
48,/muneeb-mbytes/Mbits_AXI4_AVIP/tree/phase1_development_branch,GitHub - muneeb-mbytes/Mbits_AXI4_AVIP: Mbits axi4 avip,1,1.0
