/muneeb-mbytes/Mbits_AXI4_AVIP-1,muneeb-mbytes/Mbits_AXI4_AVIP-1: Mbits axi4 avip,4,3,
/muneeb-mbytes/Mbits_AXI4_AVIP-1/tree/phase1_development_branch/src,Mbits_AXI4_AVIP-1/src at phase1_development_branch · muneeb-mbytes/Mbits_AXI4...,4,2,
/muneeb-mbytes/Mbits_AXI4_AVIP-1/blob/phase1_development_branch/doc/axi4_avip_architecture_document.pdf,Mbits_AXI4_AVIP-1/doc/axi4_avip_architecture_document.pdf at phase1_developme...,4,1,
/muneeb-mbytes/Mbits_AXI4_AVIP-1/tree/phase1_development_branch/doc,Mbits_AXI4_AVIP-1/doc at phase1_development_branch · muneeb-mbytes/Mbits_AXI4...,2,1,
0,/muneeb-mbytes/Mbits_AXI4_AVIP-1,muneeb-mbytes/Mbits_AXI4_AVIP-1: Mbits axi4 avip,4,3.0
1,/muneeb-mbytes/Mbits_AXI4_AVIP-1/tree/phase1_development_branch/src,Mbits_AXI4_AVIP-1/src at phase1_development_branch · muneeb-mbytes/Mbits_AXI4...,4,2.0
2,/muneeb-mbytes/Mbits_AXI4_AVIP-1/blob/phase1_development_branch/doc/axi4_avip_architecture_document.pdf,Mbits_AXI4_AVIP-1/doc/axi4_avip_architecture_document.pdf at phase1_developme...,4,1.0
3,/muneeb-mbytes/Mbits_AXI4_AVIP-1/tree/phase1_development_branch/doc,Mbits_AXI4_AVIP-1/doc at phase1_development_branch · muneeb-mbytes/Mbits_AXI4...,2,1.0
4,/muneeb-mbytes/Mbits_AXI4_AVIP-1,muneeb-mbytes/Mbits_AXI4_AVIP-1: Mbits axi4 avip,4,3.0
5,/muneeb-mbytes/Mbits_AXI4_AVIP-1/tree/phase1_development_branch/src,Mbits_AXI4_AVIP-1/src at phase1_development_branch · muneeb-mbytes/Mbits_AXI4...,4,2.0
6,/muneeb-mbytes/Mbits_AXI4_AVIP-1/blob/phase1_development_branch/doc/axi4_avip_architecture_document.pdf,Mbits_AXI4_AVIP-1/doc/axi4_avip_architecture_document.pdf at phase1_developme...,4,1.0
7,/muneeb-mbytes/Mbits_AXI4_AVIP-1/tree/phase1_development_branch/doc,Mbits_AXI4_AVIP-1/doc at phase1_development_branch · muneeb-mbytes/Mbits_AXI4...,2,1.0
8,/muneeb-mbytes/Mbits_AXI4_AVIP-1,muneeb-mbytes/Mbits_AXI4_AVIP-1: Mbits axi4 avip,4,3.0
9,/muneeb-mbytes/Mbits_AXI4_AVIP-1/tree/phase1_development_branch/src,Mbits_AXI4_AVIP-1/src at phase1_development_branch · muneeb-mbytes/Mbits_AXI4...,4,2.0
10,/muneeb-mbytes/Mbits_AXI4_AVIP-1/blob/phase1_development_branch/doc/axi4_avip_architecture_document.pdf,Mbits_AXI4_AVIP-1/doc/axi4_avip_architecture_document.pdf at phase1_developme...,4,1.0
11,/muneeb-mbytes/Mbits_AXI4_AVIP-1/tree/phase1_development_branch/doc,Mbits_AXI4_AVIP-1/doc at phase1_development_branch · muneeb-mbytes/Mbits_AXI4...,2,1.0
12,/muneeb-mbytes/Mbits_AXI4_AVIP-1,muneeb-mbytes/Mbits_AXI4_AVIP-1: Mbits axi4 avip,4,3.0
13,/muneeb-mbytes/Mbits_AXI4_AVIP-1/tree/phase1_development_branch/src,Mbits_AXI4_AVIP-1/src at phase1_development_branch · muneeb-mbytes/Mbits_AXI4...,4,2.0
14,/muneeb-mbytes/Mbits_AXI4_AVIP-1/blob/phase1_development_branch/doc/axi4_avip_architecture_document.pdf,Mbits_AXI4_AVIP-1/doc/axi4_avip_architecture_document.pdf at phase1_developme...,4,1.0
15,/muneeb-mbytes/Mbits_AXI4_AVIP-1/tree/phase1_development_branch/doc,Mbits_AXI4_AVIP-1/doc at phase1_development_branch · muneeb-mbytes/Mbits_AXI4...,2,1.0
/muneeb-mbytes/Mbits_AXI4_AVIP-1,muneeb-mbytes/Mbits_AXI4_AVIP-1: Mbits axi4 avip,4,3,
/muneeb-mbytes/Mbits_AXI4_AVIP-1/tree/phase1_development_branch/src,Mbits_AXI4_AVIP-1/src at phase1_development_branch · muneeb-mbytes/Mbits_AXI4...,4,2,
/muneeb-mbytes/Mbits_AXI4_AVIP-1/blob/phase1_development_branch/doc/axi4_avip_architecture_document.pdf,Mbits_AXI4_AVIP-1/doc/axi4_avip_architecture_document.pdf at phase1_developme...,4,1,
/muneeb-mbytes/Mbits_AXI4_AVIP-1/tree/phase1_development_branch/doc,Mbits_AXI4_AVIP-1/doc at phase1_development_branch · muneeb-mbytes/Mbits_AXI4...,2,1,
0,/muneeb-mbytes/Mbits_AXI4_AVIP-1,muneeb-mbytes/Mbits_AXI4_AVIP-1: Mbits axi4 avip,4,3.0
1,/muneeb-mbytes/Mbits_AXI4_AVIP-1/tree/phase1_development_branch/src,Mbits_AXI4_AVIP-1/src at phase1_development_branch · muneeb-mbytes/Mbits_AXI4...,4,2.0
2,/muneeb-mbytes/Mbits_AXI4_AVIP-1/blob/phase1_development_branch/doc/axi4_avip_architecture_document.pdf,Mbits_AXI4_AVIP-1/doc/axi4_avip_architecture_document.pdf at phase1_developme...,4,1.0
3,/muneeb-mbytes/Mbits_AXI4_AVIP-1/tree/phase1_development_branch/doc,Mbits_AXI4_AVIP-1/doc at phase1_development_branch · muneeb-mbytes/Mbits_AXI4...,2,1.0
4,/muneeb-mbytes/Mbits_AXI4_AVIP-1,muneeb-mbytes/Mbits_AXI4_AVIP-1: Mbits axi4 avip,4,3.0
5,/muneeb-mbytes/Mbits_AXI4_AVIP-1/tree/phase1_development_branch/src,Mbits_AXI4_AVIP-1/src at phase1_development_branch · muneeb-mbytes/Mbits_AXI4...,4,2.0
6,/muneeb-mbytes/Mbits_AXI4_AVIP-1/blob/phase1_development_branch/doc/axi4_avip_architecture_document.pdf,Mbits_AXI4_AVIP-1/doc/axi4_avip_architecture_document.pdf at phase1_developme...,4,1.0
7,/muneeb-mbytes/Mbits_AXI4_AVIP-1/tree/phase1_development_branch/doc,Mbits_AXI4_AVIP-1/doc at phase1_development_branch · muneeb-mbytes/Mbits_AXI4...,2,1.0
8,/muneeb-mbytes/Mbits_AXI4_AVIP-1,muneeb-mbytes/Mbits_AXI4_AVIP-1: Mbits axi4 avip,4,3.0
9,/muneeb-mbytes/Mbits_AXI4_AVIP-1/tree/phase1_development_branch/src,Mbits_AXI4_AVIP-1/src at phase1_development_branch · muneeb-mbytes/Mbits_AXI4...,4,2.0
10,/muneeb-mbytes/Mbits_AXI4_AVIP-1/blob/phase1_development_branch/doc/axi4_avip_architecture_document.pdf,Mbits_AXI4_AVIP-1/doc/axi4_avip_architecture_document.pdf at phase1_developme...,4,1.0
11,/muneeb-mbytes/Mbits_AXI4_AVIP-1/tree/phase1_development_branch/doc,Mbits_AXI4_AVIP-1/doc at phase1_development_branch · muneeb-mbytes/Mbits_AXI4...,2,1.0
12,/muneeb-mbytes/Mbits_AXI4_AVIP-1,muneeb-mbytes/Mbits_AXI4_AVIP-1: Mbits axi4 avip,4,3.0
13,/muneeb-mbytes/Mbits_AXI4_AVIP-1/tree/phase1_development_branch/src,Mbits_AXI4_AVIP-1/src at phase1_development_branch · muneeb-mbytes/Mbits_AXI4...,4,2.0
14,/muneeb-mbytes/Mbits_AXI4_AVIP-1/blob/phase1_development_branch/doc/axi4_avip_architecture_document.pdf,Mbits_AXI4_AVIP-1/doc/axi4_avip_architecture_document.pdf at phase1_developme...,4,1.0
15,/muneeb-mbytes/Mbits_AXI4_AVIP-1/tree/phase1_development_branch/doc,Mbits_AXI4_AVIP-1/doc at phase1_development_branch · muneeb-mbytes/Mbits_AXI4...,2,1.0
/muneeb-mbytes/Mbits_AXI4_AVIP-1,muneeb-mbytes/Mbits_AXI4_AVIP-1: Mbits axi4 avip,4,3,
/muneeb-mbytes/Mbits_AXI4_AVIP-1/tree/phase1_development_branch/src,Mbits_AXI4_AVIP-1/src at phase1_development_branch · muneeb-mbytes/Mbits_AXI4...,4,2,
/muneeb-mbytes/Mbits_AXI4_AVIP-1/blob/phase1_development_branch/doc/axi4_avip_architecture_document.pdf,Mbits_AXI4_AVIP-1/doc/axi4_avip_architecture_document.pdf at phase1_developme...,4,1,
/muneeb-mbytes/Mbits_AXI4_AVIP-1/tree/phase1_development_branch/doc,Mbits_AXI4_AVIP-1/doc at phase1_development_branch · muneeb-mbytes/Mbits_AXI4...,2,1,
0,/muneeb-mbytes/Mbits_AXI4_AVIP-1,muneeb-mbytes/Mbits_AXI4_AVIP-1: Mbits axi4 avip,4,3.0
1,/muneeb-mbytes/Mbits_AXI4_AVIP-1/tree/phase1_development_branch/src,Mbits_AXI4_AVIP-1/src at phase1_development_branch · muneeb-mbytes/Mbits_AXI4...,4,2.0
2,/muneeb-mbytes/Mbits_AXI4_AVIP-1/blob/phase1_development_branch/doc/axi4_avip_architecture_document.pdf,Mbits_AXI4_AVIP-1/doc/axi4_avip_architecture_document.pdf at phase1_developme...,4,1.0
3,/muneeb-mbytes/Mbits_AXI4_AVIP-1/tree/phase1_development_branch/doc,Mbits_AXI4_AVIP-1/doc at phase1_development_branch · muneeb-mbytes/Mbits_AXI4...,2,1.0
4,/muneeb-mbytes/Mbits_AXI4_AVIP-1,muneeb-mbytes/Mbits_AXI4_AVIP-1: Mbits axi4 avip,4,3.0
5,/muneeb-mbytes/Mbits_AXI4_AVIP-1/tree/phase1_development_branch/src,Mbits_AXI4_AVIP-1/src at phase1_development_branch · muneeb-mbytes/Mbits_AXI4...,4,2.0
6,/muneeb-mbytes/Mbits_AXI4_AVIP-1/blob/phase1_development_branch/doc/axi4_avip_architecture_document.pdf,Mbits_AXI4_AVIP-1/doc/axi4_avip_architecture_document.pdf at phase1_developme...,4,1.0
7,/muneeb-mbytes/Mbits_AXI4_AVIP-1/tree/phase1_development_branch/doc,Mbits_AXI4_AVIP-1/doc at phase1_development_branch · muneeb-mbytes/Mbits_AXI4...,2,1.0
8,/muneeb-mbytes/Mbits_AXI4_AVIP-1,muneeb-mbytes/Mbits_AXI4_AVIP-1: Mbits axi4 avip,4,3.0
9,/muneeb-mbytes/Mbits_AXI4_AVIP-1/tree/phase1_development_branch/src,Mbits_AXI4_AVIP-1/src at phase1_development_branch · muneeb-mbytes/Mbits_AXI4...,4,2.0
10,/muneeb-mbytes/Mbits_AXI4_AVIP-1/blob/phase1_development_branch/doc/axi4_avip_architecture_document.pdf,Mbits_AXI4_AVIP-1/doc/axi4_avip_architecture_document.pdf at phase1_developme...,4,1.0
11,/muneeb-mbytes/Mbits_AXI4_AVIP-1/tree/phase1_development_branch/doc,Mbits_AXI4_AVIP-1/doc at phase1_development_branch · muneeb-mbytes/Mbits_AXI4...,2,1.0
12,/muneeb-mbytes/Mbits_AXI4_AVIP-1,muneeb-mbytes/Mbits_AXI4_AVIP-1: Mbits axi4 avip,4,3.0
13,/muneeb-mbytes/Mbits_AXI4_AVIP-1/tree/phase1_development_branch/src,Mbits_AXI4_AVIP-1/src at phase1_development_branch · muneeb-mbytes/Mbits_AXI4...,4,2.0
14,/muneeb-mbytes/Mbits_AXI4_AVIP-1/blob/phase1_development_branch/doc/axi4_avip_architecture_document.pdf,Mbits_AXI4_AVIP-1/doc/axi4_avip_architecture_document.pdf at phase1_developme...,4,1.0
15,/muneeb-mbytes/Mbits_AXI4_AVIP-1/tree/phase1_development_branch/doc,Mbits_AXI4_AVIP-1/doc at phase1_development_branch · muneeb-mbytes/Mbits_AXI4...,2,1.0
/muneeb-mbytes/Mbits_AXI4_AVIP-1,muneeb-mbytes/Mbits_AXI4_AVIP-1: Mbits axi4 avip,4,3,
/muneeb-mbytes/Mbits_AXI4_AVIP-1/tree/phase1_development_branch/src,Mbits_AXI4_AVIP-1/src at phase1_development_branch · muneeb-mbytes/Mbits_AXI4...,4,2,
/muneeb-mbytes/Mbits_AXI4_AVIP-1/blob/phase1_development_branch/doc/axi4_avip_architecture_document.pdf,Mbits_AXI4_AVIP-1/doc/axi4_avip_architecture_document.pdf at phase1_developme...,4,1,
/muneeb-mbytes/Mbits_AXI4_AVIP-1/tree/phase1_development_branch/doc,Mbits_AXI4_AVIP-1/doc at phase1_development_branch · muneeb-mbytes/Mbits_AXI4...,2,1,
0,/muneeb-mbytes/Mbits_AXI4_AVIP-1,muneeb-mbytes/Mbits_AXI4_AVIP-1: Mbits axi4 avip,4,3.0
1,/muneeb-mbytes/Mbits_AXI4_AVIP-1/tree/phase1_development_branch/src,Mbits_AXI4_AVIP-1/src at phase1_development_branch · muneeb-mbytes/Mbits_AXI4...,4,2.0
2,/muneeb-mbytes/Mbits_AXI4_AVIP-1/blob/phase1_development_branch/doc/axi4_avip_architecture_document.pdf,Mbits_AXI4_AVIP-1/doc/axi4_avip_architecture_document.pdf at phase1_developme...,4,1.0
3,/muneeb-mbytes/Mbits_AXI4_AVIP-1/tree/phase1_development_branch/doc,Mbits_AXI4_AVIP-1/doc at phase1_development_branch · muneeb-mbytes/Mbits_AXI4...,2,1.0
4,/muneeb-mbytes/Mbits_AXI4_AVIP-1,muneeb-mbytes/Mbits_AXI4_AVIP-1: Mbits axi4 avip,4,3.0
5,/muneeb-mbytes/Mbits_AXI4_AVIP-1/tree/phase1_development_branch/src,Mbits_AXI4_AVIP-1/src at phase1_development_branch · muneeb-mbytes/Mbits_AXI4...,4,2.0
6,/muneeb-mbytes/Mbits_AXI4_AVIP-1/blob/phase1_development_branch/doc/axi4_avip_architecture_document.pdf,Mbits_AXI4_AVIP-1/doc/axi4_avip_architecture_document.pdf at phase1_developme...,4,1.0
7,/muneeb-mbytes/Mbits_AXI4_AVIP-1/tree/phase1_development_branch/doc,Mbits_AXI4_AVIP-1/doc at phase1_development_branch · muneeb-mbytes/Mbits_AXI4...,2,1.0
8,/muneeb-mbytes/Mbits_AXI4_AVIP-1,muneeb-mbytes/Mbits_AXI4_AVIP-1: Mbits axi4 avip,4,3.0
9,/muneeb-mbytes/Mbits_AXI4_AVIP-1/tree/phase1_development_branch/src,Mbits_AXI4_AVIP-1/src at phase1_development_branch · muneeb-mbytes/Mbits_AXI4...,4,2.0
10,/muneeb-mbytes/Mbits_AXI4_AVIP-1/blob/phase1_development_branch/doc/axi4_avip_architecture_document.pdf,Mbits_AXI4_AVIP-1/doc/axi4_avip_architecture_document.pdf at phase1_developme...,4,1.0
11,/muneeb-mbytes/Mbits_AXI4_AVIP-1/tree/phase1_development_branch/doc,Mbits_AXI4_AVIP-1/doc at phase1_development_branch · muneeb-mbytes/Mbits_AXI4...,2,1.0
12,/muneeb-mbytes/Mbits_AXI4_AVIP-1,muneeb-mbytes/Mbits_AXI4_AVIP-1: Mbits axi4 avip,4,3.0
13,/muneeb-mbytes/Mbits_AXI4_AVIP-1/tree/phase1_development_branch/src,Mbits_AXI4_AVIP-1/src at phase1_development_branch · muneeb-mbytes/Mbits_AXI4...,4,2.0
14,/muneeb-mbytes/Mbits_AXI4_AVIP-1/blob/phase1_development_branch/doc/axi4_avip_architecture_document.pdf,Mbits_AXI4_AVIP-1/doc/axi4_avip_architecture_document.pdf at phase1_developme...,4,1.0
15,/muneeb-mbytes/Mbits_AXI4_AVIP-1/tree/phase1_development_branch/doc,Mbits_AXI4_AVIP-1/doc at phase1_development_branch · muneeb-mbytes/Mbits_AXI4...,2,1.0
/muneeb-mbytes/Mbits_AXI4_AVIP-1,muneeb-mbytes/Mbits_AXI4_AVIP-1: Mbits axi4 avip,4,3,
/muneeb-mbytes/Mbits_AXI4_AVIP-1/tree/phase1_development_branch/src,Mbits_AXI4_AVIP-1/src at phase1_development_branch · muneeb-mbytes/Mbits_AXI4...,4,2,
/muneeb-mbytes/Mbits_AXI4_AVIP-1/blob/phase1_development_branch/doc/axi4_avip_architecture_document.pdf,Mbits_AXI4_AVIP-1/doc/axi4_avip_architecture_document.pdf at phase1_developme...,4,1,
/muneeb-mbytes/Mbits_AXI4_AVIP-1/tree/phase1_development_branch/doc,Mbits_AXI4_AVIP-1/doc at phase1_development_branch · muneeb-mbytes/Mbits_AXI4...,2,1,
0,/muneeb-mbytes/Mbits_AXI4_AVIP-1,muneeb-mbytes/Mbits_AXI4_AVIP-1: Mbits axi4 avip,4,3.0
1,/muneeb-mbytes/Mbits_AXI4_AVIP-1/tree/phase1_development_branch/src,Mbits_AXI4_AVIP-1/src at phase1_development_branch · muneeb-mbytes/Mbits_AXI4...,4,2.0
2,/muneeb-mbytes/Mbits_AXI4_AVIP-1/blob/phase1_development_branch/doc/axi4_avip_architecture_document.pdf,Mbits_AXI4_AVIP-1/doc/axi4_avip_architecture_document.pdf at phase1_developme...,4,1.0
3,/muneeb-mbytes/Mbits_AXI4_AVIP-1/tree/phase1_development_branch/doc,Mbits_AXI4_AVIP-1/doc at phase1_development_branch · muneeb-mbytes/Mbits_AXI4...,2,1.0
4,/muneeb-mbytes/Mbits_AXI4_AVIP-1,muneeb-mbytes/Mbits_AXI4_AVIP-1: Mbits axi4 avip,4,3.0
5,/muneeb-mbytes/Mbits_AXI4_AVIP-1/tree/phase1_development_branch/src,Mbits_AXI4_AVIP-1/src at phase1_development_branch · muneeb-mbytes/Mbits_AXI4...,4,2.0
6,/muneeb-mbytes/Mbits_AXI4_AVIP-1/blob/phase1_development_branch/doc/axi4_avip_architecture_document.pdf,Mbits_AXI4_AVIP-1/doc/axi4_avip_architecture_document.pdf at phase1_developme...,4,1.0
7,/muneeb-mbytes/Mbits_AXI4_AVIP-1/tree/phase1_development_branch/doc,Mbits_AXI4_AVIP-1/doc at phase1_development_branch · muneeb-mbytes/Mbits_AXI4...,2,1.0
8,/muneeb-mbytes/Mbits_AXI4_AVIP-1,muneeb-mbytes/Mbits_AXI4_AVIP-1: Mbits axi4 avip,4,3.0
9,/muneeb-mbytes/Mbits_AXI4_AVIP-1/tree/phase1_development_branch/src,Mbits_AXI4_AVIP-1/src at phase1_development_branch · muneeb-mbytes/Mbits_AXI4...,4,2.0
10,/muneeb-mbytes/Mbits_AXI4_AVIP-1/blob/phase1_development_branch/doc/axi4_avip_architecture_document.pdf,Mbits_AXI4_AVIP-1/doc/axi4_avip_architecture_document.pdf at phase1_developme...,4,1.0
11,/muneeb-mbytes/Mbits_AXI4_AVIP-1/tree/phase1_development_branch/doc,Mbits_AXI4_AVIP-1/doc at phase1_development_branch · muneeb-mbytes/Mbits_AXI4...,2,1.0
12,/muneeb-mbytes/Mbits_AXI4_AVIP-1,muneeb-mbytes/Mbits_AXI4_AVIP-1: Mbits axi4 avip,4,3.0
13,/muneeb-mbytes/Mbits_AXI4_AVIP-1/tree/phase1_development_branch/src,Mbits_AXI4_AVIP-1/src at phase1_development_branch · muneeb-mbytes/Mbits_AXI4...,4,2.0
14,/muneeb-mbytes/Mbits_AXI4_AVIP-1/blob/phase1_development_branch/doc/axi4_avip_architecture_document.pdf,Mbits_AXI4_AVIP-1/doc/axi4_avip_architecture_document.pdf at phase1_developme...,4,1.0
15,/muneeb-mbytes/Mbits_AXI4_AVIP-1/tree/phase1_development_branch/doc,Mbits_AXI4_AVIP-1/doc at phase1_development_branch · muneeb-mbytes/Mbits_AXI4...,2,1.0
/muneeb-mbytes/Mbits_AXI4_AVIP-1,muneeb-mbytes/Mbits_AXI4_AVIP-1: Mbits axi4 avip,4,3,
/muneeb-mbytes/Mbits_AXI4_AVIP-1/tree/phase1_development_branch/src,Mbits_AXI4_AVIP-1/src at phase1_development_branch · muneeb-mbytes/Mbits_AXI4...,4,2,
/muneeb-mbytes/Mbits_AXI4_AVIP-1/blob/phase1_development_branch/doc/axi4_avip_architecture_document.pdf,Mbits_AXI4_AVIP-1/doc/axi4_avip_architecture_document.pdf at phase1_developme...,4,1,
/muneeb-mbytes/Mbits_AXI4_AVIP-1/tree/phase1_development_branch/doc,Mbits_AXI4_AVIP-1/doc at phase1_development_branch · muneeb-mbytes/Mbits_AXI4...,2,1,
0,/muneeb-mbytes/Mbits_AXI4_AVIP-1,muneeb-mbytes/Mbits_AXI4_AVIP-1: Mbits axi4 avip,4,3.0
1,/muneeb-mbytes/Mbits_AXI4_AVIP-1/tree/phase1_development_branch/src,Mbits_AXI4_AVIP-1/src at phase1_development_branch · muneeb-mbytes/Mbits_AXI4...,4,2.0
2,/muneeb-mbytes/Mbits_AXI4_AVIP-1/blob/phase1_development_branch/doc/axi4_avip_architecture_document.pdf,Mbits_AXI4_AVIP-1/doc/axi4_avip_architecture_document.pdf at phase1_developme...,4,1.0
3,/muneeb-mbytes/Mbits_AXI4_AVIP-1/tree/phase1_development_branch/doc,Mbits_AXI4_AVIP-1/doc at phase1_development_branch · muneeb-mbytes/Mbits_AXI4...,2,1.0
4,/muneeb-mbytes/Mbits_AXI4_AVIP-1,muneeb-mbytes/Mbits_AXI4_AVIP-1: Mbits axi4 avip,4,3.0
5,/muneeb-mbytes/Mbits_AXI4_AVIP-1/tree/phase1_development_branch/src,Mbits_AXI4_AVIP-1/src at phase1_development_branch · muneeb-mbytes/Mbits_AXI4...,4,2.0
6,/muneeb-mbytes/Mbits_AXI4_AVIP-1/blob/phase1_development_branch/doc/axi4_avip_architecture_document.pdf,Mbits_AXI4_AVIP-1/doc/axi4_avip_architecture_document.pdf at phase1_developme...,4,1.0
7,/muneeb-mbytes/Mbits_AXI4_AVIP-1/tree/phase1_development_branch/doc,Mbits_AXI4_AVIP-1/doc at phase1_development_branch · muneeb-mbytes/Mbits_AXI4...,2,1.0
8,/muneeb-mbytes/Mbits_AXI4_AVIP-1,muneeb-mbytes/Mbits_AXI4_AVIP-1: Mbits axi4 avip,4,3.0
9,/muneeb-mbytes/Mbits_AXI4_AVIP-1/tree/phase1_development_branch/src,Mbits_AXI4_AVIP-1/src at phase1_development_branch · muneeb-mbytes/Mbits_AXI4...,4,2.0
10,/muneeb-mbytes/Mbits_AXI4_AVIP-1/blob/phase1_development_branch/doc/axi4_avip_architecture_document.pdf,Mbits_AXI4_AVIP-1/doc/axi4_avip_architecture_document.pdf at phase1_developme...,4,1.0
11,/muneeb-mbytes/Mbits_AXI4_AVIP-1/tree/phase1_development_branch/doc,Mbits_AXI4_AVIP-1/doc at phase1_development_branch · muneeb-mbytes/Mbits_AXI4...,2,1.0
12,/muneeb-mbytes/Mbits_AXI4_AVIP-1,muneeb-mbytes/Mbits_AXI4_AVIP-1: Mbits axi4 avip,4,3.0
13,/muneeb-mbytes/Mbits_AXI4_AVIP-1/tree/phase1_development_branch/src,Mbits_AXI4_AVIP-1/src at phase1_development_branch · muneeb-mbytes/Mbits_AXI4...,4,2.0
14,/muneeb-mbytes/Mbits_AXI4_AVIP-1/blob/phase1_development_branch/doc/axi4_avip_architecture_document.pdf,Mbits_AXI4_AVIP-1/doc/axi4_avip_architecture_document.pdf at phase1_developme...,4,1.0
15,/muneeb-mbytes/Mbits_AXI4_AVIP-1/tree/phase1_development_branch/doc,Mbits_AXI4_AVIP-1/doc at phase1_development_branch · muneeb-mbytes/Mbits_AXI4...,2,1.0
/muneeb-mbytes/Mbits_AXI4_AVIP-1,muneeb-mbytes/Mbits_AXI4_AVIP-1: Mbits axi4 avip,4,3,
/muneeb-mbytes/Mbits_AXI4_AVIP-1/tree/phase1_development_branch/src,Mbits_AXI4_AVIP-1/src at phase1_development_branch · muneeb-mbytes/Mbits_AXI4...,4,2,
/muneeb-mbytes/Mbits_AXI4_AVIP-1/blob/phase1_development_branch/doc/axi4_avip_architecture_document.pdf,Mbits_AXI4_AVIP-1/doc/axi4_avip_architecture_document.pdf at phase1_developme...,4,1,
/muneeb-mbytes/Mbits_AXI4_AVIP-1/tree/phase1_development_branch/doc,Mbits_AXI4_AVIP-1/doc at phase1_development_branch · muneeb-mbytes/Mbits_AXI4...,2,1,
0,/muneeb-mbytes/Mbits_AXI4_AVIP-1,muneeb-mbytes/Mbits_AXI4_AVIP-1: Mbits axi4 avip,4,3.0
1,/muneeb-mbytes/Mbits_AXI4_AVIP-1/tree/phase1_development_branch/src,Mbits_AXI4_AVIP-1/src at phase1_development_branch · muneeb-mbytes/Mbits_AXI4...,4,2.0
2,/muneeb-mbytes/Mbits_AXI4_AVIP-1/blob/phase1_development_branch/doc/axi4_avip_architecture_document.pdf,Mbits_AXI4_AVIP-1/doc/axi4_avip_architecture_document.pdf at phase1_developme...,4,1.0
3,/muneeb-mbytes/Mbits_AXI4_AVIP-1/tree/phase1_development_branch/doc,Mbits_AXI4_AVIP-1/doc at phase1_development_branch · muneeb-mbytes/Mbits_AXI4...,2,1.0
4,/muneeb-mbytes/Mbits_AXI4_AVIP-1,muneeb-mbytes/Mbits_AXI4_AVIP-1: Mbits axi4 avip,4,3.0
5,/muneeb-mbytes/Mbits_AXI4_AVIP-1/tree/phase1_development_branch/src,Mbits_AXI4_AVIP-1/src at phase1_development_branch · muneeb-mbytes/Mbits_AXI4...,4,2.0
6,/muneeb-mbytes/Mbits_AXI4_AVIP-1/blob/phase1_development_branch/doc/axi4_avip_architecture_document.pdf,Mbits_AXI4_AVIP-1/doc/axi4_avip_architecture_document.pdf at phase1_developme...,4,1.0
7,/muneeb-mbytes/Mbits_AXI4_AVIP-1/tree/phase1_development_branch/doc,Mbits_AXI4_AVIP-1/doc at phase1_development_branch · muneeb-mbytes/Mbits_AXI4...,2,1.0
8,/muneeb-mbytes/Mbits_AXI4_AVIP-1,muneeb-mbytes/Mbits_AXI4_AVIP-1: Mbits axi4 avip,4,3.0
9,/muneeb-mbytes/Mbits_AXI4_AVIP-1/tree/phase1_development_branch/src,Mbits_AXI4_AVIP-1/src at phase1_development_branch · muneeb-mbytes/Mbits_AXI4...,4,2.0
10,/muneeb-mbytes/Mbits_AXI4_AVIP-1/blob/phase1_development_branch/doc/axi4_avip_architecture_document.pdf,Mbits_AXI4_AVIP-1/doc/axi4_avip_architecture_document.pdf at phase1_developme...,4,1.0
11,/muneeb-mbytes/Mbits_AXI4_AVIP-1/tree/phase1_development_branch/doc,Mbits_AXI4_AVIP-1/doc at phase1_development_branch · muneeb-mbytes/Mbits_AXI4...,2,1.0
12,/muneeb-mbytes/Mbits_AXI4_AVIP-1,muneeb-mbytes/Mbits_AXI4_AVIP-1: Mbits axi4 avip,4,3.0
13,/muneeb-mbytes/Mbits_AXI4_AVIP-1/tree/phase1_development_branch/src,Mbits_AXI4_AVIP-1/src at phase1_development_branch · muneeb-mbytes/Mbits_AXI4...,4,2.0
14,/muneeb-mbytes/Mbits_AXI4_AVIP-1/blob/phase1_development_branch/doc/axi4_avip_architecture_document.pdf,Mbits_AXI4_AVIP-1/doc/axi4_avip_architecture_document.pdf at phase1_developme...,4,1.0
15,/muneeb-mbytes/Mbits_AXI4_AVIP-1/tree/phase1_development_branch/doc,Mbits_AXI4_AVIP-1/doc at phase1_development_branch · muneeb-mbytes/Mbits_AXI4...,2,1.0
/muneeb-mbytes/Mbits_AXI4_AVIP-1,muneeb-mbytes/Mbits_AXI4_AVIP-1: Mbits axi4 avip,4,3,
/muneeb-mbytes/Mbits_AXI4_AVIP-1/tree/phase1_development_branch/src,Mbits_AXI4_AVIP-1/src at phase1_development_branch · muneeb-mbytes/Mbits_AXI4...,4,2,
/muneeb-mbytes/Mbits_AXI4_AVIP-1/blob/phase1_development_branch/doc/axi4_avip_architecture_document.pdf,Mbits_AXI4_AVIP-1/doc/axi4_avip_architecture_document.pdf at phase1_developme...,4,1,
/muneeb-mbytes/Mbits_AXI4_AVIP-1/tree/phase1_development_branch/doc,Mbits_AXI4_AVIP-1/doc at phase1_development_branch · muneeb-mbytes/Mbits_AXI4...,2,1,
0,/muneeb-mbytes/Mbits_AXI4_AVIP-1,muneeb-mbytes/Mbits_AXI4_AVIP-1: Mbits axi4 avip,4,3.0
1,/muneeb-mbytes/Mbits_AXI4_AVIP-1/tree/phase1_development_branch/src,Mbits_AXI4_AVIP-1/src at phase1_development_branch · muneeb-mbytes/Mbits_AXI4...,4,2.0
2,/muneeb-mbytes/Mbits_AXI4_AVIP-1/blob/phase1_development_branch/doc/axi4_avip_architecture_document.pdf,Mbits_AXI4_AVIP-1/doc/axi4_avip_architecture_document.pdf at phase1_developme...,4,1.0
3,/muneeb-mbytes/Mbits_AXI4_AVIP-1/tree/phase1_development_branch/doc,Mbits_AXI4_AVIP-1/doc at phase1_development_branch · muneeb-mbytes/Mbits_AXI4...,2,1.0
4,/muneeb-mbytes/Mbits_AXI4_AVIP-1,muneeb-mbytes/Mbits_AXI4_AVIP-1: Mbits axi4 avip,4,3.0
5,/muneeb-mbytes/Mbits_AXI4_AVIP-1/tree/phase1_development_branch/src,Mbits_AXI4_AVIP-1/src at phase1_development_branch · muneeb-mbytes/Mbits_AXI4...,4,2.0
6,/muneeb-mbytes/Mbits_AXI4_AVIP-1/blob/phase1_development_branch/doc/axi4_avip_architecture_document.pdf,Mbits_AXI4_AVIP-1/doc/axi4_avip_architecture_document.pdf at phase1_developme...,4,1.0
7,/muneeb-mbytes/Mbits_AXI4_AVIP-1/tree/phase1_development_branch/doc,Mbits_AXI4_AVIP-1/doc at phase1_development_branch · muneeb-mbytes/Mbits_AXI4...,2,1.0
8,/muneeb-mbytes/Mbits_AXI4_AVIP-1,muneeb-mbytes/Mbits_AXI4_AVIP-1: Mbits axi4 avip,4,3.0
9,/muneeb-mbytes/Mbits_AXI4_AVIP-1/tree/phase1_development_branch/src,Mbits_AXI4_AVIP-1/src at phase1_development_branch · muneeb-mbytes/Mbits_AXI4...,4,2.0
10,/muneeb-mbytes/Mbits_AXI4_AVIP-1/blob/phase1_development_branch/doc/axi4_avip_architecture_document.pdf,Mbits_AXI4_AVIP-1/doc/axi4_avip_architecture_document.pdf at phase1_developme...,4,1.0
11,/muneeb-mbytes/Mbits_AXI4_AVIP-1/tree/phase1_development_branch/doc,Mbits_AXI4_AVIP-1/doc at phase1_development_branch · muneeb-mbytes/Mbits_AXI4...,2,1.0
12,/muneeb-mbytes/Mbits_AXI4_AVIP-1,muneeb-mbytes/Mbits_AXI4_AVIP-1: Mbits axi4 avip,4,3.0
13,/muneeb-mbytes/Mbits_AXI4_AVIP-1/tree/phase1_development_branch/src,Mbits_AXI4_AVIP-1/src at phase1_development_branch · muneeb-mbytes/Mbits_AXI4...,4,2.0
14,/muneeb-mbytes/Mbits_AXI4_AVIP-1/blob/phase1_development_branch/doc/axi4_avip_architecture_document.pdf,Mbits_AXI4_AVIP-1/doc/axi4_avip_architecture_document.pdf at phase1_developme...,4,1.0
15,/muneeb-mbytes/Mbits_AXI4_AVIP-1/tree/phase1_development_branch/doc,Mbits_AXI4_AVIP-1/doc at phase1_development_branch · muneeb-mbytes/Mbits_AXI4...,2,1.0
/muneeb-mbytes/Mbits_AXI4_AVIP-1,muneeb-mbytes/Mbits_AXI4_AVIP-1: Mbits axi4 avip,4,3,
/muneeb-mbytes/Mbits_AXI4_AVIP-1/tree/phase1_development_branch/src,Mbits_AXI4_AVIP-1/src at phase1_development_branch · muneeb-mbytes/Mbits_AXI4...,4,2,
/muneeb-mbytes/Mbits_AXI4_AVIP-1/blob/phase1_development_branch/doc/axi4_avip_architecture_document.pdf,Mbits_AXI4_AVIP-1/doc/axi4_avip_architecture_document.pdf at phase1_developme...,4,1,
/muneeb-mbytes/Mbits_AXI4_AVIP-1/tree/phase1_development_branch/doc,Mbits_AXI4_AVIP-1/doc at phase1_development_branch · muneeb-mbytes/Mbits_AXI4...,2,1,
0,/muneeb-mbytes/Mbits_AXI4_AVIP-1,muneeb-mbytes/Mbits_AXI4_AVIP-1: Mbits axi4 avip,4,3.0
1,/muneeb-mbytes/Mbits_AXI4_AVIP-1/tree/phase1_development_branch/src,Mbits_AXI4_AVIP-1/src at phase1_development_branch · muneeb-mbytes/Mbits_AXI4...,4,2.0
2,/muneeb-mbytes/Mbits_AXI4_AVIP-1/blob/phase1_development_branch/doc/axi4_avip_architecture_document.pdf,Mbits_AXI4_AVIP-1/doc/axi4_avip_architecture_document.pdf at phase1_developme...,4,1.0
3,/muneeb-mbytes/Mbits_AXI4_AVIP-1/tree/phase1_development_branch/doc,Mbits_AXI4_AVIP-1/doc at phase1_development_branch · muneeb-mbytes/Mbits_AXI4...,2,1.0
4,/muneeb-mbytes/Mbits_AXI4_AVIP-1,muneeb-mbytes/Mbits_AXI4_AVIP-1: Mbits axi4 avip,4,3.0
5,/muneeb-mbytes/Mbits_AXI4_AVIP-1/tree/phase1_development_branch/src,Mbits_AXI4_AVIP-1/src at phase1_development_branch · muneeb-mbytes/Mbits_AXI4...,4,2.0
6,/muneeb-mbytes/Mbits_AXI4_AVIP-1/blob/phase1_development_branch/doc/axi4_avip_architecture_document.pdf,Mbits_AXI4_AVIP-1/doc/axi4_avip_architecture_document.pdf at phase1_developme...,4,1.0
7,/muneeb-mbytes/Mbits_AXI4_AVIP-1/tree/phase1_development_branch/doc,Mbits_AXI4_AVIP-1/doc at phase1_development_branch · muneeb-mbytes/Mbits_AXI4...,2,1.0
8,/muneeb-mbytes/Mbits_AXI4_AVIP-1,muneeb-mbytes/Mbits_AXI4_AVIP-1: Mbits axi4 avip,4,3.0
9,/muneeb-mbytes/Mbits_AXI4_AVIP-1/tree/phase1_development_branch/src,Mbits_AXI4_AVIP-1/src at phase1_development_branch · muneeb-mbytes/Mbits_AXI4...,4,2.0
10,/muneeb-mbytes/Mbits_AXI4_AVIP-1/blob/phase1_development_branch/doc/axi4_avip_architecture_document.pdf,Mbits_AXI4_AVIP-1/doc/axi4_avip_architecture_document.pdf at phase1_developme...,4,1.0
11,/muneeb-mbytes/Mbits_AXI4_AVIP-1/tree/phase1_development_branch/doc,Mbits_AXI4_AVIP-1/doc at phase1_development_branch · muneeb-mbytes/Mbits_AXI4...,2,1.0
12,/muneeb-mbytes/Mbits_AXI4_AVIP-1,muneeb-mbytes/Mbits_AXI4_AVIP-1: Mbits axi4 avip,4,3.0
13,/muneeb-mbytes/Mbits_AXI4_AVIP-1/tree/phase1_development_branch/src,Mbits_AXI4_AVIP-1/src at phase1_development_branch · muneeb-mbytes/Mbits_AXI4...,4,2.0
14,/muneeb-mbytes/Mbits_AXI4_AVIP-1/blob/phase1_development_branch/doc/axi4_avip_architecture_document.pdf,Mbits_AXI4_AVIP-1/doc/axi4_avip_architecture_document.pdf at phase1_developme...,4,1.0
15,/muneeb-mbytes/Mbits_AXI4_AVIP-1/tree/phase1_development_branch/doc,Mbits_AXI4_AVIP-1/doc at phase1_development_branch · muneeb-mbytes/Mbits_AXI4...,2,1.0
/muneeb-mbytes/Mbits_AXI4_AVIP-1,muneeb-mbytes/Mbits_AXI4_AVIP-1: Mbits axi4 avip,4,3,
/muneeb-mbytes/Mbits_AXI4_AVIP-1/tree/phase1_development_branch/src,Mbits_AXI4_AVIP-1/src at phase1_development_branch · muneeb-mbytes/Mbits_AXI4...,4,2,
/muneeb-mbytes/Mbits_AXI4_AVIP-1/blob/phase1_development_branch/doc/axi4_avip_architecture_document.pdf,Mbits_AXI4_AVIP-1/doc/axi4_avip_architecture_document.pdf at phase1_developme...,4,1,
/muneeb-mbytes/Mbits_AXI4_AVIP-1/tree/phase1_development_branch/doc,Mbits_AXI4_AVIP-1/doc at phase1_development_branch · muneeb-mbytes/Mbits_AXI4...,2,1,
0,/muneeb-mbytes/Mbits_AXI4_AVIP-1,muneeb-mbytes/Mbits_AXI4_AVIP-1: Mbits axi4 avip,4,3.0
1,/muneeb-mbytes/Mbits_AXI4_AVIP-1/tree/phase1_development_branch/src,Mbits_AXI4_AVIP-1/src at phase1_development_branch · muneeb-mbytes/Mbits_AXI4...,4,2.0
2,/muneeb-mbytes/Mbits_AXI4_AVIP-1/blob/phase1_development_branch/doc/axi4_avip_architecture_document.pdf,Mbits_AXI4_AVIP-1/doc/axi4_avip_architecture_document.pdf at phase1_developme...,4,1.0
3,/muneeb-mbytes/Mbits_AXI4_AVIP-1/tree/phase1_development_branch/doc,Mbits_AXI4_AVIP-1/doc at phase1_development_branch · muneeb-mbytes/Mbits_AXI4...,2,1.0
4,/muneeb-mbytes/Mbits_AXI4_AVIP-1,muneeb-mbytes/Mbits_AXI4_AVIP-1: Mbits axi4 avip,4,3.0
5,/muneeb-mbytes/Mbits_AXI4_AVIP-1/tree/phase1_development_branch/src,Mbits_AXI4_AVIP-1/src at phase1_development_branch · muneeb-mbytes/Mbits_AXI4...,4,2.0
6,/muneeb-mbytes/Mbits_AXI4_AVIP-1/blob/phase1_development_branch/doc/axi4_avip_architecture_document.pdf,Mbits_AXI4_AVIP-1/doc/axi4_avip_architecture_document.pdf at phase1_developme...,4,1.0
7,/muneeb-mbytes/Mbits_AXI4_AVIP-1/tree/phase1_development_branch/doc,Mbits_AXI4_AVIP-1/doc at phase1_development_branch · muneeb-mbytes/Mbits_AXI4...,2,1.0
8,/muneeb-mbytes/Mbits_AXI4_AVIP-1,muneeb-mbytes/Mbits_AXI4_AVIP-1: Mbits axi4 avip,4,3.0
9,/muneeb-mbytes/Mbits_AXI4_AVIP-1/tree/phase1_development_branch/src,Mbits_AXI4_AVIP-1/src at phase1_development_branch · muneeb-mbytes/Mbits_AXI4...,4,2.0
10,/muneeb-mbytes/Mbits_AXI4_AVIP-1/blob/phase1_development_branch/doc/axi4_avip_architecture_document.pdf,Mbits_AXI4_AVIP-1/doc/axi4_avip_architecture_document.pdf at phase1_developme...,4,1.0
11,/muneeb-mbytes/Mbits_AXI4_AVIP-1/tree/phase1_development_branch/doc,Mbits_AXI4_AVIP-1/doc at phase1_development_branch · muneeb-mbytes/Mbits_AXI4...,2,1.0
12,/muneeb-mbytes/Mbits_AXI4_AVIP-1,muneeb-mbytes/Mbits_AXI4_AVIP-1: Mbits axi4 avip,4,3.0
13,/muneeb-mbytes/Mbits_AXI4_AVIP-1/tree/phase1_development_branch/src,Mbits_AXI4_AVIP-1/src at phase1_development_branch · muneeb-mbytes/Mbits_AXI4...,4,2.0
14,/muneeb-mbytes/Mbits_AXI4_AVIP-1/blob/phase1_development_branch/doc/axi4_avip_architecture_document.pdf,Mbits_AXI4_AVIP-1/doc/axi4_avip_architecture_document.pdf at phase1_developme...,4,1.0
15,/muneeb-mbytes/Mbits_AXI4_AVIP-1/tree/phase1_development_branch/doc,Mbits_AXI4_AVIP-1/doc at phase1_development_branch · muneeb-mbytes/Mbits_AXI4...,2,1.0
/muneeb-mbytes/Mbits_AXI4_AVIP-1,muneeb-mbytes/Mbits_AXI4_AVIP-1: Mbits axi4 avip,4,3,
/muneeb-mbytes/Mbits_AXI4_AVIP-1/tree/phase1_development_branch/src,Mbits_AXI4_AVIP-1/src at phase1_development_branch · muneeb-mbytes/Mbits_AXI4...,4,2,
/muneeb-mbytes/Mbits_AXI4_AVIP-1/blob/phase1_development_branch/doc/axi4_avip_architecture_document.pdf,Mbits_AXI4_AVIP-1/doc/axi4_avip_architecture_document.pdf at phase1_developme...,4,1,
/muneeb-mbytes/Mbits_AXI4_AVIP-1/tree/phase1_development_branch/doc,Mbits_AXI4_AVIP-1/doc at phase1_development_branch · muneeb-mbytes/Mbits_AXI4...,2,1,
0,/muneeb-mbytes/Mbits_AXI4_AVIP-1,muneeb-mbytes/Mbits_AXI4_AVIP-1: Mbits axi4 avip,4,3.0
1,/muneeb-mbytes/Mbits_AXI4_AVIP-1/tree/phase1_development_branch/src,Mbits_AXI4_AVIP-1/src at phase1_development_branch · muneeb-mbytes/Mbits_AXI4...,4,2.0
2,/muneeb-mbytes/Mbits_AXI4_AVIP-1/blob/phase1_development_branch/doc/axi4_avip_architecture_document.pdf,Mbits_AXI4_AVIP-1/doc/axi4_avip_architecture_document.pdf at phase1_developme...,4,1.0
3,/muneeb-mbytes/Mbits_AXI4_AVIP-1/tree/phase1_development_branch/doc,Mbits_AXI4_AVIP-1/doc at phase1_development_branch · muneeb-mbytes/Mbits_AXI4...,2,1.0
4,/muneeb-mbytes/Mbits_AXI4_AVIP-1,muneeb-mbytes/Mbits_AXI4_AVIP-1: Mbits axi4 avip,4,3.0
5,/muneeb-mbytes/Mbits_AXI4_AVIP-1/tree/phase1_development_branch/src,Mbits_AXI4_AVIP-1/src at phase1_development_branch · muneeb-mbytes/Mbits_AXI4...,4,2.0
6,/muneeb-mbytes/Mbits_AXI4_AVIP-1/blob/phase1_development_branch/doc/axi4_avip_architecture_document.pdf,Mbits_AXI4_AVIP-1/doc/axi4_avip_architecture_document.pdf at phase1_developme...,4,1.0
7,/muneeb-mbytes/Mbits_AXI4_AVIP-1/tree/phase1_development_branch/doc,Mbits_AXI4_AVIP-1/doc at phase1_development_branch · muneeb-mbytes/Mbits_AXI4...,2,1.0
8,/muneeb-mbytes/Mbits_AXI4_AVIP-1,muneeb-mbytes/Mbits_AXI4_AVIP-1: Mbits axi4 avip,4,3.0
9,/muneeb-mbytes/Mbits_AXI4_AVIP-1/tree/phase1_development_branch/src,Mbits_AXI4_AVIP-1/src at phase1_development_branch · muneeb-mbytes/Mbits_AXI4...,4,2.0
10,/muneeb-mbytes/Mbits_AXI4_AVIP-1/blob/phase1_development_branch/doc/axi4_avip_architecture_document.pdf,Mbits_AXI4_AVIP-1/doc/axi4_avip_architecture_document.pdf at phase1_developme...,4,1.0
11,/muneeb-mbytes/Mbits_AXI4_AVIP-1/tree/phase1_development_branch/doc,Mbits_AXI4_AVIP-1/doc at phase1_development_branch · muneeb-mbytes/Mbits_AXI4...,2,1.0
12,/muneeb-mbytes/Mbits_AXI4_AVIP-1,muneeb-mbytes/Mbits_AXI4_AVIP-1: Mbits axi4 avip,4,3.0
13,/muneeb-mbytes/Mbits_AXI4_AVIP-1/tree/phase1_development_branch/src,Mbits_AXI4_AVIP-1/src at phase1_development_branch · muneeb-mbytes/Mbits_AXI4...,4,2.0
14,/muneeb-mbytes/Mbits_AXI4_AVIP-1/blob/phase1_development_branch/doc/axi4_avip_architecture_document.pdf,Mbits_AXI4_AVIP-1/doc/axi4_avip_architecture_document.pdf at phase1_developme...,4,1.0
15,/muneeb-mbytes/Mbits_AXI4_AVIP-1/tree/phase1_development_branch/doc,Mbits_AXI4_AVIP-1/doc at phase1_development_branch · muneeb-mbytes/Mbits_AXI4...,2,1.0
