/muneeb-mbytes/pulpino__spi_master__subsystem_verification/tree/development_branch_v1/doc,pulpino__spi_master__subsystem_verification/doc at development_branch_v1 · mu...,5,1,
/muneeb-mbytes/pulpino__spi_master__subsystem_verification/blob/development_branch_v1/doc/TB_architecture.md,pulpino__spi_master__subsystem_verification/doc/TB_architecture.md at develop...,3,1,
0,/muneeb-mbytes/pulpino__spi_master__subsystem_verification/tree/development_branch_v1/doc,pulpino__spi_master__subsystem_verification/doc at development_branch_v1 · mu...,5,1.0
1,/muneeb-mbytes/pulpino__spi_master__subsystem_verification/blob/development_branch_v1/doc/TB_architecture.md,pulpino__spi_master__subsystem_verification/doc/TB_architecture.md at develop...,3,1.0
2,/muneeb-mbytes/pulpino__spi_master__subsystem_verification/tree/development_branch_v1/doc,pulpino__spi_master__subsystem_verification/doc at development_branch_v1 · mu...,5,1.0
3,/muneeb-mbytes/pulpino__spi_master__subsystem_verification/blob/development_branch_v1/doc/TB_architecture.md,pulpino__spi_master__subsystem_verification/doc/TB_architecture.md at develop...,3,1.0
/muneeb-mbytes/pulpino__spi_master__subsystem_verification/tree/development_branch_v1/doc,pulpino__spi_master__subsystem_verification/doc at development_branch_v1 · mu...,5,1,
/muneeb-mbytes/pulpino__spi_master__subsystem_verification/blob/development_branch_v1/doc/TB_architecture.md,pulpino__spi_master__subsystem_verification/doc/TB_architecture.md at develop...,3,1,
0,/muneeb-mbytes/pulpino__spi_master__subsystem_verification/tree/development_branch_v1/doc,pulpino__spi_master__subsystem_verification/doc at development_branch_v1 · mu...,5,1.0
1,/muneeb-mbytes/pulpino__spi_master__subsystem_verification/blob/development_branch_v1/doc/TB_architecture.md,pulpino__spi_master__subsystem_verification/doc/TB_architecture.md at develop...,3,1.0
2,/muneeb-mbytes/pulpino__spi_master__subsystem_verification/tree/development_branch_v1/doc,pulpino__spi_master__subsystem_verification/doc at development_branch_v1 · mu...,5,1.0
3,/muneeb-mbytes/pulpino__spi_master__subsystem_verification/blob/development_branch_v1/doc/TB_architecture.md,pulpino__spi_master__subsystem_verification/doc/TB_architecture.md at develop...,3,1.0
/muneeb-mbytes/pulpino__spi_master__subsystem_verification/tree/development_branch_v1/doc,pulpino__spi_master__subsystem_verification/doc at development_branch_v1 · mu...,5,1,
/muneeb-mbytes/pulpino__spi_master__subsystem_verification/blob/development_branch_v1/doc/TB_architecture.md,pulpino__spi_master__subsystem_verification/doc/TB_architecture.md at develop...,3,1,
0,/muneeb-mbytes/pulpino__spi_master__subsystem_verification/tree/development_branch_v1/doc,pulpino__spi_master__subsystem_verification/doc at development_branch_v1 · mu...,5,1.0
1,/muneeb-mbytes/pulpino__spi_master__subsystem_verification/blob/development_branch_v1/doc/TB_architecture.md,pulpino__spi_master__subsystem_verification/doc/TB_architecture.md at develop...,3,1.0
2,/muneeb-mbytes/pulpino__spi_master__subsystem_verification/tree/development_branch_v1/doc,pulpino__spi_master__subsystem_verification/doc at development_branch_v1 · mu...,5,1.0
3,/muneeb-mbytes/pulpino__spi_master__subsystem_verification/blob/development_branch_v1/doc/TB_architecture.md,pulpino__spi_master__subsystem_verification/doc/TB_architecture.md at develop...,3,1.0
/muneeb-mbytes/pulpino__spi_master__subsystem_verification/tree/development_branch_v1/doc,pulpino__spi_master__subsystem_verification/doc at development_branch_v1 · mu...,5,1,
/muneeb-mbytes/pulpino__spi_master__subsystem_verification/blob/development_branch_v1/doc/TB_architecture.md,pulpino__spi_master__subsystem_verification/doc/TB_architecture.md at develop...,3,1,
0,/muneeb-mbytes/pulpino__spi_master__subsystem_verification/tree/development_branch_v1/doc,pulpino__spi_master__subsystem_verification/doc at development_branch_v1 · mu...,5,1.0
1,/muneeb-mbytes/pulpino__spi_master__subsystem_verification/blob/development_branch_v1/doc/TB_architecture.md,pulpino__spi_master__subsystem_verification/doc/TB_architecture.md at develop...,3,1.0
2,/muneeb-mbytes/pulpino__spi_master__subsystem_verification/tree/development_branch_v1/doc,pulpino__spi_master__subsystem_verification/doc at development_branch_v1 · mu...,5,1.0
3,/muneeb-mbytes/pulpino__spi_master__subsystem_verification/blob/development_branch_v1/doc/TB_architecture.md,pulpino__spi_master__subsystem_verification/doc/TB_architecture.md at develop...,3,1.0
/muneeb-mbytes/pulpino__spi_master__subsystem_verification/tree/development_branch_v1/doc,pulpino__spi_master__subsystem_verification/doc at development_branch_v1 · mu...,5,1,
/muneeb-mbytes/pulpino__spi_master__subsystem_verification/blob/development_branch_v1/doc/TB_architecture.md,pulpino__spi_master__subsystem_verification/doc/TB_architecture.md at develop...,3,1,
0,/muneeb-mbytes/pulpino__spi_master__subsystem_verification/tree/development_branch_v1/doc,pulpino__spi_master__subsystem_verification/doc at development_branch_v1 · mu...,5,1.0
1,/muneeb-mbytes/pulpino__spi_master__subsystem_verification/blob/development_branch_v1/doc/TB_architecture.md,pulpino__spi_master__subsystem_verification/doc/TB_architecture.md at develop...,3,1.0
2,/muneeb-mbytes/pulpino__spi_master__subsystem_verification/tree/development_branch_v1/doc,pulpino__spi_master__subsystem_verification/doc at development_branch_v1 · mu...,5,1.0
3,/muneeb-mbytes/pulpino__spi_master__subsystem_verification/blob/development_branch_v1/doc/TB_architecture.md,pulpino__spi_master__subsystem_verification/doc/TB_architecture.md at develop...,3,1.0
/muneeb-mbytes/pulpino__spi_master__subsystem_verification/tree/development_branch_v1/doc,pulpino__spi_master__subsystem_verification/doc at development_branch_v1 · mu...,5,1,
/muneeb-mbytes/pulpino__spi_master__subsystem_verification/blob/development_branch_v1/doc/TB_architecture.md,pulpino__spi_master__subsystem_verification/doc/TB_architecture.md at develop...,3,1,
0,/muneeb-mbytes/pulpino__spi_master__subsystem_verification/tree/development_branch_v1/doc,pulpino__spi_master__subsystem_verification/doc at development_branch_v1 · mu...,5,1.0
1,/muneeb-mbytes/pulpino__spi_master__subsystem_verification/blob/development_branch_v1/doc/TB_architecture.md,pulpino__spi_master__subsystem_verification/doc/TB_architecture.md at develop...,3,1.0
2,/muneeb-mbytes/pulpino__spi_master__subsystem_verification/tree/development_branch_v1/doc,pulpino__spi_master__subsystem_verification/doc at development_branch_v1 · mu...,5,1.0
3,/muneeb-mbytes/pulpino__spi_master__subsystem_verification/blob/development_branch_v1/doc/TB_architecture.md,pulpino__spi_master__subsystem_verification/doc/TB_architecture.md at develop...,3,1.0
/muneeb-mbytes/pulpino__spi_master__subsystem_verification/tree/development_branch_v1/doc,pulpino__spi_master__subsystem_verification/doc at development_branch_v1 · mu...,5,1,
/muneeb-mbytes/pulpino__spi_master__subsystem_verification/blob/development_branch_v1/doc/TB_architecture.md,pulpino__spi_master__subsystem_verification/doc/TB_architecture.md at develop...,3,1,
0,/muneeb-mbytes/pulpino__spi_master__subsystem_verification/tree/development_branch_v1/doc,pulpino__spi_master__subsystem_verification/doc at development_branch_v1 · mu...,5,1.0
1,/muneeb-mbytes/pulpino__spi_master__subsystem_verification/blob/development_branch_v1/doc/TB_architecture.md,pulpino__spi_master__subsystem_verification/doc/TB_architecture.md at develop...,3,1.0
2,/muneeb-mbytes/pulpino__spi_master__subsystem_verification/tree/development_branch_v1/doc,pulpino__spi_master__subsystem_verification/doc at development_branch_v1 · mu...,5,1.0
3,/muneeb-mbytes/pulpino__spi_master__subsystem_verification/blob/development_branch_v1/doc/TB_architecture.md,pulpino__spi_master__subsystem_verification/doc/TB_architecture.md at develop...,3,1.0
/muneeb-mbytes/pulpino__spi_master__subsystem_verification/tree/development_branch_v1/doc,pulpino__spi_master__subsystem_verification/doc at development_branch_v1 · mu...,5,1,
/muneeb-mbytes/pulpino__spi_master__subsystem_verification/blob/development_branch_v1/doc/TB_architecture.md,pulpino__spi_master__subsystem_verification/doc/TB_architecture.md at develop...,3,1,
0,/muneeb-mbytes/pulpino__spi_master__subsystem_verification/tree/development_branch_v1/doc,pulpino__spi_master__subsystem_verification/doc at development_branch_v1 · mu...,5,1.0
1,/muneeb-mbytes/pulpino__spi_master__subsystem_verification/blob/development_branch_v1/doc/TB_architecture.md,pulpino__spi_master__subsystem_verification/doc/TB_architecture.md at develop...,3,1.0
2,/muneeb-mbytes/pulpino__spi_master__subsystem_verification/tree/development_branch_v1/doc,pulpino__spi_master__subsystem_verification/doc at development_branch_v1 · mu...,5,1.0
3,/muneeb-mbytes/pulpino__spi_master__subsystem_verification/blob/development_branch_v1/doc/TB_architecture.md,pulpino__spi_master__subsystem_verification/doc/TB_architecture.md at develop...,3,1.0
/muneeb-mbytes/pulpino__spi_master__subsystem_verification/blob/development_branch_v1/src/dv/hvl_top/axi4_master_agent/axi4_master_agent_config.sv,pulpino__spi_master__subsystem_verification/src/dv/hvl_top/axi4_master_agent/...,6,1,
/muneeb-mbytes/pulpino__spi_master__subsystem_verification/tree/development_branch_v1/doc,pulpino__spi_master__subsystem_verification/doc at development_branch_v1 · mu...,5,1,
/muneeb-mbytes/pulpino__spi_master__subsystem_verification/blob/development_branch_v1/src/dv/hvl_top/axi4_master_agent/axi4_master_adapter.sv,pulpino__spi_master__subsystem_verification/src/dv/hvl_top/axi4_master_agent/...,4,1,
/muneeb-mbytes/pulpino__spi_master__subsystem_verification/blob/development_branch_v1/src/dv/hvl_top/axi4_master_agent/axi4_master_coverage.sv,pulpino__spi_master__subsystem_verification/src/dv/hvl_top/axi4_master_agent/...,4,1,
/muneeb-mbytes/pulpino__spi_master__subsystem_verification/blob/development_branch_v1/src/dv/hvl_top/spi_slave_agent/spi_slave_agent_config.sv,pulpino__spi_master__subsystem_verification/src/dv/hvl_top/spi_slave_agent/sp...,4,1,
/muneeb-mbytes/pulpino__spi_master__subsystem_verification/blob/development_branch_v1/src/dv/hvl_top/spi_slave_agent/spi_slave_cfg_converter.sv,pulpino__spi_master__subsystem_verification/src/dv/hvl_top/spi_slave_agent/sp...,4,1,
/muneeb-mbytes/pulpino__spi_master__subsystem_verification/blob/development_branch_v1/doc/TB_architecture.md,pulpino__spi_master__subsystem_verification/doc/TB_architecture.md at develop...,3,1,
/muneeb-mbytes/pulpino__spi_master__subsystem_verification/blob/development_branch_v1/src/dv/hvl_top/axi4_master_agent/axi4_master_agent.sv,pulpino__spi_master__subsystem_verification/src/dv/hvl_top/axi4_master_agent/...,2,1,
/muneeb-mbytes/pulpino__spi_master__subsystem_verification/blob/development_branch_v1/src/dv/hvl_top/axi4_master_agent/axi4_master_cfg_converter.sv,pulpino__spi_master__subsystem_verification/src/dv/hvl_top/axi4_master_agent/...,2,1,
/muneeb-mbytes/pulpino__spi_master__subsystem_verification/blob/development_branch_v1/src/dv/hvl_top/axi4_master_agent/axi4_master_driver_proxy.sv,pulpino__spi_master__subsystem_verification/src/dv/hvl_top/axi4_master_agent/...,2,1,
0,/muneeb-mbytes/pulpino__spi_master__subsystem_verification/blob/development_branch_v1/src/dv/hvl_top/axi4_master_agent/axi4_master_agent_config.sv,pulpino__spi_master__subsystem_verification/src/dv/hvl_top/axi4_master_agent/...,6,1.0
1,/muneeb-mbytes/pulpino__spi_master__subsystem_verification/tree/development_branch_v1/doc,pulpino__spi_master__subsystem_verification/doc at development_branch_v1 · mu...,5,1.0
2,/muneeb-mbytes/pulpino__spi_master__subsystem_verification/blob/development_branch_v1/src/dv/hvl_top/axi4_master_agent/axi4_master_adapter.sv,pulpino__spi_master__subsystem_verification/src/dv/hvl_top/axi4_master_agent/...,4,1.0
3,/muneeb-mbytes/pulpino__spi_master__subsystem_verification/blob/development_branch_v1/src/dv/hvl_top/axi4_master_agent/axi4_master_coverage.sv,pulpino__spi_master__subsystem_verification/src/dv/hvl_top/axi4_master_agent/...,4,1.0
4,/muneeb-mbytes/pulpino__spi_master__subsystem_verification/blob/development_branch_v1/src/dv/hvl_top/spi_slave_agent/spi_slave_agent_config.sv,pulpino__spi_master__subsystem_verification/src/dv/hvl_top/spi_slave_agent/sp...,4,1.0
5,/muneeb-mbytes/pulpino__spi_master__subsystem_verification/blob/development_branch_v1/src/dv/hvl_top/spi_slave_agent/spi_slave_cfg_converter.sv,pulpino__spi_master__subsystem_verification/src/dv/hvl_top/spi_slave_agent/sp...,4,1.0
6,/muneeb-mbytes/pulpino__spi_master__subsystem_verification/blob/development_branch_v1/doc/TB_architecture.md,pulpino__spi_master__subsystem_verification/doc/TB_architecture.md at develop...,3,1.0
7,/muneeb-mbytes/pulpino__spi_master__subsystem_verification/blob/development_branch_v1/src/dv/hvl_top/axi4_master_agent/axi4_master_agent.sv,pulpino__spi_master__subsystem_verification/src/dv/hvl_top/axi4_master_agent/...,2,1.0
8,/muneeb-mbytes/pulpino__spi_master__subsystem_verification/blob/development_branch_v1/src/dv/hvl_top/axi4_master_agent/axi4_master_cfg_converter.sv,pulpino__spi_master__subsystem_verification/src/dv/hvl_top/axi4_master_agent/...,2,1.0
9,/muneeb-mbytes/pulpino__spi_master__subsystem_verification/blob/development_branch_v1/src/dv/hvl_top/axi4_master_agent/axi4_master_driver_proxy.sv,pulpino__spi_master__subsystem_verification/src/dv/hvl_top/axi4_master_agent/...,2,1.0
10,/muneeb-mbytes/pulpino__spi_master__subsystem_verification/blob/development_branch_v1/src/dv/hvl_top/axi4_master_agent/axi4_master_agent_config.sv,pulpino__spi_master__subsystem_verification/src/dv/hvl_top/axi4_master_agent/...,6,1.0
11,/muneeb-mbytes/pulpino__spi_master__subsystem_verification/tree/development_branch_v1/doc,pulpino__spi_master__subsystem_verification/doc at development_branch_v1 · mu...,5,1.0
12,/muneeb-mbytes/pulpino__spi_master__subsystem_verification/blob/development_branch_v1/src/dv/hvl_top/axi4_master_agent/axi4_master_adapter.sv,pulpino__spi_master__subsystem_verification/src/dv/hvl_top/axi4_master_agent/...,4,1.0
13,/muneeb-mbytes/pulpino__spi_master__subsystem_verification/blob/development_branch_v1/src/dv/hvl_top/axi4_master_agent/axi4_master_coverage.sv,pulpino__spi_master__subsystem_verification/src/dv/hvl_top/axi4_master_agent/...,4,1.0
14,/muneeb-mbytes/pulpino__spi_master__subsystem_verification/blob/development_branch_v1/src/dv/hvl_top/spi_slave_agent/spi_slave_agent_config.sv,pulpino__spi_master__subsystem_verification/src/dv/hvl_top/spi_slave_agent/sp...,4,1.0
15,/muneeb-mbytes/pulpino__spi_master__subsystem_verification/blob/development_branch_v1/src/dv/hvl_top/spi_slave_agent/spi_slave_cfg_converter.sv,pulpino__spi_master__subsystem_verification/src/dv/hvl_top/spi_slave_agent/sp...,4,1.0
16,/muneeb-mbytes/pulpino__spi_master__subsystem_verification/blob/development_branch_v1/doc/TB_architecture.md,pulpino__spi_master__subsystem_verification/doc/TB_architecture.md at develop...,3,1.0
17,/muneeb-mbytes/pulpino__spi_master__subsystem_verification/blob/development_branch_v1/src/dv/hvl_top/axi4_master_agent/axi4_master_agent.sv,pulpino__spi_master__subsystem_verification/src/dv/hvl_top/axi4_master_agent/...,2,1.0
18,/muneeb-mbytes/pulpino__spi_master__subsystem_verification/blob/development_branch_v1/src/dv/hvl_top/axi4_master_agent/axi4_master_cfg_converter.sv,pulpino__spi_master__subsystem_verification/src/dv/hvl_top/axi4_master_agent/...,2,1.0
19,/muneeb-mbytes/pulpino__spi_master__subsystem_verification/blob/development_branch_v1/src/dv/hvl_top/axi4_master_agent/axi4_master_driver_proxy.sv,pulpino__spi_master__subsystem_verification/src/dv/hvl_top/axi4_master_agent/...,2,1.0
20,/muneeb-mbytes/pulpino__spi_master__subsystem_verification/blob/development_branch_v1/src/dv/hvl_top/axi4_master_agent/axi4_master_agent_config.sv,pulpino__spi_master__subsystem_verification/src/dv/hvl_top/axi4_master_agent/...,6,1.0
21,/muneeb-mbytes/pulpino__spi_master__subsystem_verification/tree/development_branch_v1/doc,pulpino__spi_master__subsystem_verification/doc at development_branch_v1 · mu...,5,1.0
22,/muneeb-mbytes/pulpino__spi_master__subsystem_verification/blob/development_branch_v1/src/dv/hvl_top/axi4_master_agent/axi4_master_adapter.sv,pulpino__spi_master__subsystem_verification/src/dv/hvl_top/axi4_master_agent/...,4,1.0
23,/muneeb-mbytes/pulpino__spi_master__subsystem_verification/blob/development_branch_v1/src/dv/hvl_top/axi4_master_agent/axi4_master_coverage.sv,pulpino__spi_master__subsystem_verification/src/dv/hvl_top/axi4_master_agent/...,4,1.0
24,/muneeb-mbytes/pulpino__spi_master__subsystem_verification/blob/development_branch_v1/src/dv/hvl_top/spi_slave_agent/spi_slave_agent_config.sv,pulpino__spi_master__subsystem_verification/src/dv/hvl_top/spi_slave_agent/sp...,4,1.0
25,/muneeb-mbytes/pulpino__spi_master__subsystem_verification/blob/development_branch_v1/src/dv/hvl_top/spi_slave_agent/spi_slave_cfg_converter.sv,pulpino__spi_master__subsystem_verification/src/dv/hvl_top/spi_slave_agent/sp...,4,1.0
26,/muneeb-mbytes/pulpino__spi_master__subsystem_verification/blob/development_branch_v1/doc/TB_architecture.md,pulpino__spi_master__subsystem_verification/doc/TB_architecture.md at develop...,3,1.0
27,/muneeb-mbytes/pulpino__spi_master__subsystem_verification/blob/development_branch_v1/src/dv/hvl_top/axi4_master_agent/axi4_master_agent.sv,pulpino__spi_master__subsystem_verification/src/dv/hvl_top/axi4_master_agent/...,2,1.0
28,/muneeb-mbytes/pulpino__spi_master__subsystem_verification/blob/development_branch_v1/src/dv/hvl_top/axi4_master_agent/axi4_master_cfg_converter.sv,pulpino__spi_master__subsystem_verification/src/dv/hvl_top/axi4_master_agent/...,2,1.0
29,/muneeb-mbytes/pulpino__spi_master__subsystem_verification/blob/development_branch_v1/src/dv/hvl_top/axi4_master_agent/axi4_master_driver_proxy.sv,pulpino__spi_master__subsystem_verification/src/dv/hvl_top/axi4_master_agent/...,2,1.0
30,/muneeb-mbytes/pulpino__spi_master__subsystem_verification/blob/development_branch_v1/src/dv/hvl_top/axi4_master_agent/axi4_master_agent_config.sv,pulpino__spi_master__subsystem_verification/src/dv/hvl_top/axi4_master_agent/...,6,1.0
31,/muneeb-mbytes/pulpino__spi_master__subsystem_verification/tree/development_branch_v1/doc,pulpino__spi_master__subsystem_verification/doc at development_branch_v1 · mu...,5,1.0
32,/muneeb-mbytes/pulpino__spi_master__subsystem_verification/blob/development_branch_v1/src/dv/hvl_top/axi4_master_agent/axi4_master_adapter.sv,pulpino__spi_master__subsystem_verification/src/dv/hvl_top/axi4_master_agent/...,4,1.0
33,/muneeb-mbytes/pulpino__spi_master__subsystem_verification/blob/development_branch_v1/src/dv/hvl_top/axi4_master_agent/axi4_master_coverage.sv,pulpino__spi_master__subsystem_verification/src/dv/hvl_top/axi4_master_agent/...,4,1.0
34,/muneeb-mbytes/pulpino__spi_master__subsystem_verification/blob/development_branch_v1/src/dv/hvl_top/spi_slave_agent/spi_slave_agent_config.sv,pulpino__spi_master__subsystem_verification/src/dv/hvl_top/spi_slave_agent/sp...,4,1.0
35,/muneeb-mbytes/pulpino__spi_master__subsystem_verification/blob/development_branch_v1/src/dv/hvl_top/spi_slave_agent/spi_slave_cfg_converter.sv,pulpino__spi_master__subsystem_verification/src/dv/hvl_top/spi_slave_agent/sp...,4,1.0
36,/muneeb-mbytes/pulpino__spi_master__subsystem_verification/blob/development_branch_v1/doc/TB_architecture.md,pulpino__spi_master__subsystem_verification/doc/TB_architecture.md at develop...,3,1.0
37,/muneeb-mbytes/pulpino__spi_master__subsystem_verification/blob/development_branch_v1/src/dv/hvl_top/axi4_master_agent/axi4_master_agent.sv,pulpino__spi_master__subsystem_verification/src/dv/hvl_top/axi4_master_agent/...,2,1.0
38,/muneeb-mbytes/pulpino__spi_master__subsystem_verification/blob/development_branch_v1/src/dv/hvl_top/axi4_master_agent/axi4_master_cfg_converter.sv,pulpino__spi_master__subsystem_verification/src/dv/hvl_top/axi4_master_agent/...,2,1.0
39,/muneeb-mbytes/pulpino__spi_master__subsystem_verification/blob/development_branch_v1/src/dv/hvl_top/axi4_master_agent/axi4_master_driver_proxy.sv,pulpino__spi_master__subsystem_verification/src/dv/hvl_top/axi4_master_agent/...,2,1.0
40,/muneeb-mbytes/pulpino__spi_master__subsystem_verification/blob/development_branch_v1/src/dv/hvl_top/axi4_master_agent/axi4_master_agent_config.sv,pulpino__spi_master__subsystem_verification/src/dv/hvl_top/axi4_master_agent/...,6,1.0
41,/muneeb-mbytes/pulpino__spi_master__subsystem_verification/tree/development_branch_v1/doc,pulpino__spi_master__subsystem_verification/doc at development_branch_v1 · mu...,5,1.0
42,/muneeb-mbytes/pulpino__spi_master__subsystem_verification/blob/development_branch_v1/src/dv/hvl_top/axi4_master_agent/axi4_master_adapter.sv,pulpino__spi_master__subsystem_verification/src/dv/hvl_top/axi4_master_agent/...,4,1.0
43,/muneeb-mbytes/pulpino__spi_master__subsystem_verification/blob/development_branch_v1/src/dv/hvl_top/axi4_master_agent/axi4_master_coverage.sv,pulpino__spi_master__subsystem_verification/src/dv/hvl_top/axi4_master_agent/...,4,1.0
44,/muneeb-mbytes/pulpino__spi_master__subsystem_verification/blob/development_branch_v1/src/dv/hvl_top/spi_slave_agent/spi_slave_agent_config.sv,pulpino__spi_master__subsystem_verification/src/dv/hvl_top/spi_slave_agent/sp...,4,1.0
45,/muneeb-mbytes/pulpino__spi_master__subsystem_verification/blob/development_branch_v1/src/dv/hvl_top/spi_slave_agent/spi_slave_cfg_converter.sv,pulpino__spi_master__subsystem_verification/src/dv/hvl_top/spi_slave_agent/sp...,4,1.0
46,/muneeb-mbytes/pulpino__spi_master__subsystem_verification/blob/development_branch_v1/doc/TB_architecture.md,pulpino__spi_master__subsystem_verification/doc/TB_architecture.md at develop...,3,1.0
47,/muneeb-mbytes/pulpino__spi_master__subsystem_verification/blob/development_branch_v1/src/dv/hvl_top/axi4_master_agent/axi4_master_agent.sv,pulpino__spi_master__subsystem_verification/src/dv/hvl_top/axi4_master_agent/...,2,1.0
48,/muneeb-mbytes/pulpino__spi_master__subsystem_verification/blob/development_branch_v1/src/dv/hvl_top/axi4_master_agent/axi4_master_cfg_converter.sv,pulpino__spi_master__subsystem_verification/src/dv/hvl_top/axi4_master_agent/...,2,1.0
49,/muneeb-mbytes/pulpino__spi_master__subsystem_verification/blob/development_branch_v1/src/dv/hvl_top/axi4_master_agent/axi4_master_driver_proxy.sv,pulpino__spi_master__subsystem_verification/src/dv/hvl_top/axi4_master_agent/...,2,1.0
50,/muneeb-mbytes/pulpino__spi_master__subsystem_verification/blob/development_branch_v1/src/dv/hvl_top/axi4_master_agent/axi4_master_agent_config.sv,pulpino__spi_master__subsystem_verification/src/dv/hvl_top/axi4_master_agent/...,6,1.0
51,/muneeb-mbytes/pulpino__spi_master__subsystem_verification/tree/development_branch_v1/doc,pulpino__spi_master__subsystem_verification/doc at development_branch_v1 · mu...,5,1.0
52,/muneeb-mbytes/pulpino__spi_master__subsystem_verification/blob/development_branch_v1/src/dv/hvl_top/axi4_master_agent/axi4_master_adapter.sv,pulpino__spi_master__subsystem_verification/src/dv/hvl_top/axi4_master_agent/...,4,1.0
53,/muneeb-mbytes/pulpino__spi_master__subsystem_verification/blob/development_branch_v1/src/dv/hvl_top/axi4_master_agent/axi4_master_coverage.sv,pulpino__spi_master__subsystem_verification/src/dv/hvl_top/axi4_master_agent/...,4,1.0
54,/muneeb-mbytes/pulpino__spi_master__subsystem_verification/blob/development_branch_v1/src/dv/hvl_top/spi_slave_agent/spi_slave_agent_config.sv,pulpino__spi_master__subsystem_verification/src/dv/hvl_top/spi_slave_agent/sp...,4,1.0
55,/muneeb-mbytes/pulpino__spi_master__subsystem_verification/blob/development_branch_v1/src/dv/hvl_top/spi_slave_agent/spi_slave_cfg_converter.sv,pulpino__spi_master__subsystem_verification/src/dv/hvl_top/spi_slave_agent/sp...,4,1.0
56,/muneeb-mbytes/pulpino__spi_master__subsystem_verification/blob/development_branch_v1/doc/TB_architecture.md,pulpino__spi_master__subsystem_verification/doc/TB_architecture.md at develop...,3,1.0
57,/muneeb-mbytes/pulpino__spi_master__subsystem_verification/blob/development_branch_v1/src/dv/hvl_top/axi4_master_agent/axi4_master_agent.sv,pulpino__spi_master__subsystem_verification/src/dv/hvl_top/axi4_master_agent/...,2,1.0
58,/muneeb-mbytes/pulpino__spi_master__subsystem_verification/blob/development_branch_v1/src/dv/hvl_top/axi4_master_agent/axi4_master_cfg_converter.sv,pulpino__spi_master__subsystem_verification/src/dv/hvl_top/axi4_master_agent/...,2,1.0
59,/muneeb-mbytes/pulpino__spi_master__subsystem_verification/blob/development_branch_v1/src/dv/hvl_top/axi4_master_agent/axi4_master_driver_proxy.sv,pulpino__spi_master__subsystem_verification/src/dv/hvl_top/axi4_master_agent/...,2,1.0
60,/muneeb-mbytes/pulpino__spi_master__subsystem_verification/blob/development_branch_v1/src/dv/hvl_top/axi4_master_agent/axi4_master_agent_config.sv,pulpino__spi_master__subsystem_verification/src/dv/hvl_top/axi4_master_agent/...,6,1.0
61,/muneeb-mbytes/pulpino__spi_master__subsystem_verification/tree/development_branch_v1/doc,pulpino__spi_master__subsystem_verification/doc at development_branch_v1 · mu...,5,1.0
62,/muneeb-mbytes/pulpino__spi_master__subsystem_verification/blob/development_branch_v1/src/dv/hvl_top/axi4_master_agent/axi4_master_adapter.sv,pulpino__spi_master__subsystem_verification/src/dv/hvl_top/axi4_master_agent/...,4,1.0
63,/muneeb-mbytes/pulpino__spi_master__subsystem_verification/blob/development_branch_v1/src/dv/hvl_top/axi4_master_agent/axi4_master_coverage.sv,pulpino__spi_master__subsystem_verification/src/dv/hvl_top/axi4_master_agent/...,4,1.0
64,/muneeb-mbytes/pulpino__spi_master__subsystem_verification/blob/development_branch_v1/src/dv/hvl_top/spi_slave_agent/spi_slave_agent_config.sv,pulpino__spi_master__subsystem_verification/src/dv/hvl_top/spi_slave_agent/sp...,4,1.0
65,/muneeb-mbytes/pulpino__spi_master__subsystem_verification/blob/development_branch_v1/src/dv/hvl_top/spi_slave_agent/spi_slave_cfg_converter.sv,pulpino__spi_master__subsystem_verification/src/dv/hvl_top/spi_slave_agent/sp...,4,1.0
66,/muneeb-mbytes/pulpino__spi_master__subsystem_verification/blob/development_branch_v1/doc/TB_architecture.md,pulpino__spi_master__subsystem_verification/doc/TB_architecture.md at develop...,3,1.0
67,/muneeb-mbytes/pulpino__spi_master__subsystem_verification/blob/development_branch_v1/src/dv/hvl_top/axi4_master_agent/axi4_master_agent.sv,pulpino__spi_master__subsystem_verification/src/dv/hvl_top/axi4_master_agent/...,2,1.0
68,/muneeb-mbytes/pulpino__spi_master__subsystem_verification/blob/development_branch_v1/src/dv/hvl_top/axi4_master_agent/axi4_master_cfg_converter.sv,pulpino__spi_master__subsystem_verification/src/dv/hvl_top/axi4_master_agent/...,2,1.0
69,/muneeb-mbytes/pulpino__spi_master__subsystem_verification/blob/development_branch_v1/src/dv/hvl_top/axi4_master_agent/axi4_master_driver_proxy.sv,pulpino__spi_master__subsystem_verification/src/dv/hvl_top/axi4_master_agent/...,2,1.0
70,/muneeb-mbytes/pulpino__spi_master__subsystem_verification/blob/development_branch_v1/src/dv/hvl_top/axi4_master_agent/axi4_master_agent_config.sv,pulpino__spi_master__subsystem_verification/src/dv/hvl_top/axi4_master_agent/...,6,1.0
71,/muneeb-mbytes/pulpino__spi_master__subsystem_verification/tree/development_branch_v1/doc,pulpino__spi_master__subsystem_verification/doc at development_branch_v1 · mu...,5,1.0
72,/muneeb-mbytes/pulpino__spi_master__subsystem_verification/blob/development_branch_v1/src/dv/hvl_top/axi4_master_agent/axi4_master_adapter.sv,pulpino__spi_master__subsystem_verification/src/dv/hvl_top/axi4_master_agent/...,4,1.0
73,/muneeb-mbytes/pulpino__spi_master__subsystem_verification/blob/development_branch_v1/src/dv/hvl_top/axi4_master_agent/axi4_master_coverage.sv,pulpino__spi_master__subsystem_verification/src/dv/hvl_top/axi4_master_agent/...,4,1.0
74,/muneeb-mbytes/pulpino__spi_master__subsystem_verification/blob/development_branch_v1/src/dv/hvl_top/spi_slave_agent/spi_slave_agent_config.sv,pulpino__spi_master__subsystem_verification/src/dv/hvl_top/spi_slave_agent/sp...,4,1.0
75,/muneeb-mbytes/pulpino__spi_master__subsystem_verification/blob/development_branch_v1/src/dv/hvl_top/spi_slave_agent/spi_slave_cfg_converter.sv,pulpino__spi_master__subsystem_verification/src/dv/hvl_top/spi_slave_agent/sp...,4,1.0
76,/muneeb-mbytes/pulpino__spi_master__subsystem_verification/blob/development_branch_v1/doc/TB_architecture.md,pulpino__spi_master__subsystem_verification/doc/TB_architecture.md at develop...,3,1.0
77,/muneeb-mbytes/pulpino__spi_master__subsystem_verification/blob/development_branch_v1/src/dv/hvl_top/axi4_master_agent/axi4_master_agent.sv,pulpino__spi_master__subsystem_verification/src/dv/hvl_top/axi4_master_agent/...,2,1.0
78,/muneeb-mbytes/pulpino__spi_master__subsystem_verification/blob/development_branch_v1/src/dv/hvl_top/axi4_master_agent/axi4_master_cfg_converter.sv,pulpino__spi_master__subsystem_verification/src/dv/hvl_top/axi4_master_agent/...,2,1.0
79,/muneeb-mbytes/pulpino__spi_master__subsystem_verification/blob/development_branch_v1/src/dv/hvl_top/axi4_master_agent/axi4_master_driver_proxy.sv,pulpino__spi_master__subsystem_verification/src/dv/hvl_top/axi4_master_agent/...,2,1.0
80,/muneeb-mbytes/pulpino__spi_master__subsystem_verification/blob/development_branch_v1/src/dv/hvl_top/axi4_master_agent/axi4_master_agent_config.sv,pulpino__spi_master__subsystem_verification/src/dv/hvl_top/axi4_master_agent/...,6,1.0
81,/muneeb-mbytes/pulpino__spi_master__subsystem_verification/tree/development_branch_v1/doc,pulpino__spi_master__subsystem_verification/doc at development_branch_v1 · mu...,5,1.0
82,/muneeb-mbytes/pulpino__spi_master__subsystem_verification/blob/development_branch_v1/src/dv/hvl_top/axi4_master_agent/axi4_master_adapter.sv,pulpino__spi_master__subsystem_verification/src/dv/hvl_top/axi4_master_agent/...,4,1.0
83,/muneeb-mbytes/pulpino__spi_master__subsystem_verification/blob/development_branch_v1/src/dv/hvl_top/axi4_master_agent/axi4_master_coverage.sv,pulpino__spi_master__subsystem_verification/src/dv/hvl_top/axi4_master_agent/...,4,1.0
84,/muneeb-mbytes/pulpino__spi_master__subsystem_verification/blob/development_branch_v1/src/dv/hvl_top/spi_slave_agent/spi_slave_agent_config.sv,pulpino__spi_master__subsystem_verification/src/dv/hvl_top/spi_slave_agent/sp...,4,1.0
85,/muneeb-mbytes/pulpino__spi_master__subsystem_verification/blob/development_branch_v1/src/dv/hvl_top/spi_slave_agent/spi_slave_cfg_converter.sv,pulpino__spi_master__subsystem_verification/src/dv/hvl_top/spi_slave_agent/sp...,4,1.0
86,/muneeb-mbytes/pulpino__spi_master__subsystem_verification/blob/development_branch_v1/doc/TB_architecture.md,pulpino__spi_master__subsystem_verification/doc/TB_architecture.md at develop...,3,1.0
87,/muneeb-mbytes/pulpino__spi_master__subsystem_verification/blob/development_branch_v1/src/dv/hvl_top/axi4_master_agent/axi4_master_agent.sv,pulpino__spi_master__subsystem_verification/src/dv/hvl_top/axi4_master_agent/...,2,1.0
88,/muneeb-mbytes/pulpino__spi_master__subsystem_verification/blob/development_branch_v1/src/dv/hvl_top/axi4_master_agent/axi4_master_cfg_converter.sv,pulpino__spi_master__subsystem_verification/src/dv/hvl_top/axi4_master_agent/...,2,1.0
89,/muneeb-mbytes/pulpino__spi_master__subsystem_verification/blob/development_branch_v1/src/dv/hvl_top/axi4_master_agent/axi4_master_driver_proxy.sv,pulpino__spi_master__subsystem_verification/src/dv/hvl_top/axi4_master_agent/...,2,1.0
90,/muneeb-mbytes/pulpino__spi_master__subsystem_verification/blob/development_branch_v1/src/dv/hvl_top/axi4_master_agent/axi4_master_agent_config.sv,pulpino__spi_master__subsystem_verification/src/dv/hvl_top/axi4_master_agent/...,6,1.0
91,/muneeb-mbytes/pulpino__spi_master__subsystem_verification/tree/development_branch_v1/doc,pulpino__spi_master__subsystem_verification/doc at development_branch_v1 · mu...,5,1.0
92,/muneeb-mbytes/pulpino__spi_master__subsystem_verification/blob/development_branch_v1/src/dv/hvl_top/axi4_master_agent/axi4_master_adapter.sv,pulpino__spi_master__subsystem_verification/src/dv/hvl_top/axi4_master_agent/...,4,1.0
93,/muneeb-mbytes/pulpino__spi_master__subsystem_verification/blob/development_branch_v1/src/dv/hvl_top/axi4_master_agent/axi4_master_coverage.sv,pulpino__spi_master__subsystem_verification/src/dv/hvl_top/axi4_master_agent/...,4,1.0
94,/muneeb-mbytes/pulpino__spi_master__subsystem_verification/blob/development_branch_v1/src/dv/hvl_top/spi_slave_agent/spi_slave_agent_config.sv,pulpino__spi_master__subsystem_verification/src/dv/hvl_top/spi_slave_agent/sp...,4,1.0
95,/muneeb-mbytes/pulpino__spi_master__subsystem_verification/blob/development_branch_v1/src/dv/hvl_top/spi_slave_agent/spi_slave_cfg_converter.sv,pulpino__spi_master__subsystem_verification/src/dv/hvl_top/spi_slave_agent/sp...,4,1.0
96,/muneeb-mbytes/pulpino__spi_master__subsystem_verification/blob/development_branch_v1/doc/TB_architecture.md,pulpino__spi_master__subsystem_verification/doc/TB_architecture.md at develop...,3,1.0
97,/muneeb-mbytes/pulpino__spi_master__subsystem_verification/blob/development_branch_v1/src/dv/hvl_top/axi4_master_agent/axi4_master_agent.sv,pulpino__spi_master__subsystem_verification/src/dv/hvl_top/axi4_master_agent/...,2,1.0
98,/muneeb-mbytes/pulpino__spi_master__subsystem_verification/blob/development_branch_v1/src/dv/hvl_top/axi4_master_agent/axi4_master_cfg_converter.sv,pulpino__spi_master__subsystem_verification/src/dv/hvl_top/axi4_master_agent/...,2,1.0
99,/muneeb-mbytes/pulpino__spi_master__subsystem_verification/blob/development_branch_v1/src/dv/hvl_top/axi4_master_agent/axi4_master_driver_proxy.sv,pulpino__spi_master__subsystem_verification/src/dv/hvl_top/axi4_master_agent/...,2,1.0
/muneeb-mbytes/pulpino__spi_master__subsystem_verification/blob/development_branch_v1/src/dv/hvl_top/axi4_master_agent/axi4_master_agent_config.sv,pulpino__spi_master__subsystem_verification/src/dv/hvl_top/axi4_master_agent/...,6,1,
/muneeb-mbytes/pulpino__spi_master__subsystem_verification/tree/development_branch_v1/doc,pulpino__spi_master__subsystem_verification/doc at development_branch_v1 · mu...,5,1,
/muneeb-mbytes/pulpino__spi_master__subsystem_verification/blob/development_branch_v1/src/dv/hvl_top/axi4_master_agent/axi4_master_adapter.sv,pulpino__spi_master__subsystem_verification/src/dv/hvl_top/axi4_master_agent/...,4,1,
/muneeb-mbytes/pulpino__spi_master__subsystem_verification/blob/development_branch_v1/src/dv/hvl_top/axi4_master_agent/axi4_master_coverage.sv,pulpino__spi_master__subsystem_verification/src/dv/hvl_top/axi4_master_agent/...,4,1,
/muneeb-mbytes/pulpino__spi_master__subsystem_verification/blob/development_branch_v1/src/dv/hvl_top/spi_slave_agent/spi_slave_agent_config.sv,pulpino__spi_master__subsystem_verification/src/dv/hvl_top/spi_slave_agent/sp...,4,1,
/muneeb-mbytes/pulpino__spi_master__subsystem_verification/blob/development_branch_v1/src/dv/hvl_top/spi_slave_agent/spi_slave_cfg_converter.sv,pulpino__spi_master__subsystem_verification/src/dv/hvl_top/spi_slave_agent/sp...,4,1,
/muneeb-mbytes/pulpino__spi_master__subsystem_verification/blob/development_branch_v1/doc/TB_architecture.md,pulpino__spi_master__subsystem_verification/doc/TB_architecture.md at develop...,3,1,
/muneeb-mbytes/pulpino__spi_master__subsystem_verification/blob/development_branch_v1/src/dv/hvl_top/axi4_master_agent/axi4_master_agent.sv,pulpino__spi_master__subsystem_verification/src/dv/hvl_top/axi4_master_agent/...,2,1,
/muneeb-mbytes/pulpino__spi_master__subsystem_verification/blob/development_branch_v1/src/dv/hvl_top/axi4_master_agent/axi4_master_cfg_converter.sv,pulpino__spi_master__subsystem_verification/src/dv/hvl_top/axi4_master_agent/...,2,1,
/muneeb-mbytes/pulpino__spi_master__subsystem_verification/blob/development_branch_v1/src/dv/hvl_top/axi4_master_agent/axi4_master_driver_proxy.sv,pulpino__spi_master__subsystem_verification/src/dv/hvl_top/axi4_master_agent/...,2,1,
0,/muneeb-mbytes/pulpino__spi_master__subsystem_verification/blob/development_branch_v1/src/dv/hvl_top/axi4_master_agent/axi4_master_agent_config.sv,pulpino__spi_master__subsystem_verification/src/dv/hvl_top/axi4_master_agent/...,6,1.0
1,/muneeb-mbytes/pulpino__spi_master__subsystem_verification/tree/development_branch_v1/doc,pulpino__spi_master__subsystem_verification/doc at development_branch_v1 · mu...,5,1.0
2,/muneeb-mbytes/pulpino__spi_master__subsystem_verification/blob/development_branch_v1/src/dv/hvl_top/axi4_master_agent/axi4_master_adapter.sv,pulpino__spi_master__subsystem_verification/src/dv/hvl_top/axi4_master_agent/...,4,1.0
3,/muneeb-mbytes/pulpino__spi_master__subsystem_verification/blob/development_branch_v1/src/dv/hvl_top/axi4_master_agent/axi4_master_coverage.sv,pulpino__spi_master__subsystem_verification/src/dv/hvl_top/axi4_master_agent/...,4,1.0
4,/muneeb-mbytes/pulpino__spi_master__subsystem_verification/blob/development_branch_v1/src/dv/hvl_top/spi_slave_agent/spi_slave_agent_config.sv,pulpino__spi_master__subsystem_verification/src/dv/hvl_top/spi_slave_agent/sp...,4,1.0
5,/muneeb-mbytes/pulpino__spi_master__subsystem_verification/blob/development_branch_v1/src/dv/hvl_top/spi_slave_agent/spi_slave_cfg_converter.sv,pulpino__spi_master__subsystem_verification/src/dv/hvl_top/spi_slave_agent/sp...,4,1.0
6,/muneeb-mbytes/pulpino__spi_master__subsystem_verification/blob/development_branch_v1/doc/TB_architecture.md,pulpino__spi_master__subsystem_verification/doc/TB_architecture.md at develop...,3,1.0
7,/muneeb-mbytes/pulpino__spi_master__subsystem_verification/blob/development_branch_v1/src/dv/hvl_top/axi4_master_agent/axi4_master_agent.sv,pulpino__spi_master__subsystem_verification/src/dv/hvl_top/axi4_master_agent/...,2,1.0
8,/muneeb-mbytes/pulpino__spi_master__subsystem_verification/blob/development_branch_v1/src/dv/hvl_top/axi4_master_agent/axi4_master_cfg_converter.sv,pulpino__spi_master__subsystem_verification/src/dv/hvl_top/axi4_master_agent/...,2,1.0
9,/muneeb-mbytes/pulpino__spi_master__subsystem_verification/blob/development_branch_v1/src/dv/hvl_top/axi4_master_agent/axi4_master_driver_proxy.sv,pulpino__spi_master__subsystem_verification/src/dv/hvl_top/axi4_master_agent/...,2,1.0
10,/muneeb-mbytes/pulpino__spi_master__subsystem_verification/blob/development_branch_v1/src/dv/hvl_top/axi4_master_agent/axi4_master_agent_config.sv,pulpino__spi_master__subsystem_verification/src/dv/hvl_top/axi4_master_agent/...,6,1.0
11,/muneeb-mbytes/pulpino__spi_master__subsystem_verification/tree/development_branch_v1/doc,pulpino__spi_master__subsystem_verification/doc at development_branch_v1 · mu...,5,1.0
12,/muneeb-mbytes/pulpino__spi_master__subsystem_verification/blob/development_branch_v1/src/dv/hvl_top/axi4_master_agent/axi4_master_adapter.sv,pulpino__spi_master__subsystem_verification/src/dv/hvl_top/axi4_master_agent/...,4,1.0
13,/muneeb-mbytes/pulpino__spi_master__subsystem_verification/blob/development_branch_v1/src/dv/hvl_top/axi4_master_agent/axi4_master_coverage.sv,pulpino__spi_master__subsystem_verification/src/dv/hvl_top/axi4_master_agent/...,4,1.0
14,/muneeb-mbytes/pulpino__spi_master__subsystem_verification/blob/development_branch_v1/src/dv/hvl_top/spi_slave_agent/spi_slave_agent_config.sv,pulpino__spi_master__subsystem_verification/src/dv/hvl_top/spi_slave_agent/sp...,4,1.0
15,/muneeb-mbytes/pulpino__spi_master__subsystem_verification/blob/development_branch_v1/src/dv/hvl_top/spi_slave_agent/spi_slave_cfg_converter.sv,pulpino__spi_master__subsystem_verification/src/dv/hvl_top/spi_slave_agent/sp...,4,1.0
16,/muneeb-mbytes/pulpino__spi_master__subsystem_verification/blob/development_branch_v1/doc/TB_architecture.md,pulpino__spi_master__subsystem_verification/doc/TB_architecture.md at develop...,3,1.0
17,/muneeb-mbytes/pulpino__spi_master__subsystem_verification/blob/development_branch_v1/src/dv/hvl_top/axi4_master_agent/axi4_master_agent.sv,pulpino__spi_master__subsystem_verification/src/dv/hvl_top/axi4_master_agent/...,2,1.0
18,/muneeb-mbytes/pulpino__spi_master__subsystem_verification/blob/development_branch_v1/src/dv/hvl_top/axi4_master_agent/axi4_master_cfg_converter.sv,pulpino__spi_master__subsystem_verification/src/dv/hvl_top/axi4_master_agent/...,2,1.0
19,/muneeb-mbytes/pulpino__spi_master__subsystem_verification/blob/development_branch_v1/src/dv/hvl_top/axi4_master_agent/axi4_master_driver_proxy.sv,pulpino__spi_master__subsystem_verification/src/dv/hvl_top/axi4_master_agent/...,2,1.0
20,/muneeb-mbytes/pulpino__spi_master__subsystem_verification/blob/development_branch_v1/src/dv/hvl_top/axi4_master_agent/axi4_master_agent_config.sv,pulpino__spi_master__subsystem_verification/src/dv/hvl_top/axi4_master_agent/...,6,1.0
21,/muneeb-mbytes/pulpino__spi_master__subsystem_verification/tree/development_branch_v1/doc,pulpino__spi_master__subsystem_verification/doc at development_branch_v1 · mu...,5,1.0
22,/muneeb-mbytes/pulpino__spi_master__subsystem_verification/blob/development_branch_v1/src/dv/hvl_top/axi4_master_agent/axi4_master_adapter.sv,pulpino__spi_master__subsystem_verification/src/dv/hvl_top/axi4_master_agent/...,4,1.0
23,/muneeb-mbytes/pulpino__spi_master__subsystem_verification/blob/development_branch_v1/src/dv/hvl_top/axi4_master_agent/axi4_master_coverage.sv,pulpino__spi_master__subsystem_verification/src/dv/hvl_top/axi4_master_agent/...,4,1.0
24,/muneeb-mbytes/pulpino__spi_master__subsystem_verification/blob/development_branch_v1/src/dv/hvl_top/spi_slave_agent/spi_slave_agent_config.sv,pulpino__spi_master__subsystem_verification/src/dv/hvl_top/spi_slave_agent/sp...,4,1.0
25,/muneeb-mbytes/pulpino__spi_master__subsystem_verification/blob/development_branch_v1/src/dv/hvl_top/spi_slave_agent/spi_slave_cfg_converter.sv,pulpino__spi_master__subsystem_verification/src/dv/hvl_top/spi_slave_agent/sp...,4,1.0
26,/muneeb-mbytes/pulpino__spi_master__subsystem_verification/blob/development_branch_v1/doc/TB_architecture.md,pulpino__spi_master__subsystem_verification/doc/TB_architecture.md at develop...,3,1.0
27,/muneeb-mbytes/pulpino__spi_master__subsystem_verification/blob/development_branch_v1/src/dv/hvl_top/axi4_master_agent/axi4_master_agent.sv,pulpino__spi_master__subsystem_verification/src/dv/hvl_top/axi4_master_agent/...,2,1.0
28,/muneeb-mbytes/pulpino__spi_master__subsystem_verification/blob/development_branch_v1/src/dv/hvl_top/axi4_master_agent/axi4_master_cfg_converter.sv,pulpino__spi_master__subsystem_verification/src/dv/hvl_top/axi4_master_agent/...,2,1.0
29,/muneeb-mbytes/pulpino__spi_master__subsystem_verification/blob/development_branch_v1/src/dv/hvl_top/axi4_master_agent/axi4_master_driver_proxy.sv,pulpino__spi_master__subsystem_verification/src/dv/hvl_top/axi4_master_agent/...,2,1.0
30,/muneeb-mbytes/pulpino__spi_master__subsystem_verification/blob/development_branch_v1/src/dv/hvl_top/axi4_master_agent/axi4_master_agent_config.sv,pulpino__spi_master__subsystem_verification/src/dv/hvl_top/axi4_master_agent/...,6,1.0
31,/muneeb-mbytes/pulpino__spi_master__subsystem_verification/tree/development_branch_v1/doc,pulpino__spi_master__subsystem_verification/doc at development_branch_v1 · mu...,5,1.0
32,/muneeb-mbytes/pulpino__spi_master__subsystem_verification/blob/development_branch_v1/src/dv/hvl_top/axi4_master_agent/axi4_master_adapter.sv,pulpino__spi_master__subsystem_verification/src/dv/hvl_top/axi4_master_agent/...,4,1.0
33,/muneeb-mbytes/pulpino__spi_master__subsystem_verification/blob/development_branch_v1/src/dv/hvl_top/axi4_master_agent/axi4_master_coverage.sv,pulpino__spi_master__subsystem_verification/src/dv/hvl_top/axi4_master_agent/...,4,1.0
34,/muneeb-mbytes/pulpino__spi_master__subsystem_verification/blob/development_branch_v1/src/dv/hvl_top/spi_slave_agent/spi_slave_agent_config.sv,pulpino__spi_master__subsystem_verification/src/dv/hvl_top/spi_slave_agent/sp...,4,1.0
35,/muneeb-mbytes/pulpino__spi_master__subsystem_verification/blob/development_branch_v1/src/dv/hvl_top/spi_slave_agent/spi_slave_cfg_converter.sv,pulpino__spi_master__subsystem_verification/src/dv/hvl_top/spi_slave_agent/sp...,4,1.0
36,/muneeb-mbytes/pulpino__spi_master__subsystem_verification/blob/development_branch_v1/doc/TB_architecture.md,pulpino__spi_master__subsystem_verification/doc/TB_architecture.md at develop...,3,1.0
37,/muneeb-mbytes/pulpino__spi_master__subsystem_verification/blob/development_branch_v1/src/dv/hvl_top/axi4_master_agent/axi4_master_agent.sv,pulpino__spi_master__subsystem_verification/src/dv/hvl_top/axi4_master_agent/...,2,1.0
38,/muneeb-mbytes/pulpino__spi_master__subsystem_verification/blob/development_branch_v1/src/dv/hvl_top/axi4_master_agent/axi4_master_cfg_converter.sv,pulpino__spi_master__subsystem_verification/src/dv/hvl_top/axi4_master_agent/...,2,1.0
39,/muneeb-mbytes/pulpino__spi_master__subsystem_verification/blob/development_branch_v1/src/dv/hvl_top/axi4_master_agent/axi4_master_driver_proxy.sv,pulpino__spi_master__subsystem_verification/src/dv/hvl_top/axi4_master_agent/...,2,1.0
40,/muneeb-mbytes/pulpino__spi_master__subsystem_verification/blob/development_branch_v1/src/dv/hvl_top/axi4_master_agent/axi4_master_agent_config.sv,pulpino__spi_master__subsystem_verification/src/dv/hvl_top/axi4_master_agent/...,6,1.0
41,/muneeb-mbytes/pulpino__spi_master__subsystem_verification/tree/development_branch_v1/doc,pulpino__spi_master__subsystem_verification/doc at development_branch_v1 · mu...,5,1.0
42,/muneeb-mbytes/pulpino__spi_master__subsystem_verification/blob/development_branch_v1/src/dv/hvl_top/axi4_master_agent/axi4_master_adapter.sv,pulpino__spi_master__subsystem_verification/src/dv/hvl_top/axi4_master_agent/...,4,1.0
43,/muneeb-mbytes/pulpino__spi_master__subsystem_verification/blob/development_branch_v1/src/dv/hvl_top/axi4_master_agent/axi4_master_coverage.sv,pulpino__spi_master__subsystem_verification/src/dv/hvl_top/axi4_master_agent/...,4,1.0
44,/muneeb-mbytes/pulpino__spi_master__subsystem_verification/blob/development_branch_v1/src/dv/hvl_top/spi_slave_agent/spi_slave_agent_config.sv,pulpino__spi_master__subsystem_verification/src/dv/hvl_top/spi_slave_agent/sp...,4,1.0
45,/muneeb-mbytes/pulpino__spi_master__subsystem_verification/blob/development_branch_v1/src/dv/hvl_top/spi_slave_agent/spi_slave_cfg_converter.sv,pulpino__spi_master__subsystem_verification/src/dv/hvl_top/spi_slave_agent/sp...,4,1.0
46,/muneeb-mbytes/pulpino__spi_master__subsystem_verification/blob/development_branch_v1/doc/TB_architecture.md,pulpino__spi_master__subsystem_verification/doc/TB_architecture.md at develop...,3,1.0
47,/muneeb-mbytes/pulpino__spi_master__subsystem_verification/blob/development_branch_v1/src/dv/hvl_top/axi4_master_agent/axi4_master_agent.sv,pulpino__spi_master__subsystem_verification/src/dv/hvl_top/axi4_master_agent/...,2,1.0
48,/muneeb-mbytes/pulpino__spi_master__subsystem_verification/blob/development_branch_v1/src/dv/hvl_top/axi4_master_agent/axi4_master_cfg_converter.sv,pulpino__spi_master__subsystem_verification/src/dv/hvl_top/axi4_master_agent/...,2,1.0
49,/muneeb-mbytes/pulpino__spi_master__subsystem_verification/blob/development_branch_v1/src/dv/hvl_top/axi4_master_agent/axi4_master_driver_proxy.sv,pulpino__spi_master__subsystem_verification/src/dv/hvl_top/axi4_master_agent/...,2,1.0
50,/muneeb-mbytes/pulpino__spi_master__subsystem_verification/blob/development_branch_v1/src/dv/hvl_top/axi4_master_agent/axi4_master_agent_config.sv,pulpino__spi_master__subsystem_verification/src/dv/hvl_top/axi4_master_agent/...,6,1.0
51,/muneeb-mbytes/pulpino__spi_master__subsystem_verification/tree/development_branch_v1/doc,pulpino__spi_master__subsystem_verification/doc at development_branch_v1 · mu...,5,1.0
52,/muneeb-mbytes/pulpino__spi_master__subsystem_verification/blob/development_branch_v1/src/dv/hvl_top/axi4_master_agent/axi4_master_adapter.sv,pulpino__spi_master__subsystem_verification/src/dv/hvl_top/axi4_master_agent/...,4,1.0
53,/muneeb-mbytes/pulpino__spi_master__subsystem_verification/blob/development_branch_v1/src/dv/hvl_top/axi4_master_agent/axi4_master_coverage.sv,pulpino__spi_master__subsystem_verification/src/dv/hvl_top/axi4_master_agent/...,4,1.0
54,/muneeb-mbytes/pulpino__spi_master__subsystem_verification/blob/development_branch_v1/src/dv/hvl_top/spi_slave_agent/spi_slave_agent_config.sv,pulpino__spi_master__subsystem_verification/src/dv/hvl_top/spi_slave_agent/sp...,4,1.0
55,/muneeb-mbytes/pulpino__spi_master__subsystem_verification/blob/development_branch_v1/src/dv/hvl_top/spi_slave_agent/spi_slave_cfg_converter.sv,pulpino__spi_master__subsystem_verification/src/dv/hvl_top/spi_slave_agent/sp...,4,1.0
56,/muneeb-mbytes/pulpino__spi_master__subsystem_verification/blob/development_branch_v1/doc/TB_architecture.md,pulpino__spi_master__subsystem_verification/doc/TB_architecture.md at develop...,3,1.0
57,/muneeb-mbytes/pulpino__spi_master__subsystem_verification/blob/development_branch_v1/src/dv/hvl_top/axi4_master_agent/axi4_master_agent.sv,pulpino__spi_master__subsystem_verification/src/dv/hvl_top/axi4_master_agent/...,2,1.0
58,/muneeb-mbytes/pulpino__spi_master__subsystem_verification/blob/development_branch_v1/src/dv/hvl_top/axi4_master_agent/axi4_master_cfg_converter.sv,pulpino__spi_master__subsystem_verification/src/dv/hvl_top/axi4_master_agent/...,2,1.0
59,/muneeb-mbytes/pulpino__spi_master__subsystem_verification/blob/development_branch_v1/src/dv/hvl_top/axi4_master_agent/axi4_master_driver_proxy.sv,pulpino__spi_master__subsystem_verification/src/dv/hvl_top/axi4_master_agent/...,2,1.0
60,/muneeb-mbytes/pulpino__spi_master__subsystem_verification/blob/development_branch_v1/src/dv/hvl_top/axi4_master_agent/axi4_master_agent_config.sv,pulpino__spi_master__subsystem_verification/src/dv/hvl_top/axi4_master_agent/...,6,1.0
61,/muneeb-mbytes/pulpino__spi_master__subsystem_verification/tree/development_branch_v1/doc,pulpino__spi_master__subsystem_verification/doc at development_branch_v1 · mu...,5,1.0
62,/muneeb-mbytes/pulpino__spi_master__subsystem_verification/blob/development_branch_v1/src/dv/hvl_top/axi4_master_agent/axi4_master_adapter.sv,pulpino__spi_master__subsystem_verification/src/dv/hvl_top/axi4_master_agent/...,4,1.0
63,/muneeb-mbytes/pulpino__spi_master__subsystem_verification/blob/development_branch_v1/src/dv/hvl_top/axi4_master_agent/axi4_master_coverage.sv,pulpino__spi_master__subsystem_verification/src/dv/hvl_top/axi4_master_agent/...,4,1.0
64,/muneeb-mbytes/pulpino__spi_master__subsystem_verification/blob/development_branch_v1/src/dv/hvl_top/spi_slave_agent/spi_slave_agent_config.sv,pulpino__spi_master__subsystem_verification/src/dv/hvl_top/spi_slave_agent/sp...,4,1.0
65,/muneeb-mbytes/pulpino__spi_master__subsystem_verification/blob/development_branch_v1/src/dv/hvl_top/spi_slave_agent/spi_slave_cfg_converter.sv,pulpino__spi_master__subsystem_verification/src/dv/hvl_top/spi_slave_agent/sp...,4,1.0
66,/muneeb-mbytes/pulpino__spi_master__subsystem_verification/blob/development_branch_v1/doc/TB_architecture.md,pulpino__spi_master__subsystem_verification/doc/TB_architecture.md at develop...,3,1.0
67,/muneeb-mbytes/pulpino__spi_master__subsystem_verification/blob/development_branch_v1/src/dv/hvl_top/axi4_master_agent/axi4_master_agent.sv,pulpino__spi_master__subsystem_verification/src/dv/hvl_top/axi4_master_agent/...,2,1.0
68,/muneeb-mbytes/pulpino__spi_master__subsystem_verification/blob/development_branch_v1/src/dv/hvl_top/axi4_master_agent/axi4_master_cfg_converter.sv,pulpino__spi_master__subsystem_verification/src/dv/hvl_top/axi4_master_agent/...,2,1.0
69,/muneeb-mbytes/pulpino__spi_master__subsystem_verification/blob/development_branch_v1/src/dv/hvl_top/axi4_master_agent/axi4_master_driver_proxy.sv,pulpino__spi_master__subsystem_verification/src/dv/hvl_top/axi4_master_agent/...,2,1.0
70,/muneeb-mbytes/pulpino__spi_master__subsystem_verification/blob/development_branch_v1/src/dv/hvl_top/axi4_master_agent/axi4_master_agent_config.sv,pulpino__spi_master__subsystem_verification/src/dv/hvl_top/axi4_master_agent/...,6,1.0
71,/muneeb-mbytes/pulpino__spi_master__subsystem_verification/tree/development_branch_v1/doc,pulpino__spi_master__subsystem_verification/doc at development_branch_v1 · mu...,5,1.0
72,/muneeb-mbytes/pulpino__spi_master__subsystem_verification/blob/development_branch_v1/src/dv/hvl_top/axi4_master_agent/axi4_master_adapter.sv,pulpino__spi_master__subsystem_verification/src/dv/hvl_top/axi4_master_agent/...,4,1.0
73,/muneeb-mbytes/pulpino__spi_master__subsystem_verification/blob/development_branch_v1/src/dv/hvl_top/axi4_master_agent/axi4_master_coverage.sv,pulpino__spi_master__subsystem_verification/src/dv/hvl_top/axi4_master_agent/...,4,1.0
74,/muneeb-mbytes/pulpino__spi_master__subsystem_verification/blob/development_branch_v1/src/dv/hvl_top/spi_slave_agent/spi_slave_agent_config.sv,pulpino__spi_master__subsystem_verification/src/dv/hvl_top/spi_slave_agent/sp...,4,1.0
75,/muneeb-mbytes/pulpino__spi_master__subsystem_verification/blob/development_branch_v1/src/dv/hvl_top/spi_slave_agent/spi_slave_cfg_converter.sv,pulpino__spi_master__subsystem_verification/src/dv/hvl_top/spi_slave_agent/sp...,4,1.0
76,/muneeb-mbytes/pulpino__spi_master__subsystem_verification/blob/development_branch_v1/doc/TB_architecture.md,pulpino__spi_master__subsystem_verification/doc/TB_architecture.md at develop...,3,1.0
77,/muneeb-mbytes/pulpino__spi_master__subsystem_verification/blob/development_branch_v1/src/dv/hvl_top/axi4_master_agent/axi4_master_agent.sv,pulpino__spi_master__subsystem_verification/src/dv/hvl_top/axi4_master_agent/...,2,1.0
78,/muneeb-mbytes/pulpino__spi_master__subsystem_verification/blob/development_branch_v1/src/dv/hvl_top/axi4_master_agent/axi4_master_cfg_converter.sv,pulpino__spi_master__subsystem_verification/src/dv/hvl_top/axi4_master_agent/...,2,1.0
79,/muneeb-mbytes/pulpino__spi_master__subsystem_verification/blob/development_branch_v1/src/dv/hvl_top/axi4_master_agent/axi4_master_driver_proxy.sv,pulpino__spi_master__subsystem_verification/src/dv/hvl_top/axi4_master_agent/...,2,1.0
80,/muneeb-mbytes/pulpino__spi_master__subsystem_verification/blob/development_branch_v1/src/dv/hvl_top/axi4_master_agent/axi4_master_agent_config.sv,pulpino__spi_master__subsystem_verification/src/dv/hvl_top/axi4_master_agent/...,6,1.0
81,/muneeb-mbytes/pulpino__spi_master__subsystem_verification/tree/development_branch_v1/doc,pulpino__spi_master__subsystem_verification/doc at development_branch_v1 · mu...,5,1.0
82,/muneeb-mbytes/pulpino__spi_master__subsystem_verification/blob/development_branch_v1/src/dv/hvl_top/axi4_master_agent/axi4_master_adapter.sv,pulpino__spi_master__subsystem_verification/src/dv/hvl_top/axi4_master_agent/...,4,1.0
83,/muneeb-mbytes/pulpino__spi_master__subsystem_verification/blob/development_branch_v1/src/dv/hvl_top/axi4_master_agent/axi4_master_coverage.sv,pulpino__spi_master__subsystem_verification/src/dv/hvl_top/axi4_master_agent/...,4,1.0
84,/muneeb-mbytes/pulpino__spi_master__subsystem_verification/blob/development_branch_v1/src/dv/hvl_top/spi_slave_agent/spi_slave_agent_config.sv,pulpino__spi_master__subsystem_verification/src/dv/hvl_top/spi_slave_agent/sp...,4,1.0
85,/muneeb-mbytes/pulpino__spi_master__subsystem_verification/blob/development_branch_v1/src/dv/hvl_top/spi_slave_agent/spi_slave_cfg_converter.sv,pulpino__spi_master__subsystem_verification/src/dv/hvl_top/spi_slave_agent/sp...,4,1.0
86,/muneeb-mbytes/pulpino__spi_master__subsystem_verification/blob/development_branch_v1/doc/TB_architecture.md,pulpino__spi_master__subsystem_verification/doc/TB_architecture.md at develop...,3,1.0
87,/muneeb-mbytes/pulpino__spi_master__subsystem_verification/blob/development_branch_v1/src/dv/hvl_top/axi4_master_agent/axi4_master_agent.sv,pulpino__spi_master__subsystem_verification/src/dv/hvl_top/axi4_master_agent/...,2,1.0
88,/muneeb-mbytes/pulpino__spi_master__subsystem_verification/blob/development_branch_v1/src/dv/hvl_top/axi4_master_agent/axi4_master_cfg_converter.sv,pulpino__spi_master__subsystem_verification/src/dv/hvl_top/axi4_master_agent/...,2,1.0
89,/muneeb-mbytes/pulpino__spi_master__subsystem_verification/blob/development_branch_v1/src/dv/hvl_top/axi4_master_agent/axi4_master_driver_proxy.sv,pulpino__spi_master__subsystem_verification/src/dv/hvl_top/axi4_master_agent/...,2,1.0
90,/muneeb-mbytes/pulpino__spi_master__subsystem_verification/blob/development_branch_v1/src/dv/hvl_top/axi4_master_agent/axi4_master_agent_config.sv,pulpino__spi_master__subsystem_verification/src/dv/hvl_top/axi4_master_agent/...,6,1.0
91,/muneeb-mbytes/pulpino__spi_master__subsystem_verification/tree/development_branch_v1/doc,pulpino__spi_master__subsystem_verification/doc at development_branch_v1 · mu...,5,1.0
92,/muneeb-mbytes/pulpino__spi_master__subsystem_verification/blob/development_branch_v1/src/dv/hvl_top/axi4_master_agent/axi4_master_adapter.sv,pulpino__spi_master__subsystem_verification/src/dv/hvl_top/axi4_master_agent/...,4,1.0
93,/muneeb-mbytes/pulpino__spi_master__subsystem_verification/blob/development_branch_v1/src/dv/hvl_top/axi4_master_agent/axi4_master_coverage.sv,pulpino__spi_master__subsystem_verification/src/dv/hvl_top/axi4_master_agent/...,4,1.0
94,/muneeb-mbytes/pulpino__spi_master__subsystem_verification/blob/development_branch_v1/src/dv/hvl_top/spi_slave_agent/spi_slave_agent_config.sv,pulpino__spi_master__subsystem_verification/src/dv/hvl_top/spi_slave_agent/sp...,4,1.0
95,/muneeb-mbytes/pulpino__spi_master__subsystem_verification/blob/development_branch_v1/src/dv/hvl_top/spi_slave_agent/spi_slave_cfg_converter.sv,pulpino__spi_master__subsystem_verification/src/dv/hvl_top/spi_slave_agent/sp...,4,1.0
96,/muneeb-mbytes/pulpino__spi_master__subsystem_verification/blob/development_branch_v1/doc/TB_architecture.md,pulpino__spi_master__subsystem_verification/doc/TB_architecture.md at develop...,3,1.0
97,/muneeb-mbytes/pulpino__spi_master__subsystem_verification/blob/development_branch_v1/src/dv/hvl_top/axi4_master_agent/axi4_master_agent.sv,pulpino__spi_master__subsystem_verification/src/dv/hvl_top/axi4_master_agent/...,2,1.0
98,/muneeb-mbytes/pulpino__spi_master__subsystem_verification/blob/development_branch_v1/src/dv/hvl_top/axi4_master_agent/axi4_master_cfg_converter.sv,pulpino__spi_master__subsystem_verification/src/dv/hvl_top/axi4_master_agent/...,2,1.0
99,/muneeb-mbytes/pulpino__spi_master__subsystem_verification/blob/development_branch_v1/src/dv/hvl_top/axi4_master_agent/axi4_master_driver_proxy.sv,pulpino__spi_master__subsystem_verification/src/dv/hvl_top/axi4_master_agent/...,2,1.0
/muneeb-mbytes/pulpino__spi_master__subsystem_verification/blob/development_branch_v1/src/dv/hvl_top/axi4_master_agent/axi4_master_agent_config.sv,pulpino__spi_master__subsystem_verification/src/dv/hvl_top/axi4_master_agent/...,6,1,
/muneeb-mbytes/pulpino__spi_master__subsystem_verification/tree/development_branch_v1/doc,pulpino__spi_master__subsystem_verification/doc at development_branch_v1 · mu...,5,1,
/muneeb-mbytes/pulpino__spi_master__subsystem_verification/blob/development_branch_v1/src/dv/hvl_top/axi4_master_agent/axi4_master_adapter.sv,pulpino__spi_master__subsystem_verification/src/dv/hvl_top/axi4_master_agent/...,4,1,
/muneeb-mbytes/pulpino__spi_master__subsystem_verification/blob/development_branch_v1/src/dv/hvl_top/axi4_master_agent/axi4_master_coverage.sv,pulpino__spi_master__subsystem_verification/src/dv/hvl_top/axi4_master_agent/...,4,1,
/muneeb-mbytes/pulpino__spi_master__subsystem_verification/blob/development_branch_v1/src/dv/hvl_top/spi_slave_agent/spi_slave_agent_config.sv,pulpino__spi_master__subsystem_verification/src/dv/hvl_top/spi_slave_agent/sp...,4,1,
/muneeb-mbytes/pulpino__spi_master__subsystem_verification/blob/development_branch_v1/src/dv/hvl_top/spi_slave_agent/spi_slave_cfg_converter.sv,pulpino__spi_master__subsystem_verification/src/dv/hvl_top/spi_slave_agent/sp...,4,1,
/muneeb-mbytes/pulpino__spi_master__subsystem_verification/blob/development_branch_v1/doc/TB_architecture.md,pulpino__spi_master__subsystem_verification/doc/TB_architecture.md at develop...,3,1,
/muneeb-mbytes/pulpino__spi_master__subsystem_verification/blob/development_branch_v1/src/dv/hvl_top/axi4_master_agent/axi4_master_agent.sv,pulpino__spi_master__subsystem_verification/src/dv/hvl_top/axi4_master_agent/...,2,1,
/muneeb-mbytes/pulpino__spi_master__subsystem_verification/blob/development_branch_v1/src/dv/hvl_top/axi4_master_agent/axi4_master_cfg_converter.sv,pulpino__spi_master__subsystem_verification/src/dv/hvl_top/axi4_master_agent/...,2,1,
/muneeb-mbytes/pulpino__spi_master__subsystem_verification/blob/development_branch_v1/src/dv/hvl_top/axi4_master_agent/axi4_master_driver_proxy.sv,pulpino__spi_master__subsystem_verification/src/dv/hvl_top/axi4_master_agent/...,2,1,
0,/muneeb-mbytes/pulpino__spi_master__subsystem_verification/blob/development_branch_v1/src/dv/hvl_top/axi4_master_agent/axi4_master_agent_config.sv,pulpino__spi_master__subsystem_verification/src/dv/hvl_top/axi4_master_agent/...,6,1.0
1,/muneeb-mbytes/pulpino__spi_master__subsystem_verification/tree/development_branch_v1/doc,pulpino__spi_master__subsystem_verification/doc at development_branch_v1 · mu...,5,1.0
2,/muneeb-mbytes/pulpino__spi_master__subsystem_verification/blob/development_branch_v1/src/dv/hvl_top/axi4_master_agent/axi4_master_adapter.sv,pulpino__spi_master__subsystem_verification/src/dv/hvl_top/axi4_master_agent/...,4,1.0
3,/muneeb-mbytes/pulpino__spi_master__subsystem_verification/blob/development_branch_v1/src/dv/hvl_top/axi4_master_agent/axi4_master_coverage.sv,pulpino__spi_master__subsystem_verification/src/dv/hvl_top/axi4_master_agent/...,4,1.0
4,/muneeb-mbytes/pulpino__spi_master__subsystem_verification/blob/development_branch_v1/src/dv/hvl_top/spi_slave_agent/spi_slave_agent_config.sv,pulpino__spi_master__subsystem_verification/src/dv/hvl_top/spi_slave_agent/sp...,4,1.0
5,/muneeb-mbytes/pulpino__spi_master__subsystem_verification/blob/development_branch_v1/src/dv/hvl_top/spi_slave_agent/spi_slave_cfg_converter.sv,pulpino__spi_master__subsystem_verification/src/dv/hvl_top/spi_slave_agent/sp...,4,1.0
6,/muneeb-mbytes/pulpino__spi_master__subsystem_verification/blob/development_branch_v1/doc/TB_architecture.md,pulpino__spi_master__subsystem_verification/doc/TB_architecture.md at develop...,3,1.0
7,/muneeb-mbytes/pulpino__spi_master__subsystem_verification/blob/development_branch_v1/src/dv/hvl_top/axi4_master_agent/axi4_master_agent.sv,pulpino__spi_master__subsystem_verification/src/dv/hvl_top/axi4_master_agent/...,2,1.0
8,/muneeb-mbytes/pulpino__spi_master__subsystem_verification/blob/development_branch_v1/src/dv/hvl_top/axi4_master_agent/axi4_master_cfg_converter.sv,pulpino__spi_master__subsystem_verification/src/dv/hvl_top/axi4_master_agent/...,2,1.0
9,/muneeb-mbytes/pulpino__spi_master__subsystem_verification/blob/development_branch_v1/src/dv/hvl_top/axi4_master_agent/axi4_master_driver_proxy.sv,pulpino__spi_master__subsystem_verification/src/dv/hvl_top/axi4_master_agent/...,2,1.0
10,/muneeb-mbytes/pulpino__spi_master__subsystem_verification/blob/development_branch_v1/src/dv/hvl_top/axi4_master_agent/axi4_master_agent_config.sv,pulpino__spi_master__subsystem_verification/src/dv/hvl_top/axi4_master_agent/...,6,1.0
11,/muneeb-mbytes/pulpino__spi_master__subsystem_verification/tree/development_branch_v1/doc,pulpino__spi_master__subsystem_verification/doc at development_branch_v1 · mu...,5,1.0
12,/muneeb-mbytes/pulpino__spi_master__subsystem_verification/blob/development_branch_v1/src/dv/hvl_top/axi4_master_agent/axi4_master_adapter.sv,pulpino__spi_master__subsystem_verification/src/dv/hvl_top/axi4_master_agent/...,4,1.0
13,/muneeb-mbytes/pulpino__spi_master__subsystem_verification/blob/development_branch_v1/src/dv/hvl_top/axi4_master_agent/axi4_master_coverage.sv,pulpino__spi_master__subsystem_verification/src/dv/hvl_top/axi4_master_agent/...,4,1.0
14,/muneeb-mbytes/pulpino__spi_master__subsystem_verification/blob/development_branch_v1/src/dv/hvl_top/spi_slave_agent/spi_slave_agent_config.sv,pulpino__spi_master__subsystem_verification/src/dv/hvl_top/spi_slave_agent/sp...,4,1.0
15,/muneeb-mbytes/pulpino__spi_master__subsystem_verification/blob/development_branch_v1/src/dv/hvl_top/spi_slave_agent/spi_slave_cfg_converter.sv,pulpino__spi_master__subsystem_verification/src/dv/hvl_top/spi_slave_agent/sp...,4,1.0
16,/muneeb-mbytes/pulpino__spi_master__subsystem_verification/blob/development_branch_v1/doc/TB_architecture.md,pulpino__spi_master__subsystem_verification/doc/TB_architecture.md at develop...,3,1.0
17,/muneeb-mbytes/pulpino__spi_master__subsystem_verification/blob/development_branch_v1/src/dv/hvl_top/axi4_master_agent/axi4_master_agent.sv,pulpino__spi_master__subsystem_verification/src/dv/hvl_top/axi4_master_agent/...,2,1.0
18,/muneeb-mbytes/pulpino__spi_master__subsystem_verification/blob/development_branch_v1/src/dv/hvl_top/axi4_master_agent/axi4_master_cfg_converter.sv,pulpino__spi_master__subsystem_verification/src/dv/hvl_top/axi4_master_agent/...,2,1.0
19,/muneeb-mbytes/pulpino__spi_master__subsystem_verification/blob/development_branch_v1/src/dv/hvl_top/axi4_master_agent/axi4_master_driver_proxy.sv,pulpino__spi_master__subsystem_verification/src/dv/hvl_top/axi4_master_agent/...,2,1.0
20,/muneeb-mbytes/pulpino__spi_master__subsystem_verification/blob/development_branch_v1/src/dv/hvl_top/axi4_master_agent/axi4_master_agent_config.sv,pulpino__spi_master__subsystem_verification/src/dv/hvl_top/axi4_master_agent/...,6,1.0
21,/muneeb-mbytes/pulpino__spi_master__subsystem_verification/tree/development_branch_v1/doc,pulpino__spi_master__subsystem_verification/doc at development_branch_v1 · mu...,5,1.0
22,/muneeb-mbytes/pulpino__spi_master__subsystem_verification/blob/development_branch_v1/src/dv/hvl_top/axi4_master_agent/axi4_master_adapter.sv,pulpino__spi_master__subsystem_verification/src/dv/hvl_top/axi4_master_agent/...,4,1.0
23,/muneeb-mbytes/pulpino__spi_master__subsystem_verification/blob/development_branch_v1/src/dv/hvl_top/axi4_master_agent/axi4_master_coverage.sv,pulpino__spi_master__subsystem_verification/src/dv/hvl_top/axi4_master_agent/...,4,1.0
24,/muneeb-mbytes/pulpino__spi_master__subsystem_verification/blob/development_branch_v1/src/dv/hvl_top/spi_slave_agent/spi_slave_agent_config.sv,pulpino__spi_master__subsystem_verification/src/dv/hvl_top/spi_slave_agent/sp...,4,1.0
25,/muneeb-mbytes/pulpino__spi_master__subsystem_verification/blob/development_branch_v1/src/dv/hvl_top/spi_slave_agent/spi_slave_cfg_converter.sv,pulpino__spi_master__subsystem_verification/src/dv/hvl_top/spi_slave_agent/sp...,4,1.0
26,/muneeb-mbytes/pulpino__spi_master__subsystem_verification/blob/development_branch_v1/doc/TB_architecture.md,pulpino__spi_master__subsystem_verification/doc/TB_architecture.md at develop...,3,1.0
27,/muneeb-mbytes/pulpino__spi_master__subsystem_verification/blob/development_branch_v1/src/dv/hvl_top/axi4_master_agent/axi4_master_agent.sv,pulpino__spi_master__subsystem_verification/src/dv/hvl_top/axi4_master_agent/...,2,1.0
28,/muneeb-mbytes/pulpino__spi_master__subsystem_verification/blob/development_branch_v1/src/dv/hvl_top/axi4_master_agent/axi4_master_cfg_converter.sv,pulpino__spi_master__subsystem_verification/src/dv/hvl_top/axi4_master_agent/...,2,1.0
29,/muneeb-mbytes/pulpino__spi_master__subsystem_verification/blob/development_branch_v1/src/dv/hvl_top/axi4_master_agent/axi4_master_driver_proxy.sv,pulpino__spi_master__subsystem_verification/src/dv/hvl_top/axi4_master_agent/...,2,1.0
30,/muneeb-mbytes/pulpino__spi_master__subsystem_verification/blob/development_branch_v1/src/dv/hvl_top/axi4_master_agent/axi4_master_agent_config.sv,pulpino__spi_master__subsystem_verification/src/dv/hvl_top/axi4_master_agent/...,6,1.0
31,/muneeb-mbytes/pulpino__spi_master__subsystem_verification/tree/development_branch_v1/doc,pulpino__spi_master__subsystem_verification/doc at development_branch_v1 · mu...,5,1.0
32,/muneeb-mbytes/pulpino__spi_master__subsystem_verification/blob/development_branch_v1/src/dv/hvl_top/axi4_master_agent/axi4_master_adapter.sv,pulpino__spi_master__subsystem_verification/src/dv/hvl_top/axi4_master_agent/...,4,1.0
33,/muneeb-mbytes/pulpino__spi_master__subsystem_verification/blob/development_branch_v1/src/dv/hvl_top/axi4_master_agent/axi4_master_coverage.sv,pulpino__spi_master__subsystem_verification/src/dv/hvl_top/axi4_master_agent/...,4,1.0
34,/muneeb-mbytes/pulpino__spi_master__subsystem_verification/blob/development_branch_v1/src/dv/hvl_top/spi_slave_agent/spi_slave_agent_config.sv,pulpino__spi_master__subsystem_verification/src/dv/hvl_top/spi_slave_agent/sp...,4,1.0
35,/muneeb-mbytes/pulpino__spi_master__subsystem_verification/blob/development_branch_v1/src/dv/hvl_top/spi_slave_agent/spi_slave_cfg_converter.sv,pulpino__spi_master__subsystem_verification/src/dv/hvl_top/spi_slave_agent/sp...,4,1.0
36,/muneeb-mbytes/pulpino__spi_master__subsystem_verification/blob/development_branch_v1/doc/TB_architecture.md,pulpino__spi_master__subsystem_verification/doc/TB_architecture.md at develop...,3,1.0
37,/muneeb-mbytes/pulpino__spi_master__subsystem_verification/blob/development_branch_v1/src/dv/hvl_top/axi4_master_agent/axi4_master_agent.sv,pulpino__spi_master__subsystem_verification/src/dv/hvl_top/axi4_master_agent/...,2,1.0
38,/muneeb-mbytes/pulpino__spi_master__subsystem_verification/blob/development_branch_v1/src/dv/hvl_top/axi4_master_agent/axi4_master_cfg_converter.sv,pulpino__spi_master__subsystem_verification/src/dv/hvl_top/axi4_master_agent/...,2,1.0
39,/muneeb-mbytes/pulpino__spi_master__subsystem_verification/blob/development_branch_v1/src/dv/hvl_top/axi4_master_agent/axi4_master_driver_proxy.sv,pulpino__spi_master__subsystem_verification/src/dv/hvl_top/axi4_master_agent/...,2,1.0
40,/muneeb-mbytes/pulpino__spi_master__subsystem_verification/blob/development_branch_v1/src/dv/hvl_top/axi4_master_agent/axi4_master_agent_config.sv,pulpino__spi_master__subsystem_verification/src/dv/hvl_top/axi4_master_agent/...,6,1.0
41,/muneeb-mbytes/pulpino__spi_master__subsystem_verification/tree/development_branch_v1/doc,pulpino__spi_master__subsystem_verification/doc at development_branch_v1 · mu...,5,1.0
42,/muneeb-mbytes/pulpino__spi_master__subsystem_verification/blob/development_branch_v1/src/dv/hvl_top/axi4_master_agent/axi4_master_adapter.sv,pulpino__spi_master__subsystem_verification/src/dv/hvl_top/axi4_master_agent/...,4,1.0
43,/muneeb-mbytes/pulpino__spi_master__subsystem_verification/blob/development_branch_v1/src/dv/hvl_top/axi4_master_agent/axi4_master_coverage.sv,pulpino__spi_master__subsystem_verification/src/dv/hvl_top/axi4_master_agent/...,4,1.0
44,/muneeb-mbytes/pulpino__spi_master__subsystem_verification/blob/development_branch_v1/src/dv/hvl_top/spi_slave_agent/spi_slave_agent_config.sv,pulpino__spi_master__subsystem_verification/src/dv/hvl_top/spi_slave_agent/sp...,4,1.0
45,/muneeb-mbytes/pulpino__spi_master__subsystem_verification/blob/development_branch_v1/src/dv/hvl_top/spi_slave_agent/spi_slave_cfg_converter.sv,pulpino__spi_master__subsystem_verification/src/dv/hvl_top/spi_slave_agent/sp...,4,1.0
46,/muneeb-mbytes/pulpino__spi_master__subsystem_verification/blob/development_branch_v1/doc/TB_architecture.md,pulpino__spi_master__subsystem_verification/doc/TB_architecture.md at develop...,3,1.0
47,/muneeb-mbytes/pulpino__spi_master__subsystem_verification/blob/development_branch_v1/src/dv/hvl_top/axi4_master_agent/axi4_master_agent.sv,pulpino__spi_master__subsystem_verification/src/dv/hvl_top/axi4_master_agent/...,2,1.0
48,/muneeb-mbytes/pulpino__spi_master__subsystem_verification/blob/development_branch_v1/src/dv/hvl_top/axi4_master_agent/axi4_master_cfg_converter.sv,pulpino__spi_master__subsystem_verification/src/dv/hvl_top/axi4_master_agent/...,2,1.0
49,/muneeb-mbytes/pulpino__spi_master__subsystem_verification/blob/development_branch_v1/src/dv/hvl_top/axi4_master_agent/axi4_master_driver_proxy.sv,pulpino__spi_master__subsystem_verification/src/dv/hvl_top/axi4_master_agent/...,2,1.0
50,/muneeb-mbytes/pulpino__spi_master__subsystem_verification/blob/development_branch_v1/src/dv/hvl_top/axi4_master_agent/axi4_master_agent_config.sv,pulpino__spi_master__subsystem_verification/src/dv/hvl_top/axi4_master_agent/...,6,1.0
51,/muneeb-mbytes/pulpino__spi_master__subsystem_verification/tree/development_branch_v1/doc,pulpino__spi_master__subsystem_verification/doc at development_branch_v1 · mu...,5,1.0
52,/muneeb-mbytes/pulpino__spi_master__subsystem_verification/blob/development_branch_v1/src/dv/hvl_top/axi4_master_agent/axi4_master_adapter.sv,pulpino__spi_master__subsystem_verification/src/dv/hvl_top/axi4_master_agent/...,4,1.0
53,/muneeb-mbytes/pulpino__spi_master__subsystem_verification/blob/development_branch_v1/src/dv/hvl_top/axi4_master_agent/axi4_master_coverage.sv,pulpino__spi_master__subsystem_verification/src/dv/hvl_top/axi4_master_agent/...,4,1.0
54,/muneeb-mbytes/pulpino__spi_master__subsystem_verification/blob/development_branch_v1/src/dv/hvl_top/spi_slave_agent/spi_slave_agent_config.sv,pulpino__spi_master__subsystem_verification/src/dv/hvl_top/spi_slave_agent/sp...,4,1.0
55,/muneeb-mbytes/pulpino__spi_master__subsystem_verification/blob/development_branch_v1/src/dv/hvl_top/spi_slave_agent/spi_slave_cfg_converter.sv,pulpino__spi_master__subsystem_verification/src/dv/hvl_top/spi_slave_agent/sp...,4,1.0
56,/muneeb-mbytes/pulpino__spi_master__subsystem_verification/blob/development_branch_v1/doc/TB_architecture.md,pulpino__spi_master__subsystem_verification/doc/TB_architecture.md at develop...,3,1.0
57,/muneeb-mbytes/pulpino__spi_master__subsystem_verification/blob/development_branch_v1/src/dv/hvl_top/axi4_master_agent/axi4_master_agent.sv,pulpino__spi_master__subsystem_verification/src/dv/hvl_top/axi4_master_agent/...,2,1.0
58,/muneeb-mbytes/pulpino__spi_master__subsystem_verification/blob/development_branch_v1/src/dv/hvl_top/axi4_master_agent/axi4_master_cfg_converter.sv,pulpino__spi_master__subsystem_verification/src/dv/hvl_top/axi4_master_agent/...,2,1.0
59,/muneeb-mbytes/pulpino__spi_master__subsystem_verification/blob/development_branch_v1/src/dv/hvl_top/axi4_master_agent/axi4_master_driver_proxy.sv,pulpino__spi_master__subsystem_verification/src/dv/hvl_top/axi4_master_agent/...,2,1.0
60,/muneeb-mbytes/pulpino__spi_master__subsystem_verification/blob/development_branch_v1/src/dv/hvl_top/axi4_master_agent/axi4_master_agent_config.sv,pulpino__spi_master__subsystem_verification/src/dv/hvl_top/axi4_master_agent/...,6,1.0
61,/muneeb-mbytes/pulpino__spi_master__subsystem_verification/tree/development_branch_v1/doc,pulpino__spi_master__subsystem_verification/doc at development_branch_v1 · mu...,5,1.0
62,/muneeb-mbytes/pulpino__spi_master__subsystem_verification/blob/development_branch_v1/src/dv/hvl_top/axi4_master_agent/axi4_master_adapter.sv,pulpino__spi_master__subsystem_verification/src/dv/hvl_top/axi4_master_agent/...,4,1.0
63,/muneeb-mbytes/pulpino__spi_master__subsystem_verification/blob/development_branch_v1/src/dv/hvl_top/axi4_master_agent/axi4_master_coverage.sv,pulpino__spi_master__subsystem_verification/src/dv/hvl_top/axi4_master_agent/...,4,1.0
64,/muneeb-mbytes/pulpino__spi_master__subsystem_verification/blob/development_branch_v1/src/dv/hvl_top/spi_slave_agent/spi_slave_agent_config.sv,pulpino__spi_master__subsystem_verification/src/dv/hvl_top/spi_slave_agent/sp...,4,1.0
65,/muneeb-mbytes/pulpino__spi_master__subsystem_verification/blob/development_branch_v1/src/dv/hvl_top/spi_slave_agent/spi_slave_cfg_converter.sv,pulpino__spi_master__subsystem_verification/src/dv/hvl_top/spi_slave_agent/sp...,4,1.0
66,/muneeb-mbytes/pulpino__spi_master__subsystem_verification/blob/development_branch_v1/doc/TB_architecture.md,pulpino__spi_master__subsystem_verification/doc/TB_architecture.md at develop...,3,1.0
67,/muneeb-mbytes/pulpino__spi_master__subsystem_verification/blob/development_branch_v1/src/dv/hvl_top/axi4_master_agent/axi4_master_agent.sv,pulpino__spi_master__subsystem_verification/src/dv/hvl_top/axi4_master_agent/...,2,1.0
68,/muneeb-mbytes/pulpino__spi_master__subsystem_verification/blob/development_branch_v1/src/dv/hvl_top/axi4_master_agent/axi4_master_cfg_converter.sv,pulpino__spi_master__subsystem_verification/src/dv/hvl_top/axi4_master_agent/...,2,1.0
69,/muneeb-mbytes/pulpino__spi_master__subsystem_verification/blob/development_branch_v1/src/dv/hvl_top/axi4_master_agent/axi4_master_driver_proxy.sv,pulpino__spi_master__subsystem_verification/src/dv/hvl_top/axi4_master_agent/...,2,1.0
70,/muneeb-mbytes/pulpino__spi_master__subsystem_verification/blob/development_branch_v1/src/dv/hvl_top/axi4_master_agent/axi4_master_agent_config.sv,pulpino__spi_master__subsystem_verification/src/dv/hvl_top/axi4_master_agent/...,6,1.0
71,/muneeb-mbytes/pulpino__spi_master__subsystem_verification/tree/development_branch_v1/doc,pulpino__spi_master__subsystem_verification/doc at development_branch_v1 · mu...,5,1.0
72,/muneeb-mbytes/pulpino__spi_master__subsystem_verification/blob/development_branch_v1/src/dv/hvl_top/axi4_master_agent/axi4_master_adapter.sv,pulpino__spi_master__subsystem_verification/src/dv/hvl_top/axi4_master_agent/...,4,1.0
73,/muneeb-mbytes/pulpino__spi_master__subsystem_verification/blob/development_branch_v1/src/dv/hvl_top/axi4_master_agent/axi4_master_coverage.sv,pulpino__spi_master__subsystem_verification/src/dv/hvl_top/axi4_master_agent/...,4,1.0
74,/muneeb-mbytes/pulpino__spi_master__subsystem_verification/blob/development_branch_v1/src/dv/hvl_top/spi_slave_agent/spi_slave_agent_config.sv,pulpino__spi_master__subsystem_verification/src/dv/hvl_top/spi_slave_agent/sp...,4,1.0
75,/muneeb-mbytes/pulpino__spi_master__subsystem_verification/blob/development_branch_v1/src/dv/hvl_top/spi_slave_agent/spi_slave_cfg_converter.sv,pulpino__spi_master__subsystem_verification/src/dv/hvl_top/spi_slave_agent/sp...,4,1.0
76,/muneeb-mbytes/pulpino__spi_master__subsystem_verification/blob/development_branch_v1/doc/TB_architecture.md,pulpino__spi_master__subsystem_verification/doc/TB_architecture.md at develop...,3,1.0
77,/muneeb-mbytes/pulpino__spi_master__subsystem_verification/blob/development_branch_v1/src/dv/hvl_top/axi4_master_agent/axi4_master_agent.sv,pulpino__spi_master__subsystem_verification/src/dv/hvl_top/axi4_master_agent/...,2,1.0
78,/muneeb-mbytes/pulpino__spi_master__subsystem_verification/blob/development_branch_v1/src/dv/hvl_top/axi4_master_agent/axi4_master_cfg_converter.sv,pulpino__spi_master__subsystem_verification/src/dv/hvl_top/axi4_master_agent/...,2,1.0
79,/muneeb-mbytes/pulpino__spi_master__subsystem_verification/blob/development_branch_v1/src/dv/hvl_top/axi4_master_agent/axi4_master_driver_proxy.sv,pulpino__spi_master__subsystem_verification/src/dv/hvl_top/axi4_master_agent/...,2,1.0
80,/muneeb-mbytes/pulpino__spi_master__subsystem_verification/blob/development_branch_v1/src/dv/hvl_top/axi4_master_agent/axi4_master_agent_config.sv,pulpino__spi_master__subsystem_verification/src/dv/hvl_top/axi4_master_agent/...,6,1.0
81,/muneeb-mbytes/pulpino__spi_master__subsystem_verification/tree/development_branch_v1/doc,pulpino__spi_master__subsystem_verification/doc at development_branch_v1 · mu...,5,1.0
82,/muneeb-mbytes/pulpino__spi_master__subsystem_verification/blob/development_branch_v1/src/dv/hvl_top/axi4_master_agent/axi4_master_adapter.sv,pulpino__spi_master__subsystem_verification/src/dv/hvl_top/axi4_master_agent/...,4,1.0
83,/muneeb-mbytes/pulpino__spi_master__subsystem_verification/blob/development_branch_v1/src/dv/hvl_top/axi4_master_agent/axi4_master_coverage.sv,pulpino__spi_master__subsystem_verification/src/dv/hvl_top/axi4_master_agent/...,4,1.0
84,/muneeb-mbytes/pulpino__spi_master__subsystem_verification/blob/development_branch_v1/src/dv/hvl_top/spi_slave_agent/spi_slave_agent_config.sv,pulpino__spi_master__subsystem_verification/src/dv/hvl_top/spi_slave_agent/sp...,4,1.0
85,/muneeb-mbytes/pulpino__spi_master__subsystem_verification/blob/development_branch_v1/src/dv/hvl_top/spi_slave_agent/spi_slave_cfg_converter.sv,pulpino__spi_master__subsystem_verification/src/dv/hvl_top/spi_slave_agent/sp...,4,1.0
86,/muneeb-mbytes/pulpino__spi_master__subsystem_verification/blob/development_branch_v1/doc/TB_architecture.md,pulpino__spi_master__subsystem_verification/doc/TB_architecture.md at develop...,3,1.0
87,/muneeb-mbytes/pulpino__spi_master__subsystem_verification/blob/development_branch_v1/src/dv/hvl_top/axi4_master_agent/axi4_master_agent.sv,pulpino__spi_master__subsystem_verification/src/dv/hvl_top/axi4_master_agent/...,2,1.0
88,/muneeb-mbytes/pulpino__spi_master__subsystem_verification/blob/development_branch_v1/src/dv/hvl_top/axi4_master_agent/axi4_master_cfg_converter.sv,pulpino__spi_master__subsystem_verification/src/dv/hvl_top/axi4_master_agent/...,2,1.0
89,/muneeb-mbytes/pulpino__spi_master__subsystem_verification/blob/development_branch_v1/src/dv/hvl_top/axi4_master_agent/axi4_master_driver_proxy.sv,pulpino__spi_master__subsystem_verification/src/dv/hvl_top/axi4_master_agent/...,2,1.0
90,/muneeb-mbytes/pulpino__spi_master__subsystem_verification/blob/development_branch_v1/src/dv/hvl_top/axi4_master_agent/axi4_master_agent_config.sv,pulpino__spi_master__subsystem_verification/src/dv/hvl_top/axi4_master_agent/...,6,1.0
91,/muneeb-mbytes/pulpino__spi_master__subsystem_verification/tree/development_branch_v1/doc,pulpino__spi_master__subsystem_verification/doc at development_branch_v1 · mu...,5,1.0
92,/muneeb-mbytes/pulpino__spi_master__subsystem_verification/blob/development_branch_v1/src/dv/hvl_top/axi4_master_agent/axi4_master_adapter.sv,pulpino__spi_master__subsystem_verification/src/dv/hvl_top/axi4_master_agent/...,4,1.0
93,/muneeb-mbytes/pulpino__spi_master__subsystem_verification/blob/development_branch_v1/src/dv/hvl_top/axi4_master_agent/axi4_master_coverage.sv,pulpino__spi_master__subsystem_verification/src/dv/hvl_top/axi4_master_agent/...,4,1.0
94,/muneeb-mbytes/pulpino__spi_master__subsystem_verification/blob/development_branch_v1/src/dv/hvl_top/spi_slave_agent/spi_slave_agent_config.sv,pulpino__spi_master__subsystem_verification/src/dv/hvl_top/spi_slave_agent/sp...,4,1.0
95,/muneeb-mbytes/pulpino__spi_master__subsystem_verification/blob/development_branch_v1/src/dv/hvl_top/spi_slave_agent/spi_slave_cfg_converter.sv,pulpino__spi_master__subsystem_verification/src/dv/hvl_top/spi_slave_agent/sp...,4,1.0
96,/muneeb-mbytes/pulpino__spi_master__subsystem_verification/blob/development_branch_v1/doc/TB_architecture.md,pulpino__spi_master__subsystem_verification/doc/TB_architecture.md at develop...,3,1.0
97,/muneeb-mbytes/pulpino__spi_master__subsystem_verification/blob/development_branch_v1/src/dv/hvl_top/axi4_master_agent/axi4_master_agent.sv,pulpino__spi_master__subsystem_verification/src/dv/hvl_top/axi4_master_agent/...,2,1.0
98,/muneeb-mbytes/pulpino__spi_master__subsystem_verification/blob/development_branch_v1/src/dv/hvl_top/axi4_master_agent/axi4_master_cfg_converter.sv,pulpino__spi_master__subsystem_verification/src/dv/hvl_top/axi4_master_agent/...,2,1.0
99,/muneeb-mbytes/pulpino__spi_master__subsystem_verification/blob/development_branch_v1/src/dv/hvl_top/axi4_master_agent/axi4_master_driver_proxy.sv,pulpino__spi_master__subsystem_verification/src/dv/hvl_top/axi4_master_agent/...,2,1.0
