/muneeb-mbytes/verilator/wiki/Installing-Verilator-via-WSL,Installing Verilator via WSL · muneeb-mbytes/verilator Wiki · GitHub,7,6,
/muneeb-mbytes/verilator,muneeb-mbytes/verilator: Verilator open-source SystemVerilog simulator and li...,4,4,
/muneeb-mbytes/verilator/wiki,Home · muneeb-mbytes/verilator Wiki,2,2,
/muneeb-mbytes/verilator/wiki/Arrays,Arrays · muneeb-mbytes/verilator Wiki · GitHub,1,1,
/muneeb-mbytes/verilator/wiki/Installation-steps,Installation steps · muneeb-mbytes/verilator Wiki,1,1,
/muneeb-mbytes/verilator/wiki/Introduction,Introduction · muneeb-mbytes/verilator Wiki · GitHub,1,1,
/muneeb-mbytes/verilator/wiki/System-Verilog-Examples,System Verilog Examples · muneeb-mbytes/verilator Wiki,1,1,
/muneeb-mbytes/verilator/wiki/Verilator-Windows-Installation-Procedure,Verilator Windows Installation Procedure · muneeb-mbytes/verilator Wiki,1,1,
0,/muneeb-mbytes/verilator/wiki/Installing-Verilator-via-WSL,Installing Verilator via WSL · muneeb-mbytes/verilator Wiki · GitHub,7,6.0
1,/muneeb-mbytes/verilator,muneeb-mbytes/verilator: Verilator open-source SystemVerilog simulator and li...,4,4.0
2,/muneeb-mbytes/verilator/wiki,Home · muneeb-mbytes/verilator Wiki,2,2.0
3,/muneeb-mbytes/verilator/wiki/Arrays,Arrays · muneeb-mbytes/verilator Wiki · GitHub,1,1.0
4,/muneeb-mbytes/verilator/wiki/Installation-steps,Installation steps · muneeb-mbytes/verilator Wiki,1,1.0
5,/muneeb-mbytes/verilator/wiki/Introduction,Introduction · muneeb-mbytes/verilator Wiki · GitHub,1,1.0
6,/muneeb-mbytes/verilator/wiki/System-Verilog-Examples,System Verilog Examples · muneeb-mbytes/verilator Wiki,1,1.0
7,/muneeb-mbytes/verilator/wiki/Verilator-Windows-Installation-Procedure,Verilator Windows Installation Procedure · muneeb-mbytes/verilator Wiki,1,1.0
8,/muneeb-mbytes/verilator/wiki/Installing-Verilator-via-WSL,Installing Verilator via WSL · muneeb-mbytes/verilator Wiki · GitHub,7,6.0
9,/muneeb-mbytes/verilator,muneeb-mbytes/verilator: Verilator open-source SystemVerilog simulator and li...,4,4.0
10,/muneeb-mbytes/verilator/wiki,Home · muneeb-mbytes/verilator Wiki,2,2.0
11,/muneeb-mbytes/verilator/wiki/Arrays,Arrays · muneeb-mbytes/verilator Wiki · GitHub,1,1.0
12,/muneeb-mbytes/verilator/wiki/Installation-steps,Installation steps · muneeb-mbytes/verilator Wiki,1,1.0
13,/muneeb-mbytes/verilator/wiki/Introduction,Introduction · muneeb-mbytes/verilator Wiki · GitHub,1,1.0
14,/muneeb-mbytes/verilator/wiki/System-Verilog-Examples,System Verilog Examples · muneeb-mbytes/verilator Wiki,1,1.0
15,/muneeb-mbytes/verilator/wiki/Verilator-Windows-Installation-Procedure,Verilator Windows Installation Procedure · muneeb-mbytes/verilator Wiki,1,1.0
16,/muneeb-mbytes/verilator/wiki/Installing-Verilator-via-WSL,Installing Verilator via WSL · muneeb-mbytes/verilator Wiki · GitHub,7,6.0
17,/muneeb-mbytes/verilator,muneeb-mbytes/verilator: Verilator open-source SystemVerilog simulator and li...,4,4.0
18,/muneeb-mbytes/verilator/wiki,Home · muneeb-mbytes/verilator Wiki,2,2.0
19,/muneeb-mbytes/verilator/wiki/Arrays,Arrays · muneeb-mbytes/verilator Wiki · GitHub,1,1.0
20,/muneeb-mbytes/verilator/wiki/Installation-steps,Installation steps · muneeb-mbytes/verilator Wiki,1,1.0
21,/muneeb-mbytes/verilator/wiki/Introduction,Introduction · muneeb-mbytes/verilator Wiki · GitHub,1,1.0
22,/muneeb-mbytes/verilator/wiki/System-Verilog-Examples,System Verilog Examples · muneeb-mbytes/verilator Wiki,1,1.0
23,/muneeb-mbytes/verilator/wiki/Verilator-Windows-Installation-Procedure,Verilator Windows Installation Procedure · muneeb-mbytes/verilator Wiki,1,1.0
24,/muneeb-mbytes/verilator/wiki/Installing-Verilator-via-WSL,Installing Verilator via WSL · muneeb-mbytes/verilator Wiki · GitHub,7,6.0
25,/muneeb-mbytes/verilator,muneeb-mbytes/verilator: Verilator open-source SystemVerilog simulator and li...,4,4.0
26,/muneeb-mbytes/verilator/wiki,Home · muneeb-mbytes/verilator Wiki,2,2.0
27,/muneeb-mbytes/verilator/wiki/Arrays,Arrays · muneeb-mbytes/verilator Wiki · GitHub,1,1.0
28,/muneeb-mbytes/verilator/wiki/Installation-steps,Installation steps · muneeb-mbytes/verilator Wiki,1,1.0
29,/muneeb-mbytes/verilator/wiki/Introduction,Introduction · muneeb-mbytes/verilator Wiki · GitHub,1,1.0
30,/muneeb-mbytes/verilator/wiki/System-Verilog-Examples,System Verilog Examples · muneeb-mbytes/verilator Wiki,1,1.0
31,/muneeb-mbytes/verilator/wiki/Verilator-Windows-Installation-Procedure,Verilator Windows Installation Procedure · muneeb-mbytes/verilator Wiki,1,1.0
32,/muneeb-mbytes/verilator/wiki/Installing-Verilator-via-WSL,Installing Verilator via WSL · muneeb-mbytes/verilator Wiki · GitHub,7,6.0
33,/muneeb-mbytes/verilator,muneeb-mbytes/verilator: Verilator open-source SystemVerilog simulator and li...,4,4.0
34,/muneeb-mbytes/verilator/wiki,Home · muneeb-mbytes/verilator Wiki,2,2.0
35,/muneeb-mbytes/verilator/wiki/Arrays,Arrays · muneeb-mbytes/verilator Wiki · GitHub,1,1.0
36,/muneeb-mbytes/verilator/wiki/Installation-steps,Installation steps · muneeb-mbytes/verilator Wiki,1,1.0
37,/muneeb-mbytes/verilator/wiki/Introduction,Introduction · muneeb-mbytes/verilator Wiki · GitHub,1,1.0
38,/muneeb-mbytes/verilator/wiki/System-Verilog-Examples,System Verilog Examples · muneeb-mbytes/verilator Wiki,1,1.0
39,/muneeb-mbytes/verilator/wiki/Verilator-Windows-Installation-Procedure,Verilator Windows Installation Procedure · muneeb-mbytes/verilator Wiki,1,1.0
40,/muneeb-mbytes/verilator/wiki/Installing-Verilator-via-WSL,Installing Verilator via WSL · muneeb-mbytes/verilator Wiki · GitHub,7,6.0
41,/muneeb-mbytes/verilator,muneeb-mbytes/verilator: Verilator open-source SystemVerilog simulator and li...,4,4.0
42,/muneeb-mbytes/verilator/wiki,Home · muneeb-mbytes/verilator Wiki,2,2.0
43,/muneeb-mbytes/verilator/wiki/Arrays,Arrays · muneeb-mbytes/verilator Wiki · GitHub,1,1.0
44,/muneeb-mbytes/verilator/wiki/Installation-steps,Installation steps · muneeb-mbytes/verilator Wiki,1,1.0
45,/muneeb-mbytes/verilator/wiki/Introduction,Introduction · muneeb-mbytes/verilator Wiki · GitHub,1,1.0
46,/muneeb-mbytes/verilator/wiki/System-Verilog-Examples,System Verilog Examples · muneeb-mbytes/verilator Wiki,1,1.0
47,/muneeb-mbytes/verilator/wiki/Verilator-Windows-Installation-Procedure,Verilator Windows Installation Procedure · muneeb-mbytes/verilator Wiki,1,1.0
48,/muneeb-mbytes/verilator/wiki/Installing-Verilator-via-WSL,Installing Verilator via WSL · muneeb-mbytes/verilator Wiki · GitHub,7,6.0
49,/muneeb-mbytes/verilator,muneeb-mbytes/verilator: Verilator open-source SystemVerilog simulator and li...,4,4.0
50,/muneeb-mbytes/verilator/wiki,Home · muneeb-mbytes/verilator Wiki,2,2.0
51,/muneeb-mbytes/verilator/wiki/Arrays,Arrays · muneeb-mbytes/verilator Wiki · GitHub,1,1.0
52,/muneeb-mbytes/verilator/wiki/Installation-steps,Installation steps · muneeb-mbytes/verilator Wiki,1,1.0
53,/muneeb-mbytes/verilator/wiki/Introduction,Introduction · muneeb-mbytes/verilator Wiki · GitHub,1,1.0
54,/muneeb-mbytes/verilator/wiki/System-Verilog-Examples,System Verilog Examples · muneeb-mbytes/verilator Wiki,1,1.0
55,/muneeb-mbytes/verilator/wiki/Verilator-Windows-Installation-Procedure,Verilator Windows Installation Procedure · muneeb-mbytes/verilator Wiki,1,1.0
56,/muneeb-mbytes/verilator/wiki/Installing-Verilator-via-WSL,Installing Verilator via WSL · muneeb-mbytes/verilator Wiki · GitHub,7,6.0
57,/muneeb-mbytes/verilator,muneeb-mbytes/verilator: Verilator open-source SystemVerilog simulator and li...,4,4.0
58,/muneeb-mbytes/verilator/wiki,Home · muneeb-mbytes/verilator Wiki,2,2.0
59,/muneeb-mbytes/verilator/wiki/Arrays,Arrays · muneeb-mbytes/verilator Wiki · GitHub,1,1.0
60,/muneeb-mbytes/verilator/wiki/Installation-steps,Installation steps · muneeb-mbytes/verilator Wiki,1,1.0
61,/muneeb-mbytes/verilator/wiki/Introduction,Introduction · muneeb-mbytes/verilator Wiki · GitHub,1,1.0
62,/muneeb-mbytes/verilator/wiki/System-Verilog-Examples,System Verilog Examples · muneeb-mbytes/verilator Wiki,1,1.0
63,/muneeb-mbytes/verilator/wiki/Verilator-Windows-Installation-Procedure,Verilator Windows Installation Procedure · muneeb-mbytes/verilator Wiki,1,1.0
/muneeb-mbytes/verilator/wiki/Installing-Verilator-via-WSL,Installing Verilator via WSL · muneeb-mbytes/verilator Wiki · GitHub,7,6,
/muneeb-mbytes/verilator,muneeb-mbytes/verilator: Verilator open-source SystemVerilog simulator and li...,4,4,
/muneeb-mbytes/verilator/wiki,Home · muneeb-mbytes/verilator Wiki,2,2,
/muneeb-mbytes/verilator/wiki/Arrays,Arrays · muneeb-mbytes/verilator Wiki · GitHub,1,1,
/muneeb-mbytes/verilator/wiki/Installation-steps,Installation steps · muneeb-mbytes/verilator Wiki,1,1,
/muneeb-mbytes/verilator/wiki/Introduction,Introduction · muneeb-mbytes/verilator Wiki · GitHub,1,1,
/muneeb-mbytes/verilator/wiki/System-Verilog-Examples,System Verilog Examples · muneeb-mbytes/verilator Wiki,1,1,
/muneeb-mbytes/verilator/wiki/Verilator-Windows-Installation-Procedure,Verilator Windows Installation Procedure · muneeb-mbytes/verilator Wiki,1,1,
0,/muneeb-mbytes/verilator/wiki/Installing-Verilator-via-WSL,Installing Verilator via WSL · muneeb-mbytes/verilator Wiki · GitHub,7,6.0
1,/muneeb-mbytes/verilator,muneeb-mbytes/verilator: Verilator open-source SystemVerilog simulator and li...,4,4.0
2,/muneeb-mbytes/verilator/wiki,Home · muneeb-mbytes/verilator Wiki,2,2.0
3,/muneeb-mbytes/verilator/wiki/Arrays,Arrays · muneeb-mbytes/verilator Wiki · GitHub,1,1.0
4,/muneeb-mbytes/verilator/wiki/Installation-steps,Installation steps · muneeb-mbytes/verilator Wiki,1,1.0
5,/muneeb-mbytes/verilator/wiki/Introduction,Introduction · muneeb-mbytes/verilator Wiki · GitHub,1,1.0
6,/muneeb-mbytes/verilator/wiki/System-Verilog-Examples,System Verilog Examples · muneeb-mbytes/verilator Wiki,1,1.0
7,/muneeb-mbytes/verilator/wiki/Verilator-Windows-Installation-Procedure,Verilator Windows Installation Procedure · muneeb-mbytes/verilator Wiki,1,1.0
8,/muneeb-mbytes/verilator/wiki/Installing-Verilator-via-WSL,Installing Verilator via WSL · muneeb-mbytes/verilator Wiki · GitHub,7,6.0
9,/muneeb-mbytes/verilator,muneeb-mbytes/verilator: Verilator open-source SystemVerilog simulator and li...,4,4.0
10,/muneeb-mbytes/verilator/wiki,Home · muneeb-mbytes/verilator Wiki,2,2.0
11,/muneeb-mbytes/verilator/wiki/Arrays,Arrays · muneeb-mbytes/verilator Wiki · GitHub,1,1.0
12,/muneeb-mbytes/verilator/wiki/Installation-steps,Installation steps · muneeb-mbytes/verilator Wiki,1,1.0
13,/muneeb-mbytes/verilator/wiki/Introduction,Introduction · muneeb-mbytes/verilator Wiki · GitHub,1,1.0
14,/muneeb-mbytes/verilator/wiki/System-Verilog-Examples,System Verilog Examples · muneeb-mbytes/verilator Wiki,1,1.0
15,/muneeb-mbytes/verilator/wiki/Verilator-Windows-Installation-Procedure,Verilator Windows Installation Procedure · muneeb-mbytes/verilator Wiki,1,1.0
16,/muneeb-mbytes/verilator/wiki/Installing-Verilator-via-WSL,Installing Verilator via WSL · muneeb-mbytes/verilator Wiki · GitHub,7,6.0
17,/muneeb-mbytes/verilator,muneeb-mbytes/verilator: Verilator open-source SystemVerilog simulator and li...,4,4.0
18,/muneeb-mbytes/verilator/wiki,Home · muneeb-mbytes/verilator Wiki,2,2.0
19,/muneeb-mbytes/verilator/wiki/Arrays,Arrays · muneeb-mbytes/verilator Wiki · GitHub,1,1.0
20,/muneeb-mbytes/verilator/wiki/Installation-steps,Installation steps · muneeb-mbytes/verilator Wiki,1,1.0
21,/muneeb-mbytes/verilator/wiki/Introduction,Introduction · muneeb-mbytes/verilator Wiki · GitHub,1,1.0
22,/muneeb-mbytes/verilator/wiki/System-Verilog-Examples,System Verilog Examples · muneeb-mbytes/verilator Wiki,1,1.0
23,/muneeb-mbytes/verilator/wiki/Verilator-Windows-Installation-Procedure,Verilator Windows Installation Procedure · muneeb-mbytes/verilator Wiki,1,1.0
24,/muneeb-mbytes/verilator/wiki/Installing-Verilator-via-WSL,Installing Verilator via WSL · muneeb-mbytes/verilator Wiki · GitHub,7,6.0
25,/muneeb-mbytes/verilator,muneeb-mbytes/verilator: Verilator open-source SystemVerilog simulator and li...,4,4.0
26,/muneeb-mbytes/verilator/wiki,Home · muneeb-mbytes/verilator Wiki,2,2.0
27,/muneeb-mbytes/verilator/wiki/Arrays,Arrays · muneeb-mbytes/verilator Wiki · GitHub,1,1.0
28,/muneeb-mbytes/verilator/wiki/Installation-steps,Installation steps · muneeb-mbytes/verilator Wiki,1,1.0
29,/muneeb-mbytes/verilator/wiki/Introduction,Introduction · muneeb-mbytes/verilator Wiki · GitHub,1,1.0
30,/muneeb-mbytes/verilator/wiki/System-Verilog-Examples,System Verilog Examples · muneeb-mbytes/verilator Wiki,1,1.0
31,/muneeb-mbytes/verilator/wiki/Verilator-Windows-Installation-Procedure,Verilator Windows Installation Procedure · muneeb-mbytes/verilator Wiki,1,1.0
32,/muneeb-mbytes/verilator/wiki/Installing-Verilator-via-WSL,Installing Verilator via WSL · muneeb-mbytes/verilator Wiki · GitHub,7,6.0
33,/muneeb-mbytes/verilator,muneeb-mbytes/verilator: Verilator open-source SystemVerilog simulator and li...,4,4.0
34,/muneeb-mbytes/verilator/wiki,Home · muneeb-mbytes/verilator Wiki,2,2.0
35,/muneeb-mbytes/verilator/wiki/Arrays,Arrays · muneeb-mbytes/verilator Wiki · GitHub,1,1.0
36,/muneeb-mbytes/verilator/wiki/Installation-steps,Installation steps · muneeb-mbytes/verilator Wiki,1,1.0
37,/muneeb-mbytes/verilator/wiki/Introduction,Introduction · muneeb-mbytes/verilator Wiki · GitHub,1,1.0
38,/muneeb-mbytes/verilator/wiki/System-Verilog-Examples,System Verilog Examples · muneeb-mbytes/verilator Wiki,1,1.0
39,/muneeb-mbytes/verilator/wiki/Verilator-Windows-Installation-Procedure,Verilator Windows Installation Procedure · muneeb-mbytes/verilator Wiki,1,1.0
40,/muneeb-mbytes/verilator/wiki/Installing-Verilator-via-WSL,Installing Verilator via WSL · muneeb-mbytes/verilator Wiki · GitHub,7,6.0
41,/muneeb-mbytes/verilator,muneeb-mbytes/verilator: Verilator open-source SystemVerilog simulator and li...,4,4.0
42,/muneeb-mbytes/verilator/wiki,Home · muneeb-mbytes/verilator Wiki,2,2.0
43,/muneeb-mbytes/verilator/wiki/Arrays,Arrays · muneeb-mbytes/verilator Wiki · GitHub,1,1.0
44,/muneeb-mbytes/verilator/wiki/Installation-steps,Installation steps · muneeb-mbytes/verilator Wiki,1,1.0
45,/muneeb-mbytes/verilator/wiki/Introduction,Introduction · muneeb-mbytes/verilator Wiki · GitHub,1,1.0
46,/muneeb-mbytes/verilator/wiki/System-Verilog-Examples,System Verilog Examples · muneeb-mbytes/verilator Wiki,1,1.0
47,/muneeb-mbytes/verilator/wiki/Verilator-Windows-Installation-Procedure,Verilator Windows Installation Procedure · muneeb-mbytes/verilator Wiki,1,1.0
48,/muneeb-mbytes/verilator/wiki/Installing-Verilator-via-WSL,Installing Verilator via WSL · muneeb-mbytes/verilator Wiki · GitHub,7,6.0
49,/muneeb-mbytes/verilator,muneeb-mbytes/verilator: Verilator open-source SystemVerilog simulator and li...,4,4.0
50,/muneeb-mbytes/verilator/wiki,Home · muneeb-mbytes/verilator Wiki,2,2.0
51,/muneeb-mbytes/verilator/wiki/Arrays,Arrays · muneeb-mbytes/verilator Wiki · GitHub,1,1.0
52,/muneeb-mbytes/verilator/wiki/Installation-steps,Installation steps · muneeb-mbytes/verilator Wiki,1,1.0
53,/muneeb-mbytes/verilator/wiki/Introduction,Introduction · muneeb-mbytes/verilator Wiki · GitHub,1,1.0
54,/muneeb-mbytes/verilator/wiki/System-Verilog-Examples,System Verilog Examples · muneeb-mbytes/verilator Wiki,1,1.0
55,/muneeb-mbytes/verilator/wiki/Verilator-Windows-Installation-Procedure,Verilator Windows Installation Procedure · muneeb-mbytes/verilator Wiki,1,1.0
56,/muneeb-mbytes/verilator/wiki/Installing-Verilator-via-WSL,Installing Verilator via WSL · muneeb-mbytes/verilator Wiki · GitHub,7,6.0
57,/muneeb-mbytes/verilator,muneeb-mbytes/verilator: Verilator open-source SystemVerilog simulator and li...,4,4.0
58,/muneeb-mbytes/verilator/wiki,Home · muneeb-mbytes/verilator Wiki,2,2.0
59,/muneeb-mbytes/verilator/wiki/Arrays,Arrays · muneeb-mbytes/verilator Wiki · GitHub,1,1.0
60,/muneeb-mbytes/verilator/wiki/Installation-steps,Installation steps · muneeb-mbytes/verilator Wiki,1,1.0
61,/muneeb-mbytes/verilator/wiki/Introduction,Introduction · muneeb-mbytes/verilator Wiki · GitHub,1,1.0
62,/muneeb-mbytes/verilator/wiki/System-Verilog-Examples,System Verilog Examples · muneeb-mbytes/verilator Wiki,1,1.0
63,/muneeb-mbytes/verilator/wiki/Verilator-Windows-Installation-Procedure,Verilator Windows Installation Procedure · muneeb-mbytes/verilator Wiki,1,1.0
/muneeb-mbytes/verilator/wiki/Installing-Verilator-via-WSL,Installing Verilator via WSL · muneeb-mbytes/verilator Wiki · GitHub,7,6,
/muneeb-mbytes/verilator,muneeb-mbytes/verilator: Verilator open-source SystemVerilog simulator and li...,4,4,
/muneeb-mbytes/verilator/wiki,Home · muneeb-mbytes/verilator Wiki,2,2,
/muneeb-mbytes/verilator/wiki/Arrays,Arrays · muneeb-mbytes/verilator Wiki · GitHub,1,1,
/muneeb-mbytes/verilator/wiki/Installation-steps,Installation steps · muneeb-mbytes/verilator Wiki,1,1,
/muneeb-mbytes/verilator/wiki/Introduction,Introduction · muneeb-mbytes/verilator Wiki · GitHub,1,1,
/muneeb-mbytes/verilator/wiki/System-Verilog-Examples,System Verilog Examples · muneeb-mbytes/verilator Wiki,1,1,
/muneeb-mbytes/verilator/wiki/Verilator-Windows-Installation-Procedure,Verilator Windows Installation Procedure · muneeb-mbytes/verilator Wiki,1,1,
0,/muneeb-mbytes/verilator/wiki/Installing-Verilator-via-WSL,Installing Verilator via WSL · muneeb-mbytes/verilator Wiki · GitHub,7,6.0
1,/muneeb-mbytes/verilator,muneeb-mbytes/verilator: Verilator open-source SystemVerilog simulator and li...,4,4.0
2,/muneeb-mbytes/verilator/wiki,Home · muneeb-mbytes/verilator Wiki,2,2.0
3,/muneeb-mbytes/verilator/wiki/Arrays,Arrays · muneeb-mbytes/verilator Wiki · GitHub,1,1.0
4,/muneeb-mbytes/verilator/wiki/Installation-steps,Installation steps · muneeb-mbytes/verilator Wiki,1,1.0
5,/muneeb-mbytes/verilator/wiki/Introduction,Introduction · muneeb-mbytes/verilator Wiki · GitHub,1,1.0
6,/muneeb-mbytes/verilator/wiki/System-Verilog-Examples,System Verilog Examples · muneeb-mbytes/verilator Wiki,1,1.0
7,/muneeb-mbytes/verilator/wiki/Verilator-Windows-Installation-Procedure,Verilator Windows Installation Procedure · muneeb-mbytes/verilator Wiki,1,1.0
8,/muneeb-mbytes/verilator/wiki/Installing-Verilator-via-WSL,Installing Verilator via WSL · muneeb-mbytes/verilator Wiki · GitHub,7,6.0
9,/muneeb-mbytes/verilator,muneeb-mbytes/verilator: Verilator open-source SystemVerilog simulator and li...,4,4.0
10,/muneeb-mbytes/verilator/wiki,Home · muneeb-mbytes/verilator Wiki,2,2.0
11,/muneeb-mbytes/verilator/wiki/Arrays,Arrays · muneeb-mbytes/verilator Wiki · GitHub,1,1.0
12,/muneeb-mbytes/verilator/wiki/Installation-steps,Installation steps · muneeb-mbytes/verilator Wiki,1,1.0
13,/muneeb-mbytes/verilator/wiki/Introduction,Introduction · muneeb-mbytes/verilator Wiki · GitHub,1,1.0
14,/muneeb-mbytes/verilator/wiki/System-Verilog-Examples,System Verilog Examples · muneeb-mbytes/verilator Wiki,1,1.0
15,/muneeb-mbytes/verilator/wiki/Verilator-Windows-Installation-Procedure,Verilator Windows Installation Procedure · muneeb-mbytes/verilator Wiki,1,1.0
16,/muneeb-mbytes/verilator/wiki/Installing-Verilator-via-WSL,Installing Verilator via WSL · muneeb-mbytes/verilator Wiki · GitHub,7,6.0
17,/muneeb-mbytes/verilator,muneeb-mbytes/verilator: Verilator open-source SystemVerilog simulator and li...,4,4.0
18,/muneeb-mbytes/verilator/wiki,Home · muneeb-mbytes/verilator Wiki,2,2.0
19,/muneeb-mbytes/verilator/wiki/Arrays,Arrays · muneeb-mbytes/verilator Wiki · GitHub,1,1.0
20,/muneeb-mbytes/verilator/wiki/Installation-steps,Installation steps · muneeb-mbytes/verilator Wiki,1,1.0
21,/muneeb-mbytes/verilator/wiki/Introduction,Introduction · muneeb-mbytes/verilator Wiki · GitHub,1,1.0
22,/muneeb-mbytes/verilator/wiki/System-Verilog-Examples,System Verilog Examples · muneeb-mbytes/verilator Wiki,1,1.0
23,/muneeb-mbytes/verilator/wiki/Verilator-Windows-Installation-Procedure,Verilator Windows Installation Procedure · muneeb-mbytes/verilator Wiki,1,1.0
24,/muneeb-mbytes/verilator/wiki/Installing-Verilator-via-WSL,Installing Verilator via WSL · muneeb-mbytes/verilator Wiki · GitHub,7,6.0
25,/muneeb-mbytes/verilator,muneeb-mbytes/verilator: Verilator open-source SystemVerilog simulator and li...,4,4.0
26,/muneeb-mbytes/verilator/wiki,Home · muneeb-mbytes/verilator Wiki,2,2.0
27,/muneeb-mbytes/verilator/wiki/Arrays,Arrays · muneeb-mbytes/verilator Wiki · GitHub,1,1.0
28,/muneeb-mbytes/verilator/wiki/Installation-steps,Installation steps · muneeb-mbytes/verilator Wiki,1,1.0
29,/muneeb-mbytes/verilator/wiki/Introduction,Introduction · muneeb-mbytes/verilator Wiki · GitHub,1,1.0
30,/muneeb-mbytes/verilator/wiki/System-Verilog-Examples,System Verilog Examples · muneeb-mbytes/verilator Wiki,1,1.0
31,/muneeb-mbytes/verilator/wiki/Verilator-Windows-Installation-Procedure,Verilator Windows Installation Procedure · muneeb-mbytes/verilator Wiki,1,1.0
32,/muneeb-mbytes/verilator/wiki/Installing-Verilator-via-WSL,Installing Verilator via WSL · muneeb-mbytes/verilator Wiki · GitHub,7,6.0
33,/muneeb-mbytes/verilator,muneeb-mbytes/verilator: Verilator open-source SystemVerilog simulator and li...,4,4.0
34,/muneeb-mbytes/verilator/wiki,Home · muneeb-mbytes/verilator Wiki,2,2.0
35,/muneeb-mbytes/verilator/wiki/Arrays,Arrays · muneeb-mbytes/verilator Wiki · GitHub,1,1.0
36,/muneeb-mbytes/verilator/wiki/Installation-steps,Installation steps · muneeb-mbytes/verilator Wiki,1,1.0
37,/muneeb-mbytes/verilator/wiki/Introduction,Introduction · muneeb-mbytes/verilator Wiki · GitHub,1,1.0
38,/muneeb-mbytes/verilator/wiki/System-Verilog-Examples,System Verilog Examples · muneeb-mbytes/verilator Wiki,1,1.0
39,/muneeb-mbytes/verilator/wiki/Verilator-Windows-Installation-Procedure,Verilator Windows Installation Procedure · muneeb-mbytes/verilator Wiki,1,1.0
40,/muneeb-mbytes/verilator/wiki/Installing-Verilator-via-WSL,Installing Verilator via WSL · muneeb-mbytes/verilator Wiki · GitHub,7,6.0
41,/muneeb-mbytes/verilator,muneeb-mbytes/verilator: Verilator open-source SystemVerilog simulator and li...,4,4.0
42,/muneeb-mbytes/verilator/wiki,Home · muneeb-mbytes/verilator Wiki,2,2.0
43,/muneeb-mbytes/verilator/wiki/Arrays,Arrays · muneeb-mbytes/verilator Wiki · GitHub,1,1.0
44,/muneeb-mbytes/verilator/wiki/Installation-steps,Installation steps · muneeb-mbytes/verilator Wiki,1,1.0
45,/muneeb-mbytes/verilator/wiki/Introduction,Introduction · muneeb-mbytes/verilator Wiki · GitHub,1,1.0
46,/muneeb-mbytes/verilator/wiki/System-Verilog-Examples,System Verilog Examples · muneeb-mbytes/verilator Wiki,1,1.0
47,/muneeb-mbytes/verilator/wiki/Verilator-Windows-Installation-Procedure,Verilator Windows Installation Procedure · muneeb-mbytes/verilator Wiki,1,1.0
48,/muneeb-mbytes/verilator/wiki/Installing-Verilator-via-WSL,Installing Verilator via WSL · muneeb-mbytes/verilator Wiki · GitHub,7,6.0
49,/muneeb-mbytes/verilator,muneeb-mbytes/verilator: Verilator open-source SystemVerilog simulator and li...,4,4.0
50,/muneeb-mbytes/verilator/wiki,Home · muneeb-mbytes/verilator Wiki,2,2.0
51,/muneeb-mbytes/verilator/wiki/Arrays,Arrays · muneeb-mbytes/verilator Wiki · GitHub,1,1.0
52,/muneeb-mbytes/verilator/wiki/Installation-steps,Installation steps · muneeb-mbytes/verilator Wiki,1,1.0
53,/muneeb-mbytes/verilator/wiki/Introduction,Introduction · muneeb-mbytes/verilator Wiki · GitHub,1,1.0
54,/muneeb-mbytes/verilator/wiki/System-Verilog-Examples,System Verilog Examples · muneeb-mbytes/verilator Wiki,1,1.0
55,/muneeb-mbytes/verilator/wiki/Verilator-Windows-Installation-Procedure,Verilator Windows Installation Procedure · muneeb-mbytes/verilator Wiki,1,1.0
56,/muneeb-mbytes/verilator/wiki/Installing-Verilator-via-WSL,Installing Verilator via WSL · muneeb-mbytes/verilator Wiki · GitHub,7,6.0
57,/muneeb-mbytes/verilator,muneeb-mbytes/verilator: Verilator open-source SystemVerilog simulator and li...,4,4.0
58,/muneeb-mbytes/verilator/wiki,Home · muneeb-mbytes/verilator Wiki,2,2.0
59,/muneeb-mbytes/verilator/wiki/Arrays,Arrays · muneeb-mbytes/verilator Wiki · GitHub,1,1.0
60,/muneeb-mbytes/verilator/wiki/Installation-steps,Installation steps · muneeb-mbytes/verilator Wiki,1,1.0
61,/muneeb-mbytes/verilator/wiki/Introduction,Introduction · muneeb-mbytes/verilator Wiki · GitHub,1,1.0
62,/muneeb-mbytes/verilator/wiki/System-Verilog-Examples,System Verilog Examples · muneeb-mbytes/verilator Wiki,1,1.0
63,/muneeb-mbytes/verilator/wiki/Verilator-Windows-Installation-Procedure,Verilator Windows Installation Procedure · muneeb-mbytes/verilator Wiki,1,1.0
/muneeb-mbytes/verilator/wiki/Installing-Verilator-via-WSL,Installing Verilator via WSL · muneeb-mbytes/verilator Wiki · GitHub,7,6,
/muneeb-mbytes/verilator,muneeb-mbytes/verilator: Verilator open-source SystemVerilog simulator and li...,4,4,
/muneeb-mbytes/verilator/wiki,Home · muneeb-mbytes/verilator Wiki,2,2,
/muneeb-mbytes/verilator/wiki/Arrays,Arrays · muneeb-mbytes/verilator Wiki · GitHub,1,1,
/muneeb-mbytes/verilator/wiki/Installation-steps,Installation steps · muneeb-mbytes/verilator Wiki,1,1,
/muneeb-mbytes/verilator/wiki/Introduction,Introduction · muneeb-mbytes/verilator Wiki · GitHub,1,1,
/muneeb-mbytes/verilator/wiki/System-Verilog-Examples,System Verilog Examples · muneeb-mbytes/verilator Wiki,1,1,
/muneeb-mbytes/verilator/wiki/Verilator-Windows-Installation-Procedure,Verilator Windows Installation Procedure · muneeb-mbytes/verilator Wiki,1,1,
0,/muneeb-mbytes/verilator/wiki/Installing-Verilator-via-WSL,Installing Verilator via WSL · muneeb-mbytes/verilator Wiki · GitHub,7,6.0
1,/muneeb-mbytes/verilator,muneeb-mbytes/verilator: Verilator open-source SystemVerilog simulator and li...,4,4.0
2,/muneeb-mbytes/verilator/wiki,Home · muneeb-mbytes/verilator Wiki,2,2.0
3,/muneeb-mbytes/verilator/wiki/Arrays,Arrays · muneeb-mbytes/verilator Wiki · GitHub,1,1.0
4,/muneeb-mbytes/verilator/wiki/Installation-steps,Installation steps · muneeb-mbytes/verilator Wiki,1,1.0
5,/muneeb-mbytes/verilator/wiki/Introduction,Introduction · muneeb-mbytes/verilator Wiki · GitHub,1,1.0
6,/muneeb-mbytes/verilator/wiki/System-Verilog-Examples,System Verilog Examples · muneeb-mbytes/verilator Wiki,1,1.0
7,/muneeb-mbytes/verilator/wiki/Verilator-Windows-Installation-Procedure,Verilator Windows Installation Procedure · muneeb-mbytes/verilator Wiki,1,1.0
8,/muneeb-mbytes/verilator/wiki/Installing-Verilator-via-WSL,Installing Verilator via WSL · muneeb-mbytes/verilator Wiki · GitHub,7,6.0
9,/muneeb-mbytes/verilator,muneeb-mbytes/verilator: Verilator open-source SystemVerilog simulator and li...,4,4.0
10,/muneeb-mbytes/verilator/wiki,Home · muneeb-mbytes/verilator Wiki,2,2.0
11,/muneeb-mbytes/verilator/wiki/Arrays,Arrays · muneeb-mbytes/verilator Wiki · GitHub,1,1.0
12,/muneeb-mbytes/verilator/wiki/Installation-steps,Installation steps · muneeb-mbytes/verilator Wiki,1,1.0
13,/muneeb-mbytes/verilator/wiki/Introduction,Introduction · muneeb-mbytes/verilator Wiki · GitHub,1,1.0
14,/muneeb-mbytes/verilator/wiki/System-Verilog-Examples,System Verilog Examples · muneeb-mbytes/verilator Wiki,1,1.0
15,/muneeb-mbytes/verilator/wiki/Verilator-Windows-Installation-Procedure,Verilator Windows Installation Procedure · muneeb-mbytes/verilator Wiki,1,1.0
16,/muneeb-mbytes/verilator/wiki/Installing-Verilator-via-WSL,Installing Verilator via WSL · muneeb-mbytes/verilator Wiki · GitHub,7,6.0
17,/muneeb-mbytes/verilator,muneeb-mbytes/verilator: Verilator open-source SystemVerilog simulator and li...,4,4.0
18,/muneeb-mbytes/verilator/wiki,Home · muneeb-mbytes/verilator Wiki,2,2.0
19,/muneeb-mbytes/verilator/wiki/Arrays,Arrays · muneeb-mbytes/verilator Wiki · GitHub,1,1.0
20,/muneeb-mbytes/verilator/wiki/Installation-steps,Installation steps · muneeb-mbytes/verilator Wiki,1,1.0
21,/muneeb-mbytes/verilator/wiki/Introduction,Introduction · muneeb-mbytes/verilator Wiki · GitHub,1,1.0
22,/muneeb-mbytes/verilator/wiki/System-Verilog-Examples,System Verilog Examples · muneeb-mbytes/verilator Wiki,1,1.0
23,/muneeb-mbytes/verilator/wiki/Verilator-Windows-Installation-Procedure,Verilator Windows Installation Procedure · muneeb-mbytes/verilator Wiki,1,1.0
24,/muneeb-mbytes/verilator/wiki/Installing-Verilator-via-WSL,Installing Verilator via WSL · muneeb-mbytes/verilator Wiki · GitHub,7,6.0
25,/muneeb-mbytes/verilator,muneeb-mbytes/verilator: Verilator open-source SystemVerilog simulator and li...,4,4.0
26,/muneeb-mbytes/verilator/wiki,Home · muneeb-mbytes/verilator Wiki,2,2.0
27,/muneeb-mbytes/verilator/wiki/Arrays,Arrays · muneeb-mbytes/verilator Wiki · GitHub,1,1.0
28,/muneeb-mbytes/verilator/wiki/Installation-steps,Installation steps · muneeb-mbytes/verilator Wiki,1,1.0
29,/muneeb-mbytes/verilator/wiki/Introduction,Introduction · muneeb-mbytes/verilator Wiki · GitHub,1,1.0
30,/muneeb-mbytes/verilator/wiki/System-Verilog-Examples,System Verilog Examples · muneeb-mbytes/verilator Wiki,1,1.0
31,/muneeb-mbytes/verilator/wiki/Verilator-Windows-Installation-Procedure,Verilator Windows Installation Procedure · muneeb-mbytes/verilator Wiki,1,1.0
32,/muneeb-mbytes/verilator/wiki/Installing-Verilator-via-WSL,Installing Verilator via WSL · muneeb-mbytes/verilator Wiki · GitHub,7,6.0
33,/muneeb-mbytes/verilator,muneeb-mbytes/verilator: Verilator open-source SystemVerilog simulator and li...,4,4.0
34,/muneeb-mbytes/verilator/wiki,Home · muneeb-mbytes/verilator Wiki,2,2.0
35,/muneeb-mbytes/verilator/wiki/Arrays,Arrays · muneeb-mbytes/verilator Wiki · GitHub,1,1.0
36,/muneeb-mbytes/verilator/wiki/Installation-steps,Installation steps · muneeb-mbytes/verilator Wiki,1,1.0
37,/muneeb-mbytes/verilator/wiki/Introduction,Introduction · muneeb-mbytes/verilator Wiki · GitHub,1,1.0
38,/muneeb-mbytes/verilator/wiki/System-Verilog-Examples,System Verilog Examples · muneeb-mbytes/verilator Wiki,1,1.0
39,/muneeb-mbytes/verilator/wiki/Verilator-Windows-Installation-Procedure,Verilator Windows Installation Procedure · muneeb-mbytes/verilator Wiki,1,1.0
40,/muneeb-mbytes/verilator/wiki/Installing-Verilator-via-WSL,Installing Verilator via WSL · muneeb-mbytes/verilator Wiki · GitHub,7,6.0
41,/muneeb-mbytes/verilator,muneeb-mbytes/verilator: Verilator open-source SystemVerilog simulator and li...,4,4.0
42,/muneeb-mbytes/verilator/wiki,Home · muneeb-mbytes/verilator Wiki,2,2.0
43,/muneeb-mbytes/verilator/wiki/Arrays,Arrays · muneeb-mbytes/verilator Wiki · GitHub,1,1.0
44,/muneeb-mbytes/verilator/wiki/Installation-steps,Installation steps · muneeb-mbytes/verilator Wiki,1,1.0
45,/muneeb-mbytes/verilator/wiki/Introduction,Introduction · muneeb-mbytes/verilator Wiki · GitHub,1,1.0
46,/muneeb-mbytes/verilator/wiki/System-Verilog-Examples,System Verilog Examples · muneeb-mbytes/verilator Wiki,1,1.0
47,/muneeb-mbytes/verilator/wiki/Verilator-Windows-Installation-Procedure,Verilator Windows Installation Procedure · muneeb-mbytes/verilator Wiki,1,1.0
48,/muneeb-mbytes/verilator/wiki/Installing-Verilator-via-WSL,Installing Verilator via WSL · muneeb-mbytes/verilator Wiki · GitHub,7,6.0
49,/muneeb-mbytes/verilator,muneeb-mbytes/verilator: Verilator open-source SystemVerilog simulator and li...,4,4.0
50,/muneeb-mbytes/verilator/wiki,Home · muneeb-mbytes/verilator Wiki,2,2.0
51,/muneeb-mbytes/verilator/wiki/Arrays,Arrays · muneeb-mbytes/verilator Wiki · GitHub,1,1.0
52,/muneeb-mbytes/verilator/wiki/Installation-steps,Installation steps · muneeb-mbytes/verilator Wiki,1,1.0
53,/muneeb-mbytes/verilator/wiki/Introduction,Introduction · muneeb-mbytes/verilator Wiki · GitHub,1,1.0
54,/muneeb-mbytes/verilator/wiki/System-Verilog-Examples,System Verilog Examples · muneeb-mbytes/verilator Wiki,1,1.0
55,/muneeb-mbytes/verilator/wiki/Verilator-Windows-Installation-Procedure,Verilator Windows Installation Procedure · muneeb-mbytes/verilator Wiki,1,1.0
56,/muneeb-mbytes/verilator/wiki/Installing-Verilator-via-WSL,Installing Verilator via WSL · muneeb-mbytes/verilator Wiki · GitHub,7,6.0
57,/muneeb-mbytes/verilator,muneeb-mbytes/verilator: Verilator open-source SystemVerilog simulator and li...,4,4.0
58,/muneeb-mbytes/verilator/wiki,Home · muneeb-mbytes/verilator Wiki,2,2.0
59,/muneeb-mbytes/verilator/wiki/Arrays,Arrays · muneeb-mbytes/verilator Wiki · GitHub,1,1.0
60,/muneeb-mbytes/verilator/wiki/Installation-steps,Installation steps · muneeb-mbytes/verilator Wiki,1,1.0
61,/muneeb-mbytes/verilator/wiki/Introduction,Introduction · muneeb-mbytes/verilator Wiki · GitHub,1,1.0
62,/muneeb-mbytes/verilator/wiki/System-Verilog-Examples,System Verilog Examples · muneeb-mbytes/verilator Wiki,1,1.0
63,/muneeb-mbytes/verilator/wiki/Verilator-Windows-Installation-Procedure,Verilator Windows Installation Procedure · muneeb-mbytes/verilator Wiki,1,1.0
/muneeb-mbytes/verilator/wiki/Installing-Verilator-via-WSL,Installing Verilator via WSL · muneeb-mbytes/verilator Wiki · GitHub,7,6,
/muneeb-mbytes/verilator,muneeb-mbytes/verilator: Verilator open-source SystemVerilog simulator and li...,4,4,
/muneeb-mbytes/verilator/wiki,Home · muneeb-mbytes/verilator Wiki,2,2,
/muneeb-mbytes/verilator/wiki/Arrays,Arrays · muneeb-mbytes/verilator Wiki · GitHub,1,1,
/muneeb-mbytes/verilator/wiki/Installation-steps,Installation steps · muneeb-mbytes/verilator Wiki,1,1,
/muneeb-mbytes/verilator/wiki/Introduction,Introduction · muneeb-mbytes/verilator Wiki · GitHub,1,1,
/muneeb-mbytes/verilator/wiki/System-Verilog-Examples,System Verilog Examples · muneeb-mbytes/verilator Wiki,1,1,
/muneeb-mbytes/verilator/wiki/Verilator-Windows-Installation-Procedure,Verilator Windows Installation Procedure · muneeb-mbytes/verilator Wiki,1,1,
0,/muneeb-mbytes/verilator/wiki/Installing-Verilator-via-WSL,Installing Verilator via WSL · muneeb-mbytes/verilator Wiki · GitHub,7,6.0
1,/muneeb-mbytes/verilator,muneeb-mbytes/verilator: Verilator open-source SystemVerilog simulator and li...,4,4.0
2,/muneeb-mbytes/verilator/wiki,Home · muneeb-mbytes/verilator Wiki,2,2.0
3,/muneeb-mbytes/verilator/wiki/Arrays,Arrays · muneeb-mbytes/verilator Wiki · GitHub,1,1.0
4,/muneeb-mbytes/verilator/wiki/Installation-steps,Installation steps · muneeb-mbytes/verilator Wiki,1,1.0
5,/muneeb-mbytes/verilator/wiki/Introduction,Introduction · muneeb-mbytes/verilator Wiki · GitHub,1,1.0
6,/muneeb-mbytes/verilator/wiki/System-Verilog-Examples,System Verilog Examples · muneeb-mbytes/verilator Wiki,1,1.0
7,/muneeb-mbytes/verilator/wiki/Verilator-Windows-Installation-Procedure,Verilator Windows Installation Procedure · muneeb-mbytes/verilator Wiki,1,1.0
8,/muneeb-mbytes/verilator/wiki/Installing-Verilator-via-WSL,Installing Verilator via WSL · muneeb-mbytes/verilator Wiki · GitHub,7,6.0
9,/muneeb-mbytes/verilator,muneeb-mbytes/verilator: Verilator open-source SystemVerilog simulator and li...,4,4.0
10,/muneeb-mbytes/verilator/wiki,Home · muneeb-mbytes/verilator Wiki,2,2.0
11,/muneeb-mbytes/verilator/wiki/Arrays,Arrays · muneeb-mbytes/verilator Wiki · GitHub,1,1.0
12,/muneeb-mbytes/verilator/wiki/Installation-steps,Installation steps · muneeb-mbytes/verilator Wiki,1,1.0
13,/muneeb-mbytes/verilator/wiki/Introduction,Introduction · muneeb-mbytes/verilator Wiki · GitHub,1,1.0
14,/muneeb-mbytes/verilator/wiki/System-Verilog-Examples,System Verilog Examples · muneeb-mbytes/verilator Wiki,1,1.0
15,/muneeb-mbytes/verilator/wiki/Verilator-Windows-Installation-Procedure,Verilator Windows Installation Procedure · muneeb-mbytes/verilator Wiki,1,1.0
16,/muneeb-mbytes/verilator/wiki/Installing-Verilator-via-WSL,Installing Verilator via WSL · muneeb-mbytes/verilator Wiki · GitHub,7,6.0
17,/muneeb-mbytes/verilator,muneeb-mbytes/verilator: Verilator open-source SystemVerilog simulator and li...,4,4.0
18,/muneeb-mbytes/verilator/wiki,Home · muneeb-mbytes/verilator Wiki,2,2.0
19,/muneeb-mbytes/verilator/wiki/Arrays,Arrays · muneeb-mbytes/verilator Wiki · GitHub,1,1.0
20,/muneeb-mbytes/verilator/wiki/Installation-steps,Installation steps · muneeb-mbytes/verilator Wiki,1,1.0
21,/muneeb-mbytes/verilator/wiki/Introduction,Introduction · muneeb-mbytes/verilator Wiki · GitHub,1,1.0
22,/muneeb-mbytes/verilator/wiki/System-Verilog-Examples,System Verilog Examples · muneeb-mbytes/verilator Wiki,1,1.0
23,/muneeb-mbytes/verilator/wiki/Verilator-Windows-Installation-Procedure,Verilator Windows Installation Procedure · muneeb-mbytes/verilator Wiki,1,1.0
24,/muneeb-mbytes/verilator/wiki/Installing-Verilator-via-WSL,Installing Verilator via WSL · muneeb-mbytes/verilator Wiki · GitHub,7,6.0
25,/muneeb-mbytes/verilator,muneeb-mbytes/verilator: Verilator open-source SystemVerilog simulator and li...,4,4.0
26,/muneeb-mbytes/verilator/wiki,Home · muneeb-mbytes/verilator Wiki,2,2.0
27,/muneeb-mbytes/verilator/wiki/Arrays,Arrays · muneeb-mbytes/verilator Wiki · GitHub,1,1.0
28,/muneeb-mbytes/verilator/wiki/Installation-steps,Installation steps · muneeb-mbytes/verilator Wiki,1,1.0
29,/muneeb-mbytes/verilator/wiki/Introduction,Introduction · muneeb-mbytes/verilator Wiki · GitHub,1,1.0
30,/muneeb-mbytes/verilator/wiki/System-Verilog-Examples,System Verilog Examples · muneeb-mbytes/verilator Wiki,1,1.0
31,/muneeb-mbytes/verilator/wiki/Verilator-Windows-Installation-Procedure,Verilator Windows Installation Procedure · muneeb-mbytes/verilator Wiki,1,1.0
32,/muneeb-mbytes/verilator/wiki/Installing-Verilator-via-WSL,Installing Verilator via WSL · muneeb-mbytes/verilator Wiki · GitHub,7,6.0
33,/muneeb-mbytes/verilator,muneeb-mbytes/verilator: Verilator open-source SystemVerilog simulator and li...,4,4.0
34,/muneeb-mbytes/verilator/wiki,Home · muneeb-mbytes/verilator Wiki,2,2.0
35,/muneeb-mbytes/verilator/wiki/Arrays,Arrays · muneeb-mbytes/verilator Wiki · GitHub,1,1.0
36,/muneeb-mbytes/verilator/wiki/Installation-steps,Installation steps · muneeb-mbytes/verilator Wiki,1,1.0
37,/muneeb-mbytes/verilator/wiki/Introduction,Introduction · muneeb-mbytes/verilator Wiki · GitHub,1,1.0
38,/muneeb-mbytes/verilator/wiki/System-Verilog-Examples,System Verilog Examples · muneeb-mbytes/verilator Wiki,1,1.0
39,/muneeb-mbytes/verilator/wiki/Verilator-Windows-Installation-Procedure,Verilator Windows Installation Procedure · muneeb-mbytes/verilator Wiki,1,1.0
40,/muneeb-mbytes/verilator/wiki/Installing-Verilator-via-WSL,Installing Verilator via WSL · muneeb-mbytes/verilator Wiki · GitHub,7,6.0
41,/muneeb-mbytes/verilator,muneeb-mbytes/verilator: Verilator open-source SystemVerilog simulator and li...,4,4.0
42,/muneeb-mbytes/verilator/wiki,Home · muneeb-mbytes/verilator Wiki,2,2.0
43,/muneeb-mbytes/verilator/wiki/Arrays,Arrays · muneeb-mbytes/verilator Wiki · GitHub,1,1.0
44,/muneeb-mbytes/verilator/wiki/Installation-steps,Installation steps · muneeb-mbytes/verilator Wiki,1,1.0
45,/muneeb-mbytes/verilator/wiki/Introduction,Introduction · muneeb-mbytes/verilator Wiki · GitHub,1,1.0
46,/muneeb-mbytes/verilator/wiki/System-Verilog-Examples,System Verilog Examples · muneeb-mbytes/verilator Wiki,1,1.0
47,/muneeb-mbytes/verilator/wiki/Verilator-Windows-Installation-Procedure,Verilator Windows Installation Procedure · muneeb-mbytes/verilator Wiki,1,1.0
48,/muneeb-mbytes/verilator/wiki/Installing-Verilator-via-WSL,Installing Verilator via WSL · muneeb-mbytes/verilator Wiki · GitHub,7,6.0
49,/muneeb-mbytes/verilator,muneeb-mbytes/verilator: Verilator open-source SystemVerilog simulator and li...,4,4.0
50,/muneeb-mbytes/verilator/wiki,Home · muneeb-mbytes/verilator Wiki,2,2.0
51,/muneeb-mbytes/verilator/wiki/Arrays,Arrays · muneeb-mbytes/verilator Wiki · GitHub,1,1.0
52,/muneeb-mbytes/verilator/wiki/Installation-steps,Installation steps · muneeb-mbytes/verilator Wiki,1,1.0
53,/muneeb-mbytes/verilator/wiki/Introduction,Introduction · muneeb-mbytes/verilator Wiki · GitHub,1,1.0
54,/muneeb-mbytes/verilator/wiki/System-Verilog-Examples,System Verilog Examples · muneeb-mbytes/verilator Wiki,1,1.0
55,/muneeb-mbytes/verilator/wiki/Verilator-Windows-Installation-Procedure,Verilator Windows Installation Procedure · muneeb-mbytes/verilator Wiki,1,1.0
56,/muneeb-mbytes/verilator/wiki/Installing-Verilator-via-WSL,Installing Verilator via WSL · muneeb-mbytes/verilator Wiki · GitHub,7,6.0
57,/muneeb-mbytes/verilator,muneeb-mbytes/verilator: Verilator open-source SystemVerilog simulator and li...,4,4.0
58,/muneeb-mbytes/verilator/wiki,Home · muneeb-mbytes/verilator Wiki,2,2.0
59,/muneeb-mbytes/verilator/wiki/Arrays,Arrays · muneeb-mbytes/verilator Wiki · GitHub,1,1.0
60,/muneeb-mbytes/verilator/wiki/Installation-steps,Installation steps · muneeb-mbytes/verilator Wiki,1,1.0
61,/muneeb-mbytes/verilator/wiki/Introduction,Introduction · muneeb-mbytes/verilator Wiki · GitHub,1,1.0
62,/muneeb-mbytes/verilator/wiki/System-Verilog-Examples,System Verilog Examples · muneeb-mbytes/verilator Wiki,1,1.0
63,/muneeb-mbytes/verilator/wiki/Verilator-Windows-Installation-Procedure,Verilator Windows Installation Procedure · muneeb-mbytes/verilator Wiki,1,1.0
/muneeb-mbytes/verilator/wiki/Installing-Verilator-via-WSL,Installing Verilator via WSL · muneeb-mbytes/verilator Wiki · GitHub,7,6,
/muneeb-mbytes/verilator,muneeb-mbytes/verilator: Verilator open-source SystemVerilog simulator and li...,4,4,
/muneeb-mbytes/verilator/wiki,Home · muneeb-mbytes/verilator Wiki,2,2,
/muneeb-mbytes/verilator/wiki/Arrays,Arrays · muneeb-mbytes/verilator Wiki · GitHub,1,1,
/muneeb-mbytes/verilator/wiki/Installation-steps,Installation steps · muneeb-mbytes/verilator Wiki,1,1,
/muneeb-mbytes/verilator/wiki/Introduction,Introduction · muneeb-mbytes/verilator Wiki · GitHub,1,1,
/muneeb-mbytes/verilator/wiki/System-Verilog-Examples,System Verilog Examples · muneeb-mbytes/verilator Wiki,1,1,
/muneeb-mbytes/verilator/wiki/Verilator-Windows-Installation-Procedure,Verilator Windows Installation Procedure · muneeb-mbytes/verilator Wiki,1,1,
0,/muneeb-mbytes/verilator/wiki/Installing-Verilator-via-WSL,Installing Verilator via WSL · muneeb-mbytes/verilator Wiki · GitHub,7,6.0
1,/muneeb-mbytes/verilator,muneeb-mbytes/verilator: Verilator open-source SystemVerilog simulator and li...,4,4.0
2,/muneeb-mbytes/verilator/wiki,Home · muneeb-mbytes/verilator Wiki,2,2.0
3,/muneeb-mbytes/verilator/wiki/Arrays,Arrays · muneeb-mbytes/verilator Wiki · GitHub,1,1.0
4,/muneeb-mbytes/verilator/wiki/Installation-steps,Installation steps · muneeb-mbytes/verilator Wiki,1,1.0
5,/muneeb-mbytes/verilator/wiki/Introduction,Introduction · muneeb-mbytes/verilator Wiki · GitHub,1,1.0
6,/muneeb-mbytes/verilator/wiki/System-Verilog-Examples,System Verilog Examples · muneeb-mbytes/verilator Wiki,1,1.0
7,/muneeb-mbytes/verilator/wiki/Verilator-Windows-Installation-Procedure,Verilator Windows Installation Procedure · muneeb-mbytes/verilator Wiki,1,1.0
8,/muneeb-mbytes/verilator/wiki/Installing-Verilator-via-WSL,Installing Verilator via WSL · muneeb-mbytes/verilator Wiki · GitHub,7,6.0
9,/muneeb-mbytes/verilator,muneeb-mbytes/verilator: Verilator open-source SystemVerilog simulator and li...,4,4.0
10,/muneeb-mbytes/verilator/wiki,Home · muneeb-mbytes/verilator Wiki,2,2.0
11,/muneeb-mbytes/verilator/wiki/Arrays,Arrays · muneeb-mbytes/verilator Wiki · GitHub,1,1.0
12,/muneeb-mbytes/verilator/wiki/Installation-steps,Installation steps · muneeb-mbytes/verilator Wiki,1,1.0
13,/muneeb-mbytes/verilator/wiki/Introduction,Introduction · muneeb-mbytes/verilator Wiki · GitHub,1,1.0
14,/muneeb-mbytes/verilator/wiki/System-Verilog-Examples,System Verilog Examples · muneeb-mbytes/verilator Wiki,1,1.0
15,/muneeb-mbytes/verilator/wiki/Verilator-Windows-Installation-Procedure,Verilator Windows Installation Procedure · muneeb-mbytes/verilator Wiki,1,1.0
16,/muneeb-mbytes/verilator/wiki/Installing-Verilator-via-WSL,Installing Verilator via WSL · muneeb-mbytes/verilator Wiki · GitHub,7,6.0
17,/muneeb-mbytes/verilator,muneeb-mbytes/verilator: Verilator open-source SystemVerilog simulator and li...,4,4.0
18,/muneeb-mbytes/verilator/wiki,Home · muneeb-mbytes/verilator Wiki,2,2.0
19,/muneeb-mbytes/verilator/wiki/Arrays,Arrays · muneeb-mbytes/verilator Wiki · GitHub,1,1.0
20,/muneeb-mbytes/verilator/wiki/Installation-steps,Installation steps · muneeb-mbytes/verilator Wiki,1,1.0
21,/muneeb-mbytes/verilator/wiki/Introduction,Introduction · muneeb-mbytes/verilator Wiki · GitHub,1,1.0
22,/muneeb-mbytes/verilator/wiki/System-Verilog-Examples,System Verilog Examples · muneeb-mbytes/verilator Wiki,1,1.0
23,/muneeb-mbytes/verilator/wiki/Verilator-Windows-Installation-Procedure,Verilator Windows Installation Procedure · muneeb-mbytes/verilator Wiki,1,1.0
24,/muneeb-mbytes/verilator/wiki/Installing-Verilator-via-WSL,Installing Verilator via WSL · muneeb-mbytes/verilator Wiki · GitHub,7,6.0
25,/muneeb-mbytes/verilator,muneeb-mbytes/verilator: Verilator open-source SystemVerilog simulator and li...,4,4.0
26,/muneeb-mbytes/verilator/wiki,Home · muneeb-mbytes/verilator Wiki,2,2.0
27,/muneeb-mbytes/verilator/wiki/Arrays,Arrays · muneeb-mbytes/verilator Wiki · GitHub,1,1.0
28,/muneeb-mbytes/verilator/wiki/Installation-steps,Installation steps · muneeb-mbytes/verilator Wiki,1,1.0
29,/muneeb-mbytes/verilator/wiki/Introduction,Introduction · muneeb-mbytes/verilator Wiki · GitHub,1,1.0
30,/muneeb-mbytes/verilator/wiki/System-Verilog-Examples,System Verilog Examples · muneeb-mbytes/verilator Wiki,1,1.0
31,/muneeb-mbytes/verilator/wiki/Verilator-Windows-Installation-Procedure,Verilator Windows Installation Procedure · muneeb-mbytes/verilator Wiki,1,1.0
32,/muneeb-mbytes/verilator/wiki/Installing-Verilator-via-WSL,Installing Verilator via WSL · muneeb-mbytes/verilator Wiki · GitHub,7,6.0
33,/muneeb-mbytes/verilator,muneeb-mbytes/verilator: Verilator open-source SystemVerilog simulator and li...,4,4.0
34,/muneeb-mbytes/verilator/wiki,Home · muneeb-mbytes/verilator Wiki,2,2.0
35,/muneeb-mbytes/verilator/wiki/Arrays,Arrays · muneeb-mbytes/verilator Wiki · GitHub,1,1.0
36,/muneeb-mbytes/verilator/wiki/Installation-steps,Installation steps · muneeb-mbytes/verilator Wiki,1,1.0
37,/muneeb-mbytes/verilator/wiki/Introduction,Introduction · muneeb-mbytes/verilator Wiki · GitHub,1,1.0
38,/muneeb-mbytes/verilator/wiki/System-Verilog-Examples,System Verilog Examples · muneeb-mbytes/verilator Wiki,1,1.0
39,/muneeb-mbytes/verilator/wiki/Verilator-Windows-Installation-Procedure,Verilator Windows Installation Procedure · muneeb-mbytes/verilator Wiki,1,1.0
40,/muneeb-mbytes/verilator/wiki/Installing-Verilator-via-WSL,Installing Verilator via WSL · muneeb-mbytes/verilator Wiki · GitHub,7,6.0
41,/muneeb-mbytes/verilator,muneeb-mbytes/verilator: Verilator open-source SystemVerilog simulator and li...,4,4.0
42,/muneeb-mbytes/verilator/wiki,Home · muneeb-mbytes/verilator Wiki,2,2.0
43,/muneeb-mbytes/verilator/wiki/Arrays,Arrays · muneeb-mbytes/verilator Wiki · GitHub,1,1.0
44,/muneeb-mbytes/verilator/wiki/Installation-steps,Installation steps · muneeb-mbytes/verilator Wiki,1,1.0
45,/muneeb-mbytes/verilator/wiki/Introduction,Introduction · muneeb-mbytes/verilator Wiki · GitHub,1,1.0
46,/muneeb-mbytes/verilator/wiki/System-Verilog-Examples,System Verilog Examples · muneeb-mbytes/verilator Wiki,1,1.0
47,/muneeb-mbytes/verilator/wiki/Verilator-Windows-Installation-Procedure,Verilator Windows Installation Procedure · muneeb-mbytes/verilator Wiki,1,1.0
48,/muneeb-mbytes/verilator/wiki/Installing-Verilator-via-WSL,Installing Verilator via WSL · muneeb-mbytes/verilator Wiki · GitHub,7,6.0
49,/muneeb-mbytes/verilator,muneeb-mbytes/verilator: Verilator open-source SystemVerilog simulator and li...,4,4.0
50,/muneeb-mbytes/verilator/wiki,Home · muneeb-mbytes/verilator Wiki,2,2.0
51,/muneeb-mbytes/verilator/wiki/Arrays,Arrays · muneeb-mbytes/verilator Wiki · GitHub,1,1.0
52,/muneeb-mbytes/verilator/wiki/Installation-steps,Installation steps · muneeb-mbytes/verilator Wiki,1,1.0
53,/muneeb-mbytes/verilator/wiki/Introduction,Introduction · muneeb-mbytes/verilator Wiki · GitHub,1,1.0
54,/muneeb-mbytes/verilator/wiki/System-Verilog-Examples,System Verilog Examples · muneeb-mbytes/verilator Wiki,1,1.0
55,/muneeb-mbytes/verilator/wiki/Verilator-Windows-Installation-Procedure,Verilator Windows Installation Procedure · muneeb-mbytes/verilator Wiki,1,1.0
56,/muneeb-mbytes/verilator/wiki/Installing-Verilator-via-WSL,Installing Verilator via WSL · muneeb-mbytes/verilator Wiki · GitHub,7,6.0
57,/muneeb-mbytes/verilator,muneeb-mbytes/verilator: Verilator open-source SystemVerilog simulator and li...,4,4.0
58,/muneeb-mbytes/verilator/wiki,Home · muneeb-mbytes/verilator Wiki,2,2.0
59,/muneeb-mbytes/verilator/wiki/Arrays,Arrays · muneeb-mbytes/verilator Wiki · GitHub,1,1.0
60,/muneeb-mbytes/verilator/wiki/Installation-steps,Installation steps · muneeb-mbytes/verilator Wiki,1,1.0
61,/muneeb-mbytes/verilator/wiki/Introduction,Introduction · muneeb-mbytes/verilator Wiki · GitHub,1,1.0
62,/muneeb-mbytes/verilator/wiki/System-Verilog-Examples,System Verilog Examples · muneeb-mbytes/verilator Wiki,1,1.0
63,/muneeb-mbytes/verilator/wiki/Verilator-Windows-Installation-Procedure,Verilator Windows Installation Procedure · muneeb-mbytes/verilator Wiki,1,1.0
/muneeb-mbytes/verilator/wiki/Installing-Verilator-via-WSL,Installing Verilator via WSL · muneeb-mbytes/verilator Wiki · GitHub,7,6,
/muneeb-mbytes/verilator,muneeb-mbytes/verilator: Verilator open-source SystemVerilog simulator and li...,4,4,
/muneeb-mbytes/verilator/wiki,Home · muneeb-mbytes/verilator Wiki,2,2,
/muneeb-mbytes/verilator/wiki/Arrays,Arrays · muneeb-mbytes/verilator Wiki · GitHub,1,1,
/muneeb-mbytes/verilator/wiki/Installation-steps,Installation steps · muneeb-mbytes/verilator Wiki,1,1,
/muneeb-mbytes/verilator/wiki/Introduction,Introduction · muneeb-mbytes/verilator Wiki · GitHub,1,1,
/muneeb-mbytes/verilator/wiki/System-Verilog-Examples,System Verilog Examples · muneeb-mbytes/verilator Wiki,1,1,
/muneeb-mbytes/verilator/wiki/Verilator-Windows-Installation-Procedure,Verilator Windows Installation Procedure · muneeb-mbytes/verilator Wiki,1,1,
0,/muneeb-mbytes/verilator/wiki/Installing-Verilator-via-WSL,Installing Verilator via WSL · muneeb-mbytes/verilator Wiki · GitHub,7,6.0
1,/muneeb-mbytes/verilator,muneeb-mbytes/verilator: Verilator open-source SystemVerilog simulator and li...,4,4.0
2,/muneeb-mbytes/verilator/wiki,Home · muneeb-mbytes/verilator Wiki,2,2.0
3,/muneeb-mbytes/verilator/wiki/Arrays,Arrays · muneeb-mbytes/verilator Wiki · GitHub,1,1.0
4,/muneeb-mbytes/verilator/wiki/Installation-steps,Installation steps · muneeb-mbytes/verilator Wiki,1,1.0
5,/muneeb-mbytes/verilator/wiki/Introduction,Introduction · muneeb-mbytes/verilator Wiki · GitHub,1,1.0
6,/muneeb-mbytes/verilator/wiki/System-Verilog-Examples,System Verilog Examples · muneeb-mbytes/verilator Wiki,1,1.0
7,/muneeb-mbytes/verilator/wiki/Verilator-Windows-Installation-Procedure,Verilator Windows Installation Procedure · muneeb-mbytes/verilator Wiki,1,1.0
8,/muneeb-mbytes/verilator/wiki/Installing-Verilator-via-WSL,Installing Verilator via WSL · muneeb-mbytes/verilator Wiki · GitHub,7,6.0
9,/muneeb-mbytes/verilator,muneeb-mbytes/verilator: Verilator open-source SystemVerilog simulator and li...,4,4.0
10,/muneeb-mbytes/verilator/wiki,Home · muneeb-mbytes/verilator Wiki,2,2.0
11,/muneeb-mbytes/verilator/wiki/Arrays,Arrays · muneeb-mbytes/verilator Wiki · GitHub,1,1.0
12,/muneeb-mbytes/verilator/wiki/Installation-steps,Installation steps · muneeb-mbytes/verilator Wiki,1,1.0
13,/muneeb-mbytes/verilator/wiki/Introduction,Introduction · muneeb-mbytes/verilator Wiki · GitHub,1,1.0
14,/muneeb-mbytes/verilator/wiki/System-Verilog-Examples,System Verilog Examples · muneeb-mbytes/verilator Wiki,1,1.0
15,/muneeb-mbytes/verilator/wiki/Verilator-Windows-Installation-Procedure,Verilator Windows Installation Procedure · muneeb-mbytes/verilator Wiki,1,1.0
16,/muneeb-mbytes/verilator/wiki/Installing-Verilator-via-WSL,Installing Verilator via WSL · muneeb-mbytes/verilator Wiki · GitHub,7,6.0
17,/muneeb-mbytes/verilator,muneeb-mbytes/verilator: Verilator open-source SystemVerilog simulator and li...,4,4.0
18,/muneeb-mbytes/verilator/wiki,Home · muneeb-mbytes/verilator Wiki,2,2.0
19,/muneeb-mbytes/verilator/wiki/Arrays,Arrays · muneeb-mbytes/verilator Wiki · GitHub,1,1.0
20,/muneeb-mbytes/verilator/wiki/Installation-steps,Installation steps · muneeb-mbytes/verilator Wiki,1,1.0
21,/muneeb-mbytes/verilator/wiki/Introduction,Introduction · muneeb-mbytes/verilator Wiki · GitHub,1,1.0
22,/muneeb-mbytes/verilator/wiki/System-Verilog-Examples,System Verilog Examples · muneeb-mbytes/verilator Wiki,1,1.0
23,/muneeb-mbytes/verilator/wiki/Verilator-Windows-Installation-Procedure,Verilator Windows Installation Procedure · muneeb-mbytes/verilator Wiki,1,1.0
24,/muneeb-mbytes/verilator/wiki/Installing-Verilator-via-WSL,Installing Verilator via WSL · muneeb-mbytes/verilator Wiki · GitHub,7,6.0
25,/muneeb-mbytes/verilator,muneeb-mbytes/verilator: Verilator open-source SystemVerilog simulator and li...,4,4.0
26,/muneeb-mbytes/verilator/wiki,Home · muneeb-mbytes/verilator Wiki,2,2.0
27,/muneeb-mbytes/verilator/wiki/Arrays,Arrays · muneeb-mbytes/verilator Wiki · GitHub,1,1.0
28,/muneeb-mbytes/verilator/wiki/Installation-steps,Installation steps · muneeb-mbytes/verilator Wiki,1,1.0
29,/muneeb-mbytes/verilator/wiki/Introduction,Introduction · muneeb-mbytes/verilator Wiki · GitHub,1,1.0
30,/muneeb-mbytes/verilator/wiki/System-Verilog-Examples,System Verilog Examples · muneeb-mbytes/verilator Wiki,1,1.0
31,/muneeb-mbytes/verilator/wiki/Verilator-Windows-Installation-Procedure,Verilator Windows Installation Procedure · muneeb-mbytes/verilator Wiki,1,1.0
32,/muneeb-mbytes/verilator/wiki/Installing-Verilator-via-WSL,Installing Verilator via WSL · muneeb-mbytes/verilator Wiki · GitHub,7,6.0
33,/muneeb-mbytes/verilator,muneeb-mbytes/verilator: Verilator open-source SystemVerilog simulator and li...,4,4.0
34,/muneeb-mbytes/verilator/wiki,Home · muneeb-mbytes/verilator Wiki,2,2.0
35,/muneeb-mbytes/verilator/wiki/Arrays,Arrays · muneeb-mbytes/verilator Wiki · GitHub,1,1.0
36,/muneeb-mbytes/verilator/wiki/Installation-steps,Installation steps · muneeb-mbytes/verilator Wiki,1,1.0
37,/muneeb-mbytes/verilator/wiki/Introduction,Introduction · muneeb-mbytes/verilator Wiki · GitHub,1,1.0
38,/muneeb-mbytes/verilator/wiki/System-Verilog-Examples,System Verilog Examples · muneeb-mbytes/verilator Wiki,1,1.0
39,/muneeb-mbytes/verilator/wiki/Verilator-Windows-Installation-Procedure,Verilator Windows Installation Procedure · muneeb-mbytes/verilator Wiki,1,1.0
40,/muneeb-mbytes/verilator/wiki/Installing-Verilator-via-WSL,Installing Verilator via WSL · muneeb-mbytes/verilator Wiki · GitHub,7,6.0
41,/muneeb-mbytes/verilator,muneeb-mbytes/verilator: Verilator open-source SystemVerilog simulator and li...,4,4.0
42,/muneeb-mbytes/verilator/wiki,Home · muneeb-mbytes/verilator Wiki,2,2.0
43,/muneeb-mbytes/verilator/wiki/Arrays,Arrays · muneeb-mbytes/verilator Wiki · GitHub,1,1.0
44,/muneeb-mbytes/verilator/wiki/Installation-steps,Installation steps · muneeb-mbytes/verilator Wiki,1,1.0
45,/muneeb-mbytes/verilator/wiki/Introduction,Introduction · muneeb-mbytes/verilator Wiki · GitHub,1,1.0
46,/muneeb-mbytes/verilator/wiki/System-Verilog-Examples,System Verilog Examples · muneeb-mbytes/verilator Wiki,1,1.0
47,/muneeb-mbytes/verilator/wiki/Verilator-Windows-Installation-Procedure,Verilator Windows Installation Procedure · muneeb-mbytes/verilator Wiki,1,1.0
48,/muneeb-mbytes/verilator/wiki/Installing-Verilator-via-WSL,Installing Verilator via WSL · muneeb-mbytes/verilator Wiki · GitHub,7,6.0
49,/muneeb-mbytes/verilator,muneeb-mbytes/verilator: Verilator open-source SystemVerilog simulator and li...,4,4.0
50,/muneeb-mbytes/verilator/wiki,Home · muneeb-mbytes/verilator Wiki,2,2.0
51,/muneeb-mbytes/verilator/wiki/Arrays,Arrays · muneeb-mbytes/verilator Wiki · GitHub,1,1.0
52,/muneeb-mbytes/verilator/wiki/Installation-steps,Installation steps · muneeb-mbytes/verilator Wiki,1,1.0
53,/muneeb-mbytes/verilator/wiki/Introduction,Introduction · muneeb-mbytes/verilator Wiki · GitHub,1,1.0
54,/muneeb-mbytes/verilator/wiki/System-Verilog-Examples,System Verilog Examples · muneeb-mbytes/verilator Wiki,1,1.0
55,/muneeb-mbytes/verilator/wiki/Verilator-Windows-Installation-Procedure,Verilator Windows Installation Procedure · muneeb-mbytes/verilator Wiki,1,1.0
56,/muneeb-mbytes/verilator/wiki/Installing-Verilator-via-WSL,Installing Verilator via WSL · muneeb-mbytes/verilator Wiki · GitHub,7,6.0
57,/muneeb-mbytes/verilator,muneeb-mbytes/verilator: Verilator open-source SystemVerilog simulator and li...,4,4.0
58,/muneeb-mbytes/verilator/wiki,Home · muneeb-mbytes/verilator Wiki,2,2.0
59,/muneeb-mbytes/verilator/wiki/Arrays,Arrays · muneeb-mbytes/verilator Wiki · GitHub,1,1.0
60,/muneeb-mbytes/verilator/wiki/Installation-steps,Installation steps · muneeb-mbytes/verilator Wiki,1,1.0
61,/muneeb-mbytes/verilator/wiki/Introduction,Introduction · muneeb-mbytes/verilator Wiki · GitHub,1,1.0
62,/muneeb-mbytes/verilator/wiki/System-Verilog-Examples,System Verilog Examples · muneeb-mbytes/verilator Wiki,1,1.0
63,/muneeb-mbytes/verilator/wiki/Verilator-Windows-Installation-Procedure,Verilator Windows Installation Procedure · muneeb-mbytes/verilator Wiki,1,1.0
/muneeb-mbytes/verilator/wiki/Installing-Verilator-via-WSL,Installing Verilator via WSL · muneeb-mbytes/verilator Wiki · GitHub,7,6,
/muneeb-mbytes/verilator,muneeb-mbytes/verilator: Verilator open-source SystemVerilog simulator and li...,4,4,
/muneeb-mbytes/verilator/wiki,Home · muneeb-mbytes/verilator Wiki,2,2,
/muneeb-mbytes/verilator/wiki/Arrays,Arrays · muneeb-mbytes/verilator Wiki · GitHub,1,1,
/muneeb-mbytes/verilator/wiki/Installation-steps,Installation steps · muneeb-mbytes/verilator Wiki,1,1,
/muneeb-mbytes/verilator/wiki/Introduction,Introduction · muneeb-mbytes/verilator Wiki · GitHub,1,1,
/muneeb-mbytes/verilator/wiki/System-Verilog-Examples,System Verilog Examples · muneeb-mbytes/verilator Wiki,1,1,
/muneeb-mbytes/verilator/wiki/Verilator-Windows-Installation-Procedure,Verilator Windows Installation Procedure · muneeb-mbytes/verilator Wiki,1,1,
0,/muneeb-mbytes/verilator/wiki/Installing-Verilator-via-WSL,Installing Verilator via WSL · muneeb-mbytes/verilator Wiki · GitHub,7,6.0
1,/muneeb-mbytes/verilator,muneeb-mbytes/verilator: Verilator open-source SystemVerilog simulator and li...,4,4.0
2,/muneeb-mbytes/verilator/wiki,Home · muneeb-mbytes/verilator Wiki,2,2.0
3,/muneeb-mbytes/verilator/wiki/Arrays,Arrays · muneeb-mbytes/verilator Wiki · GitHub,1,1.0
4,/muneeb-mbytes/verilator/wiki/Installation-steps,Installation steps · muneeb-mbytes/verilator Wiki,1,1.0
5,/muneeb-mbytes/verilator/wiki/Introduction,Introduction · muneeb-mbytes/verilator Wiki · GitHub,1,1.0
6,/muneeb-mbytes/verilator/wiki/System-Verilog-Examples,System Verilog Examples · muneeb-mbytes/verilator Wiki,1,1.0
7,/muneeb-mbytes/verilator/wiki/Verilator-Windows-Installation-Procedure,Verilator Windows Installation Procedure · muneeb-mbytes/verilator Wiki,1,1.0
8,/muneeb-mbytes/verilator/wiki/Installing-Verilator-via-WSL,Installing Verilator via WSL · muneeb-mbytes/verilator Wiki · GitHub,7,6.0
9,/muneeb-mbytes/verilator,muneeb-mbytes/verilator: Verilator open-source SystemVerilog simulator and li...,4,4.0
10,/muneeb-mbytes/verilator/wiki,Home · muneeb-mbytes/verilator Wiki,2,2.0
11,/muneeb-mbytes/verilator/wiki/Arrays,Arrays · muneeb-mbytes/verilator Wiki · GitHub,1,1.0
12,/muneeb-mbytes/verilator/wiki/Installation-steps,Installation steps · muneeb-mbytes/verilator Wiki,1,1.0
13,/muneeb-mbytes/verilator/wiki/Introduction,Introduction · muneeb-mbytes/verilator Wiki · GitHub,1,1.0
14,/muneeb-mbytes/verilator/wiki/System-Verilog-Examples,System Verilog Examples · muneeb-mbytes/verilator Wiki,1,1.0
15,/muneeb-mbytes/verilator/wiki/Verilator-Windows-Installation-Procedure,Verilator Windows Installation Procedure · muneeb-mbytes/verilator Wiki,1,1.0
16,/muneeb-mbytes/verilator/wiki/Installing-Verilator-via-WSL,Installing Verilator via WSL · muneeb-mbytes/verilator Wiki · GitHub,7,6.0
17,/muneeb-mbytes/verilator,muneeb-mbytes/verilator: Verilator open-source SystemVerilog simulator and li...,4,4.0
18,/muneeb-mbytes/verilator/wiki,Home · muneeb-mbytes/verilator Wiki,2,2.0
19,/muneeb-mbytes/verilator/wiki/Arrays,Arrays · muneeb-mbytes/verilator Wiki · GitHub,1,1.0
20,/muneeb-mbytes/verilator/wiki/Installation-steps,Installation steps · muneeb-mbytes/verilator Wiki,1,1.0
21,/muneeb-mbytes/verilator/wiki/Introduction,Introduction · muneeb-mbytes/verilator Wiki · GitHub,1,1.0
22,/muneeb-mbytes/verilator/wiki/System-Verilog-Examples,System Verilog Examples · muneeb-mbytes/verilator Wiki,1,1.0
23,/muneeb-mbytes/verilator/wiki/Verilator-Windows-Installation-Procedure,Verilator Windows Installation Procedure · muneeb-mbytes/verilator Wiki,1,1.0
24,/muneeb-mbytes/verilator/wiki/Installing-Verilator-via-WSL,Installing Verilator via WSL · muneeb-mbytes/verilator Wiki · GitHub,7,6.0
25,/muneeb-mbytes/verilator,muneeb-mbytes/verilator: Verilator open-source SystemVerilog simulator and li...,4,4.0
26,/muneeb-mbytes/verilator/wiki,Home · muneeb-mbytes/verilator Wiki,2,2.0
27,/muneeb-mbytes/verilator/wiki/Arrays,Arrays · muneeb-mbytes/verilator Wiki · GitHub,1,1.0
28,/muneeb-mbytes/verilator/wiki/Installation-steps,Installation steps · muneeb-mbytes/verilator Wiki,1,1.0
29,/muneeb-mbytes/verilator/wiki/Introduction,Introduction · muneeb-mbytes/verilator Wiki · GitHub,1,1.0
30,/muneeb-mbytes/verilator/wiki/System-Verilog-Examples,System Verilog Examples · muneeb-mbytes/verilator Wiki,1,1.0
31,/muneeb-mbytes/verilator/wiki/Verilator-Windows-Installation-Procedure,Verilator Windows Installation Procedure · muneeb-mbytes/verilator Wiki,1,1.0
32,/muneeb-mbytes/verilator/wiki/Installing-Verilator-via-WSL,Installing Verilator via WSL · muneeb-mbytes/verilator Wiki · GitHub,7,6.0
33,/muneeb-mbytes/verilator,muneeb-mbytes/verilator: Verilator open-source SystemVerilog simulator and li...,4,4.0
34,/muneeb-mbytes/verilator/wiki,Home · muneeb-mbytes/verilator Wiki,2,2.0
35,/muneeb-mbytes/verilator/wiki/Arrays,Arrays · muneeb-mbytes/verilator Wiki · GitHub,1,1.0
36,/muneeb-mbytes/verilator/wiki/Installation-steps,Installation steps · muneeb-mbytes/verilator Wiki,1,1.0
37,/muneeb-mbytes/verilator/wiki/Introduction,Introduction · muneeb-mbytes/verilator Wiki · GitHub,1,1.0
38,/muneeb-mbytes/verilator/wiki/System-Verilog-Examples,System Verilog Examples · muneeb-mbytes/verilator Wiki,1,1.0
39,/muneeb-mbytes/verilator/wiki/Verilator-Windows-Installation-Procedure,Verilator Windows Installation Procedure · muneeb-mbytes/verilator Wiki,1,1.0
40,/muneeb-mbytes/verilator/wiki/Installing-Verilator-via-WSL,Installing Verilator via WSL · muneeb-mbytes/verilator Wiki · GitHub,7,6.0
41,/muneeb-mbytes/verilator,muneeb-mbytes/verilator: Verilator open-source SystemVerilog simulator and li...,4,4.0
42,/muneeb-mbytes/verilator/wiki,Home · muneeb-mbytes/verilator Wiki,2,2.0
43,/muneeb-mbytes/verilator/wiki/Arrays,Arrays · muneeb-mbytes/verilator Wiki · GitHub,1,1.0
44,/muneeb-mbytes/verilator/wiki/Installation-steps,Installation steps · muneeb-mbytes/verilator Wiki,1,1.0
45,/muneeb-mbytes/verilator/wiki/Introduction,Introduction · muneeb-mbytes/verilator Wiki · GitHub,1,1.0
46,/muneeb-mbytes/verilator/wiki/System-Verilog-Examples,System Verilog Examples · muneeb-mbytes/verilator Wiki,1,1.0
47,/muneeb-mbytes/verilator/wiki/Verilator-Windows-Installation-Procedure,Verilator Windows Installation Procedure · muneeb-mbytes/verilator Wiki,1,1.0
48,/muneeb-mbytes/verilator/wiki/Installing-Verilator-via-WSL,Installing Verilator via WSL · muneeb-mbytes/verilator Wiki · GitHub,7,6.0
49,/muneeb-mbytes/verilator,muneeb-mbytes/verilator: Verilator open-source SystemVerilog simulator and li...,4,4.0
50,/muneeb-mbytes/verilator/wiki,Home · muneeb-mbytes/verilator Wiki,2,2.0
51,/muneeb-mbytes/verilator/wiki/Arrays,Arrays · muneeb-mbytes/verilator Wiki · GitHub,1,1.0
52,/muneeb-mbytes/verilator/wiki/Installation-steps,Installation steps · muneeb-mbytes/verilator Wiki,1,1.0
53,/muneeb-mbytes/verilator/wiki/Introduction,Introduction · muneeb-mbytes/verilator Wiki · GitHub,1,1.0
54,/muneeb-mbytes/verilator/wiki/System-Verilog-Examples,System Verilog Examples · muneeb-mbytes/verilator Wiki,1,1.0
55,/muneeb-mbytes/verilator/wiki/Verilator-Windows-Installation-Procedure,Verilator Windows Installation Procedure · muneeb-mbytes/verilator Wiki,1,1.0
56,/muneeb-mbytes/verilator/wiki/Installing-Verilator-via-WSL,Installing Verilator via WSL · muneeb-mbytes/verilator Wiki · GitHub,7,6.0
57,/muneeb-mbytes/verilator,muneeb-mbytes/verilator: Verilator open-source SystemVerilog simulator and li...,4,4.0
58,/muneeb-mbytes/verilator/wiki,Home · muneeb-mbytes/verilator Wiki,2,2.0
59,/muneeb-mbytes/verilator/wiki/Arrays,Arrays · muneeb-mbytes/verilator Wiki · GitHub,1,1.0
60,/muneeb-mbytes/verilator/wiki/Installation-steps,Installation steps · muneeb-mbytes/verilator Wiki,1,1.0
61,/muneeb-mbytes/verilator/wiki/Introduction,Introduction · muneeb-mbytes/verilator Wiki · GitHub,1,1.0
62,/muneeb-mbytes/verilator/wiki/System-Verilog-Examples,System Verilog Examples · muneeb-mbytes/verilator Wiki,1,1.0
63,/muneeb-mbytes/verilator/wiki/Verilator-Windows-Installation-Procedure,Verilator Windows Installation Procedure · muneeb-mbytes/verilator Wiki,1,1.0
/muneeb-mbytes/verilator/wiki/Installing-Verilator-via-WSL,Installing Verilator via WSL · muneeb-mbytes/verilator Wiki · GitHub,4,3,
/muneeb-mbytes/verilator,muneeb-mbytes/verilator: Verilator open-source SystemVerilog simulator and li...,3,3,
/muneeb-mbytes/verilator/wiki,Home · muneeb-mbytes/verilator Wiki,2,2,
/muneeb-mbytes/verilator/wiki/Arrays,Arrays · muneeb-mbytes/verilator Wiki · GitHub,1,1,
/muneeb-mbytes/verilator/wiki/Introduction,Introduction · muneeb-mbytes/verilator Wiki · GitHub,1,1,
/muneeb-mbytes/verilator/wiki/System-Verilog-Examples,System Verilog Examples · muneeb-mbytes/verilator Wiki,1,1,
/muneeb-mbytes/verilator/wiki/Verilator-Windows-Installation-Procedure,Verilator Windows Installation Procedure · muneeb-mbytes/verilator Wiki,1,1,
0,/muneeb-mbytes/verilator/wiki/Installing-Verilator-via-WSL,Installing Verilator via WSL · muneeb-mbytes/verilator Wiki · GitHub,4,3.0
1,/muneeb-mbytes/verilator,muneeb-mbytes/verilator: Verilator open-source SystemVerilog simulator and li...,3,3.0
2,/muneeb-mbytes/verilator/wiki,Home · muneeb-mbytes/verilator Wiki,2,2.0
3,/muneeb-mbytes/verilator/wiki/Arrays,Arrays · muneeb-mbytes/verilator Wiki · GitHub,1,1.0
4,/muneeb-mbytes/verilator/wiki/Introduction,Introduction · muneeb-mbytes/verilator Wiki · GitHub,1,1.0
5,/muneeb-mbytes/verilator/wiki/System-Verilog-Examples,System Verilog Examples · muneeb-mbytes/verilator Wiki,1,1.0
6,/muneeb-mbytes/verilator/wiki/Verilator-Windows-Installation-Procedure,Verilator Windows Installation Procedure · muneeb-mbytes/verilator Wiki,1,1.0
7,/muneeb-mbytes/verilator/wiki/Installing-Verilator-via-WSL,Installing Verilator via WSL · muneeb-mbytes/verilator Wiki · GitHub,4,3.0
8,/muneeb-mbytes/verilator,muneeb-mbytes/verilator: Verilator open-source SystemVerilog simulator and li...,3,3.0
9,/muneeb-mbytes/verilator/wiki,Home · muneeb-mbytes/verilator Wiki,2,2.0
10,/muneeb-mbytes/verilator/wiki/Arrays,Arrays · muneeb-mbytes/verilator Wiki · GitHub,1,1.0
11,/muneeb-mbytes/verilator/wiki/Introduction,Introduction · muneeb-mbytes/verilator Wiki · GitHub,1,1.0
12,/muneeb-mbytes/verilator/wiki/System-Verilog-Examples,System Verilog Examples · muneeb-mbytes/verilator Wiki,1,1.0
13,/muneeb-mbytes/verilator/wiki/Verilator-Windows-Installation-Procedure,Verilator Windows Installation Procedure · muneeb-mbytes/verilator Wiki,1,1.0
14,/muneeb-mbytes/verilator/wiki/Installing-Verilator-via-WSL,Installing Verilator via WSL · muneeb-mbytes/verilator Wiki · GitHub,4,3.0
15,/muneeb-mbytes/verilator,muneeb-mbytes/verilator: Verilator open-source SystemVerilog simulator and li...,3,3.0
16,/muneeb-mbytes/verilator/wiki,Home · muneeb-mbytes/verilator Wiki,2,2.0
17,/muneeb-mbytes/verilator/wiki/Arrays,Arrays · muneeb-mbytes/verilator Wiki · GitHub,1,1.0
18,/muneeb-mbytes/verilator/wiki/Introduction,Introduction · muneeb-mbytes/verilator Wiki · GitHub,1,1.0
19,/muneeb-mbytes/verilator/wiki/System-Verilog-Examples,System Verilog Examples · muneeb-mbytes/verilator Wiki,1,1.0
20,/muneeb-mbytes/verilator/wiki/Verilator-Windows-Installation-Procedure,Verilator Windows Installation Procedure · muneeb-mbytes/verilator Wiki,1,1.0
21,/muneeb-mbytes/verilator/wiki/Installing-Verilator-via-WSL,Installing Verilator via WSL · muneeb-mbytes/verilator Wiki · GitHub,4,3.0
22,/muneeb-mbytes/verilator,muneeb-mbytes/verilator: Verilator open-source SystemVerilog simulator and li...,3,3.0
23,/muneeb-mbytes/verilator/wiki,Home · muneeb-mbytes/verilator Wiki,2,2.0
24,/muneeb-mbytes/verilator/wiki/Arrays,Arrays · muneeb-mbytes/verilator Wiki · GitHub,1,1.0
25,/muneeb-mbytes/verilator/wiki/Introduction,Introduction · muneeb-mbytes/verilator Wiki · GitHub,1,1.0
26,/muneeb-mbytes/verilator/wiki/System-Verilog-Examples,System Verilog Examples · muneeb-mbytes/verilator Wiki,1,1.0
27,/muneeb-mbytes/verilator/wiki/Verilator-Windows-Installation-Procedure,Verilator Windows Installation Procedure · muneeb-mbytes/verilator Wiki,1,1.0
28,/muneeb-mbytes/verilator/wiki/Installing-Verilator-via-WSL,Installing Verilator via WSL · muneeb-mbytes/verilator Wiki · GitHub,4,3.0
29,/muneeb-mbytes/verilator,muneeb-mbytes/verilator: Verilator open-source SystemVerilog simulator and li...,3,3.0
30,/muneeb-mbytes/verilator/wiki,Home · muneeb-mbytes/verilator Wiki,2,2.0
31,/muneeb-mbytes/verilator/wiki/Arrays,Arrays · muneeb-mbytes/verilator Wiki · GitHub,1,1.0
32,/muneeb-mbytes/verilator/wiki/Introduction,Introduction · muneeb-mbytes/verilator Wiki · GitHub,1,1.0
33,/muneeb-mbytes/verilator/wiki/System-Verilog-Examples,System Verilog Examples · muneeb-mbytes/verilator Wiki,1,1.0
34,/muneeb-mbytes/verilator/wiki/Verilator-Windows-Installation-Procedure,Verilator Windows Installation Procedure · muneeb-mbytes/verilator Wiki,1,1.0
35,/muneeb-mbytes/verilator/wiki/Installing-Verilator-via-WSL,Installing Verilator via WSL · muneeb-mbytes/verilator Wiki · GitHub,4,3.0
36,/muneeb-mbytes/verilator,muneeb-mbytes/verilator: Verilator open-source SystemVerilog simulator and li...,3,3.0
37,/muneeb-mbytes/verilator/wiki,Home · muneeb-mbytes/verilator Wiki,2,2.0
38,/muneeb-mbytes/verilator/wiki/Arrays,Arrays · muneeb-mbytes/verilator Wiki · GitHub,1,1.0
39,/muneeb-mbytes/verilator/wiki/Introduction,Introduction · muneeb-mbytes/verilator Wiki · GitHub,1,1.0
40,/muneeb-mbytes/verilator/wiki/System-Verilog-Examples,System Verilog Examples · muneeb-mbytes/verilator Wiki,1,1.0
41,/muneeb-mbytes/verilator/wiki/Verilator-Windows-Installation-Procedure,Verilator Windows Installation Procedure · muneeb-mbytes/verilator Wiki,1,1.0
42,/muneeb-mbytes/verilator/wiki/Installing-Verilator-via-WSL,Installing Verilator via WSL · muneeb-mbytes/verilator Wiki · GitHub,4,3.0
43,/muneeb-mbytes/verilator,muneeb-mbytes/verilator: Verilator open-source SystemVerilog simulator and li...,3,3.0
44,/muneeb-mbytes/verilator/wiki,Home · muneeb-mbytes/verilator Wiki,2,2.0
45,/muneeb-mbytes/verilator/wiki/Arrays,Arrays · muneeb-mbytes/verilator Wiki · GitHub,1,1.0
46,/muneeb-mbytes/verilator/wiki/Introduction,Introduction · muneeb-mbytes/verilator Wiki · GitHub,1,1.0
47,/muneeb-mbytes/verilator/wiki/System-Verilog-Examples,System Verilog Examples · muneeb-mbytes/verilator Wiki,1,1.0
48,/muneeb-mbytes/verilator/wiki/Verilator-Windows-Installation-Procedure,Verilator Windows Installation Procedure · muneeb-mbytes/verilator Wiki,1,1.0
/muneeb-mbytes/verilator/wiki/Installing-Verilator-via-WSL,Installing Verilator via WSL · muneeb-mbytes/verilator Wiki · GitHub,4,3,
/muneeb-mbytes/verilator,muneeb-mbytes/verilator: Verilator open-source SystemVerilog simulator and li...,3,3,
/muneeb-mbytes/verilator/wiki,Home · muneeb-mbytes/verilator Wiki,2,2,
/muneeb-mbytes/verilator/wiki/Arrays,Arrays · muneeb-mbytes/verilator Wiki · GitHub,1,1,
/muneeb-mbytes/verilator/wiki/Introduction,Introduction · muneeb-mbytes/verilator Wiki · GitHub,1,1,
/muneeb-mbytes/verilator/wiki/System-Verilog-Examples,System Verilog Examples · muneeb-mbytes/verilator Wiki,1,1,
/muneeb-mbytes/verilator/wiki/Verilator-Windows-Installation-Procedure,Verilator Windows Installation Procedure · muneeb-mbytes/verilator Wiki,1,1,
0,/muneeb-mbytes/verilator/wiki/Installing-Verilator-via-WSL,Installing Verilator via WSL · muneeb-mbytes/verilator Wiki · GitHub,4,3.0
1,/muneeb-mbytes/verilator,muneeb-mbytes/verilator: Verilator open-source SystemVerilog simulator and li...,3,3.0
2,/muneeb-mbytes/verilator/wiki,Home · muneeb-mbytes/verilator Wiki,2,2.0
3,/muneeb-mbytes/verilator/wiki/Arrays,Arrays · muneeb-mbytes/verilator Wiki · GitHub,1,1.0
4,/muneeb-mbytes/verilator/wiki/Introduction,Introduction · muneeb-mbytes/verilator Wiki · GitHub,1,1.0
5,/muneeb-mbytes/verilator/wiki/System-Verilog-Examples,System Verilog Examples · muneeb-mbytes/verilator Wiki,1,1.0
6,/muneeb-mbytes/verilator/wiki/Verilator-Windows-Installation-Procedure,Verilator Windows Installation Procedure · muneeb-mbytes/verilator Wiki,1,1.0
7,/muneeb-mbytes/verilator/wiki/Installing-Verilator-via-WSL,Installing Verilator via WSL · muneeb-mbytes/verilator Wiki · GitHub,4,3.0
8,/muneeb-mbytes/verilator,muneeb-mbytes/verilator: Verilator open-source SystemVerilog simulator and li...,3,3.0
9,/muneeb-mbytes/verilator/wiki,Home · muneeb-mbytes/verilator Wiki,2,2.0
10,/muneeb-mbytes/verilator/wiki/Arrays,Arrays · muneeb-mbytes/verilator Wiki · GitHub,1,1.0
11,/muneeb-mbytes/verilator/wiki/Introduction,Introduction · muneeb-mbytes/verilator Wiki · GitHub,1,1.0
12,/muneeb-mbytes/verilator/wiki/System-Verilog-Examples,System Verilog Examples · muneeb-mbytes/verilator Wiki,1,1.0
13,/muneeb-mbytes/verilator/wiki/Verilator-Windows-Installation-Procedure,Verilator Windows Installation Procedure · muneeb-mbytes/verilator Wiki,1,1.0
14,/muneeb-mbytes/verilator/wiki/Installing-Verilator-via-WSL,Installing Verilator via WSL · muneeb-mbytes/verilator Wiki · GitHub,4,3.0
15,/muneeb-mbytes/verilator,muneeb-mbytes/verilator: Verilator open-source SystemVerilog simulator and li...,3,3.0
16,/muneeb-mbytes/verilator/wiki,Home · muneeb-mbytes/verilator Wiki,2,2.0
17,/muneeb-mbytes/verilator/wiki/Arrays,Arrays · muneeb-mbytes/verilator Wiki · GitHub,1,1.0
18,/muneeb-mbytes/verilator/wiki/Introduction,Introduction · muneeb-mbytes/verilator Wiki · GitHub,1,1.0
19,/muneeb-mbytes/verilator/wiki/System-Verilog-Examples,System Verilog Examples · muneeb-mbytes/verilator Wiki,1,1.0
20,/muneeb-mbytes/verilator/wiki/Verilator-Windows-Installation-Procedure,Verilator Windows Installation Procedure · muneeb-mbytes/verilator Wiki,1,1.0
21,/muneeb-mbytes/verilator/wiki/Installing-Verilator-via-WSL,Installing Verilator via WSL · muneeb-mbytes/verilator Wiki · GitHub,4,3.0
22,/muneeb-mbytes/verilator,muneeb-mbytes/verilator: Verilator open-source SystemVerilog simulator and li...,3,3.0
23,/muneeb-mbytes/verilator/wiki,Home · muneeb-mbytes/verilator Wiki,2,2.0
24,/muneeb-mbytes/verilator/wiki/Arrays,Arrays · muneeb-mbytes/verilator Wiki · GitHub,1,1.0
25,/muneeb-mbytes/verilator/wiki/Introduction,Introduction · muneeb-mbytes/verilator Wiki · GitHub,1,1.0
26,/muneeb-mbytes/verilator/wiki/System-Verilog-Examples,System Verilog Examples · muneeb-mbytes/verilator Wiki,1,1.0
27,/muneeb-mbytes/verilator/wiki/Verilator-Windows-Installation-Procedure,Verilator Windows Installation Procedure · muneeb-mbytes/verilator Wiki,1,1.0
28,/muneeb-mbytes/verilator/wiki/Installing-Verilator-via-WSL,Installing Verilator via WSL · muneeb-mbytes/verilator Wiki · GitHub,4,3.0
29,/muneeb-mbytes/verilator,muneeb-mbytes/verilator: Verilator open-source SystemVerilog simulator and li...,3,3.0
30,/muneeb-mbytes/verilator/wiki,Home · muneeb-mbytes/verilator Wiki,2,2.0
31,/muneeb-mbytes/verilator/wiki/Arrays,Arrays · muneeb-mbytes/verilator Wiki · GitHub,1,1.0
32,/muneeb-mbytes/verilator/wiki/Introduction,Introduction · muneeb-mbytes/verilator Wiki · GitHub,1,1.0
33,/muneeb-mbytes/verilator/wiki/System-Verilog-Examples,System Verilog Examples · muneeb-mbytes/verilator Wiki,1,1.0
34,/muneeb-mbytes/verilator/wiki/Verilator-Windows-Installation-Procedure,Verilator Windows Installation Procedure · muneeb-mbytes/verilator Wiki,1,1.0
35,/muneeb-mbytes/verilator/wiki/Installing-Verilator-via-WSL,Installing Verilator via WSL · muneeb-mbytes/verilator Wiki · GitHub,4,3.0
36,/muneeb-mbytes/verilator,muneeb-mbytes/verilator: Verilator open-source SystemVerilog simulator and li...,3,3.0
37,/muneeb-mbytes/verilator/wiki,Home · muneeb-mbytes/verilator Wiki,2,2.0
38,/muneeb-mbytes/verilator/wiki/Arrays,Arrays · muneeb-mbytes/verilator Wiki · GitHub,1,1.0
39,/muneeb-mbytes/verilator/wiki/Introduction,Introduction · muneeb-mbytes/verilator Wiki · GitHub,1,1.0
40,/muneeb-mbytes/verilator/wiki/System-Verilog-Examples,System Verilog Examples · muneeb-mbytes/verilator Wiki,1,1.0
41,/muneeb-mbytes/verilator/wiki/Verilator-Windows-Installation-Procedure,Verilator Windows Installation Procedure · muneeb-mbytes/verilator Wiki,1,1.0
42,/muneeb-mbytes/verilator/wiki/Installing-Verilator-via-WSL,Installing Verilator via WSL · muneeb-mbytes/verilator Wiki · GitHub,4,3.0
43,/muneeb-mbytes/verilator,muneeb-mbytes/verilator: Verilator open-source SystemVerilog simulator and li...,3,3.0
44,/muneeb-mbytes/verilator/wiki,Home · muneeb-mbytes/verilator Wiki,2,2.0
45,/muneeb-mbytes/verilator/wiki/Arrays,Arrays · muneeb-mbytes/verilator Wiki · GitHub,1,1.0
46,/muneeb-mbytes/verilator/wiki/Introduction,Introduction · muneeb-mbytes/verilator Wiki · GitHub,1,1.0
47,/muneeb-mbytes/verilator/wiki/System-Verilog-Examples,System Verilog Examples · muneeb-mbytes/verilator Wiki,1,1.0
48,/muneeb-mbytes/verilator/wiki/Verilator-Windows-Installation-Procedure,Verilator Windows Installation Procedure · muneeb-mbytes/verilator Wiki,1,1.0
/muneeb-mbytes/verilator/wiki/Installing-Verilator-via-WSL,Installing Verilator via WSL · muneeb-mbytes/verilator Wiki · GitHub,4,3,
/muneeb-mbytes/verilator,muneeb-mbytes/verilator: Verilator open-source SystemVerilog simulator and li...,3,3,
/muneeb-mbytes/verilator/wiki,Home · muneeb-mbytes/verilator Wiki,2,2,
/muneeb-mbytes/verilator/wiki/Arrays,Arrays · muneeb-mbytes/verilator Wiki · GitHub,1,1,
/muneeb-mbytes/verilator/wiki/Introduction,Introduction · muneeb-mbytes/verilator Wiki · GitHub,1,1,
/muneeb-mbytes/verilator/wiki/System-Verilog-Examples,System Verilog Examples · muneeb-mbytes/verilator Wiki,1,1,
/muneeb-mbytes/verilator/wiki/Verilator-Windows-Installation-Procedure,Verilator Windows Installation Procedure · muneeb-mbytes/verilator Wiki,1,1,
0,/muneeb-mbytes/verilator/wiki/Installing-Verilator-via-WSL,Installing Verilator via WSL · muneeb-mbytes/verilator Wiki · GitHub,4,3.0
1,/muneeb-mbytes/verilator,muneeb-mbytes/verilator: Verilator open-source SystemVerilog simulator and li...,3,3.0
2,/muneeb-mbytes/verilator/wiki,Home · muneeb-mbytes/verilator Wiki,2,2.0
3,/muneeb-mbytes/verilator/wiki/Arrays,Arrays · muneeb-mbytes/verilator Wiki · GitHub,1,1.0
4,/muneeb-mbytes/verilator/wiki/Introduction,Introduction · muneeb-mbytes/verilator Wiki · GitHub,1,1.0
5,/muneeb-mbytes/verilator/wiki/System-Verilog-Examples,System Verilog Examples · muneeb-mbytes/verilator Wiki,1,1.0
6,/muneeb-mbytes/verilator/wiki/Verilator-Windows-Installation-Procedure,Verilator Windows Installation Procedure · muneeb-mbytes/verilator Wiki,1,1.0
7,/muneeb-mbytes/verilator/wiki/Installing-Verilator-via-WSL,Installing Verilator via WSL · muneeb-mbytes/verilator Wiki · GitHub,4,3.0
8,/muneeb-mbytes/verilator,muneeb-mbytes/verilator: Verilator open-source SystemVerilog simulator and li...,3,3.0
9,/muneeb-mbytes/verilator/wiki,Home · muneeb-mbytes/verilator Wiki,2,2.0
10,/muneeb-mbytes/verilator/wiki/Arrays,Arrays · muneeb-mbytes/verilator Wiki · GitHub,1,1.0
11,/muneeb-mbytes/verilator/wiki/Introduction,Introduction · muneeb-mbytes/verilator Wiki · GitHub,1,1.0
12,/muneeb-mbytes/verilator/wiki/System-Verilog-Examples,System Verilog Examples · muneeb-mbytes/verilator Wiki,1,1.0
13,/muneeb-mbytes/verilator/wiki/Verilator-Windows-Installation-Procedure,Verilator Windows Installation Procedure · muneeb-mbytes/verilator Wiki,1,1.0
14,/muneeb-mbytes/verilator/wiki/Installing-Verilator-via-WSL,Installing Verilator via WSL · muneeb-mbytes/verilator Wiki · GitHub,4,3.0
15,/muneeb-mbytes/verilator,muneeb-mbytes/verilator: Verilator open-source SystemVerilog simulator and li...,3,3.0
16,/muneeb-mbytes/verilator/wiki,Home · muneeb-mbytes/verilator Wiki,2,2.0
17,/muneeb-mbytes/verilator/wiki/Arrays,Arrays · muneeb-mbytes/verilator Wiki · GitHub,1,1.0
18,/muneeb-mbytes/verilator/wiki/Introduction,Introduction · muneeb-mbytes/verilator Wiki · GitHub,1,1.0
19,/muneeb-mbytes/verilator/wiki/System-Verilog-Examples,System Verilog Examples · muneeb-mbytes/verilator Wiki,1,1.0
20,/muneeb-mbytes/verilator/wiki/Verilator-Windows-Installation-Procedure,Verilator Windows Installation Procedure · muneeb-mbytes/verilator Wiki,1,1.0
21,/muneeb-mbytes/verilator/wiki/Installing-Verilator-via-WSL,Installing Verilator via WSL · muneeb-mbytes/verilator Wiki · GitHub,4,3.0
22,/muneeb-mbytes/verilator,muneeb-mbytes/verilator: Verilator open-source SystemVerilog simulator and li...,3,3.0
23,/muneeb-mbytes/verilator/wiki,Home · muneeb-mbytes/verilator Wiki,2,2.0
24,/muneeb-mbytes/verilator/wiki/Arrays,Arrays · muneeb-mbytes/verilator Wiki · GitHub,1,1.0
25,/muneeb-mbytes/verilator/wiki/Introduction,Introduction · muneeb-mbytes/verilator Wiki · GitHub,1,1.0
26,/muneeb-mbytes/verilator/wiki/System-Verilog-Examples,System Verilog Examples · muneeb-mbytes/verilator Wiki,1,1.0
27,/muneeb-mbytes/verilator/wiki/Verilator-Windows-Installation-Procedure,Verilator Windows Installation Procedure · muneeb-mbytes/verilator Wiki,1,1.0
28,/muneeb-mbytes/verilator/wiki/Installing-Verilator-via-WSL,Installing Verilator via WSL · muneeb-mbytes/verilator Wiki · GitHub,4,3.0
29,/muneeb-mbytes/verilator,muneeb-mbytes/verilator: Verilator open-source SystemVerilog simulator and li...,3,3.0
30,/muneeb-mbytes/verilator/wiki,Home · muneeb-mbytes/verilator Wiki,2,2.0
31,/muneeb-mbytes/verilator/wiki/Arrays,Arrays · muneeb-mbytes/verilator Wiki · GitHub,1,1.0
32,/muneeb-mbytes/verilator/wiki/Introduction,Introduction · muneeb-mbytes/verilator Wiki · GitHub,1,1.0
33,/muneeb-mbytes/verilator/wiki/System-Verilog-Examples,System Verilog Examples · muneeb-mbytes/verilator Wiki,1,1.0
34,/muneeb-mbytes/verilator/wiki/Verilator-Windows-Installation-Procedure,Verilator Windows Installation Procedure · muneeb-mbytes/verilator Wiki,1,1.0
35,/muneeb-mbytes/verilator/wiki/Installing-Verilator-via-WSL,Installing Verilator via WSL · muneeb-mbytes/verilator Wiki · GitHub,4,3.0
36,/muneeb-mbytes/verilator,muneeb-mbytes/verilator: Verilator open-source SystemVerilog simulator and li...,3,3.0
37,/muneeb-mbytes/verilator/wiki,Home · muneeb-mbytes/verilator Wiki,2,2.0
38,/muneeb-mbytes/verilator/wiki/Arrays,Arrays · muneeb-mbytes/verilator Wiki · GitHub,1,1.0
39,/muneeb-mbytes/verilator/wiki/Introduction,Introduction · muneeb-mbytes/verilator Wiki · GitHub,1,1.0
40,/muneeb-mbytes/verilator/wiki/System-Verilog-Examples,System Verilog Examples · muneeb-mbytes/verilator Wiki,1,1.0
41,/muneeb-mbytes/verilator/wiki/Verilator-Windows-Installation-Procedure,Verilator Windows Installation Procedure · muneeb-mbytes/verilator Wiki,1,1.0
42,/muneeb-mbytes/verilator/wiki/Installing-Verilator-via-WSL,Installing Verilator via WSL · muneeb-mbytes/verilator Wiki · GitHub,4,3.0
43,/muneeb-mbytes/verilator,muneeb-mbytes/verilator: Verilator open-source SystemVerilog simulator and li...,3,3.0
44,/muneeb-mbytes/verilator/wiki,Home · muneeb-mbytes/verilator Wiki,2,2.0
45,/muneeb-mbytes/verilator/wiki/Arrays,Arrays · muneeb-mbytes/verilator Wiki · GitHub,1,1.0
46,/muneeb-mbytes/verilator/wiki/Introduction,Introduction · muneeb-mbytes/verilator Wiki · GitHub,1,1.0
47,/muneeb-mbytes/verilator/wiki/System-Verilog-Examples,System Verilog Examples · muneeb-mbytes/verilator Wiki,1,1.0
48,/muneeb-mbytes/verilator/wiki/Verilator-Windows-Installation-Procedure,Verilator Windows Installation Procedure · muneeb-mbytes/verilator Wiki,1,1.0
